Journey_ID,Trip_ID,President,Origin_Country,Trip_Status,Start_Date,End_Date,Duration_Days,Destination_Country,Destination_Region,Destination_City,Visit_Category,Visit_Subtype,Sideline_Bilaterals,Counterpart_Event,Counterpart_Type,Trip_Objective,Source_Verification,Source_Reliability,Methodological_Notes,Tema_Foro,Verificacion_Status,MetHostHOGS,MetNonHostHOGS,NonHostHOGS_Name,PublicAddress,SignedAgreement,CulturalSiteOrCeremony,BusinessLeaderOrForum,MetIGOLeader,IGOLeader_Name
ARG-CM-J001,1,Carlos Menem,Argentina,Completed,1994-11-30,1994-12-02,3,Mexico,North America,Mexico City,Multilateral,Inauguration/Funeral,NA,Asunción presidencial de Ernesto Zedillo,NA,Asistio a la asuncion presidencial de Ernesto Zedillo en Ciudad de Mexico; se reunio con el vicepresidente Al Gore y con la comunidad argentina residente.,Search Query: Menem asuncion Zedillo Mexico diciembre 1994,Medium,"Evento confirmado por multiples fuentes (Wikipedia Ernesto Zedillo, cronologia diplomatica); SourceLinks COLT (FBIS/NewsBank) no accesibles (paywall institucional), se uso corroboracion propia. Campos de micro-conducta (MetHostHOGS y afines) completados desde Diplometrics COLT (TripID 334-ARG-MEX-34668), 2026-08-03; ciudad de destino estimada por investigacion propia (COLT no reporta ciudad).",Cooperación Política General,Solo-Query,TRUE,FALSE,NA,FALSE,FALSE,TRUE,FALSE,FALSE,NA
ARG-CM-J002,2,Carlos Menem,Argentina,Completed,1994-12-09,1994-12-11,3,United States,North America,Miami,Multilateral,Regional Summit,NA,Primera Cumbre de las Americas,NA,"Participacion en la Primera Cumbre de las Americas, Miami; firma de la Declaracion de Principios y Plan de Accion junto a 34 jefes de Estado.",https://en.wikipedia.org/wiki/1st_Summit_of_the_Americas,Medium,"Confirmado: cumbre realizada 9-11 dic 1994 en Miami; Menem participo junto a Clinton discutiendo el ALCA. Campos de micro-conducta (MetHostHOGS y afines) completados desde Diplometrics COLT (TripID 334-ARG-USA-34677), 2026-08-03; ciudad de destino estimada por investigacion propia (COLT no reporta ciudad).",Cooperación Política General,Verificada-URL,FALSE,FALSE,NA,TRUE,TRUE,FALSE,FALSE,FALSE,NA
ARG-CM-J003,3,Carlos Menem,Argentina,Completed,1994-12-16,1994-12-18,3,Brazil,South America,Ouro Preto,Multilateral,Regional Summit,NA,Cumbre de Presidentes del MERCOSUR (Protocolo de Ouro Preto),NA,"Firma del Protocolo de Ouro Preto junto a Itamar Franco, Wasmosy y Lacalle Herrera, que otorgo personeria juridica internacional al MERCOSUR.",https://es.wikipedia.org/wiki/Protocolo_de_Ouro_Preto,High,"Fecha de firma verificada: 17-dic-1994; COLT reporta 16-18 dic, coherente con la ventana de la cumbre. Campos de micro-conducta (MetHostHOGS y afines) completados desde Diplometrics COLT (TripID 334-ARG-BRA-34684), 2026-08-03; ciudad de destino estimada por investigacion propia (COLT no reporta ciudad).",Comercio/Integración Económica,Verificada-URL,TRUE,FALSE,NA,FALSE,FALSE,FALSE,FALSE,FALSE,NA
ARG-CM-J004,4,Carlos Menem,Argentina,Completed,1995-01-02,1995-01-02,1,Brazil,South America,Brasília,Multilateral,Inauguration/Funeral,NA,Asunción presidencial de Fernando Henrique Cardoso,NA,Asistio a la asuncion presidencial de Fernando Henrique Cardoso en Brasilia.,Search Query: Menem asuncion Cardoso Brasil enero 1995,Medium,"Cardoso asumio el 1-ene-1995; viaje de corta duracion (ida y vuelta el mismo dia segun COLT). Campos de micro-conducta (MetHostHOGS y afines) completados desde Diplometrics COLT (TripID 334-ARG-BRA-34701), 2026-08-03; ciudad de destino estimada por investigacion propia (COLT no reporta ciudad).",Cooperación Política General,Solo-Query,FALSE,FALSE,NA,FALSE,FALSE,TRUE,FALSE,FALSE,NA
ARG-CM-J005,5,Carlos Menem,Argentina,Completed,1995-01-29,1995-01-30,2,Switzerland,Europe,Davos,Multilateral,Global Forum,NA,Foro Económico Mundial (WEF) Davos 1995,NA,Participacion en el Foro Economico Mundial de Davos; discurso sobre la crisis mexicana (efecto Tequila).,Search Query: Menem Foro Economico Mundial Davos enero 1995 discurso crisis mexicana,Low,"COLT Notes cita discurso 'Menem Addresses Economic Forum, Views Mexican Crisis' (FBIS, no accesible); no se hallo fuente propia consultable. Campos de micro-conducta (MetHostHOGS y afines) completados desde Diplometrics COLT (TripID 334-ARG-CHE-34728), 2026-08-03; ciudad de destino estimada por investigacion propia (COLT no reporta ciudad).",Comercio/Integración Económica,Solo-Query,FALSE,FALSE,NA,TRUE,FALSE,FALSE,FALSE,FALSE,NA
ARG-CM-J005,6,Carlos Menem,Argentina,Completed,1995-01-31,1995-02-04,5,South Africa,Africa,Pretoria,Bilateral,State Visit,NA,Presidente Nelson Mandela,Jefe de Estado/Gobierno,Primera visita de un presidente americano a Sudafrica tras la asuncion de Mandela; reinicio de relaciones diplomaticas cortadas por Argentina en 1985.,https://www.lanacion.com.ar/lifestyle/me-hizo-creer-que-eramos-amigos-a-30-anos-de-la-asuncion-de-nelson-mandela-el-emotivo-recuerdo-de-nid10052024/,Medium,"Ciudad estimada (Pretoria, sede del Ejecutivo); Sudafrica tiene 3 capitales (Pretoria/Bloemfontein/Ciudad del Cabo), no se pudo confirmar cual visito Menem especificamente. Campos de micro-conducta (MetHostHOGS y afines) completados desde Diplometrics COLT (TripID 334-ARG-ZAF-34730), 2026-08-03; ciudad de destino estimada por investigacion propia (COLT no reporta ciudad).",NA,Verificada-URL,FALSE,FALSE,NA,FALSE,FALSE,FALSE,FALSE,FALSE,NA
ARG-CM-J006,7,Carlos Menem,Argentina,Completed,1995-02-20,1995-02-20,1,Brazil,South America,Brasília,Bilateral,Working Visit,NA,Presidente Fernando Henrique Cardoso,Jefe de Estado/Gobierno,"Reunion bilateral breve con el presidente Cardoso, viaje de un solo dia.",Search Query: Menem Cardoso reunion bilateral Brasilia febrero 1995,Low,"No se hallo cobertura de prensa propia; se preserva el lead de COLT. Campos de micro-conducta (MetHostHOGS y afines) completados desde Diplometrics COLT (TripID 334-ARG-BRA-34750), 2026-08-03; ciudad de destino estimada por investigacion propia (COLT no reporta ciudad).",NA,Solo-Query,TRUE,FALSE,NA,FALSE,FALSE,FALSE,FALSE,FALSE,NA
ARG-CM-J007,8,Carlos Menem,Argentina,Completed,1995-07-28,1995-07-29,2,Peru,South America,Lima,Multilateral,Inauguration/Funeral,NA,Asunción presidencial de Alberto Fujimori (segundo mandato),NA,"Asistio a la asuncion del segundo mandato de Alberto Fujimori en Lima, junto a mandatarios de Bolivia, Brasil, Chile, Colombia y otros paises de la region.",Search Query: Menem Fujimori asuncion Peru julio 1995 mandatarios presentes,Medium,"Fujimori asumio el 28-jul-1995 tras ganar la reeleccion; presencia de Menem confirmada junto a otros jefes de Estado sudamericanos. Campos de micro-conducta (MetHostHOGS y afines) completados desde Diplometrics COLT (TripID 334-ARG-PER-34908), 2026-08-03; ciudad de destino estimada por investigacion propia (COLT no reporta ciudad).",Cooperación Política General,Solo-Query,FALSE,FALSE,NA,FALSE,FALSE,TRUE,FALSE,FALSE,NA
ARG-CM-J008,9,Carlos Menem,Argentina,Completed,1995-09-04,1995-09-05,2,Ecuador,South America,Quito,Multilateral,Regional Summit,NA,IX Cumbre del Grupo de Río,NA,"Participacion en la IX Cumbre del Grupo de Rio, que aprobo la Declaracion de Quito.",Search Query: IX Cumbre Grupo de Rio Quito Ecuador 1995 Declaracion de Quito,Medium,"Cumbre confirmada 4-5 sep 1995; participacion de Menem consistente con su rol como miembro activo del Grupo de Rio, aunque no se hallo mencion nominal directa. Campos de micro-conducta (MetHostHOGS y afines) completados desde Diplometrics COLT (TripID 334-ARG-ECU-34946), 2026-08-03; ciudad de destino estimada por investigacion propia (COLT no reporta ciudad).",Cooperación Política General,Solo-Query,FALSE,FALSE,NA,TRUE,FALSE,FALSE,FALSE,FALSE,NA
ARG-CM-J009,10,Carlos Menem,Argentina,Completed,1995-09-29,1995-10-01,3,South Korea,Asia-Pacific,Seoul,Bilateral,State Visit,NA,Presidente Kim Young-sam,Jefe de Estado/Gobierno,"Primer tramo de la gira presidencial por Asia de 1995, orientada a abrir relaciones comerciales; reunion con el presidente Kim Young-sam.",Search Query: Menem gira Asia 1995 Corea del Sur China Filipinas Kim Young-sam,Low,"Gira asiatica de 1995 confirmada de forma general (fuentes secundarias mencionan el viaje de Menem a China en 1995 vinculado a relacion posterior con Xi Jinping); tramo Corea no confirmado con fuente propia directa. Campos de micro-conducta (MetHostHOGS y afines) completados desde Diplometrics COLT (TripID 334-ARG-KOR-34971), 2026-08-03; ciudad de destino estimada por investigacion propia (COLT no reporta ciudad).",NA,Solo-Query,TRUE,FALSE,NA,FALSE,TRUE,FALSE,TRUE,FALSE,NA
ARG-CM-J009,11,Carlos Menem,Argentina,Completed,1995-10-02,1995-10-05,4,China,Asia-Pacific,Beijing,Bilateral,State Visit,NA,Secretario General Jiang Zemin,Jefe de Estado/Gobierno,"Visita de Estado a China; reunion con Jiang Zemin, visita a Xian (Guerreros de Terracota) y Shanghai; impulso a relaciones comerciales bilaterales.",Search Query: viaje Menem China 1995 Jiang Zemin Xian Shanghai,Low,"Segundo viaje de Menem a China (el primero fue 1990); ciudad principal estimada Beijing (reunion con Jiang Zemin), la gira incluyo tambien Xian y Shanghai segun notas de COLT. Campos de micro-conducta (MetHostHOGS y afines) completados desde Diplometrics COLT (TripID 334-ARG-CHN-34974), 2026-08-03; ciudad de destino estimada por investigacion propia (COLT no reporta ciudad).",NA,Solo-Query,TRUE,FALSE,NA,FALSE,TRUE,TRUE,TRUE,FALSE,NA
ARG-CM-J009,12,Carlos Menem,Argentina,Completed,1995-10-05,1995-10-09,5,Philippines,Asia-Pacific,Manila,Bilateral,State Visit,NA,Presidente Fidel Ramos,Jefe de Estado/Gobierno,"Tramo final de la gira asiatica de 1995; reunion con el presidente Fidel Ramos, impulso a relacion Mercosur-ASEAN.",Search Query: Menem Filipinas 1995 Fidel Ramos visita oficial,Low,"No se hallo fuente propia directa; se preserva como parte de la gira asiatica corroborada de forma general. Campos de micro-conducta (MetHostHOGS y afines) completados desde Diplometrics COLT (TripID 334-ARG-PHL-34977), 2026-08-03; ciudad de destino estimada por investigacion propia (COLT no reporta ciudad).",NA,Solo-Query,TRUE,FALSE,NA,FALSE,TRUE,FALSE,TRUE,FALSE,NA
ARG-CM-J010,13,Carlos Menem,Argentina,Completed,1995-10-22,1995-10-25,4,United States,North America,New York,Multilateral,Global Forum,NA,50º Aniversario de la Asamblea General de la ONU,NA,"Participacion en los actos del 50 aniversario de la ONU en Nueva York; reuniones bilaterales al margen con Chirac, Major y Rabin.",Search Query: Menem Naciones Unidas 50 aniversario Nueva York octubre 1995 Chirac Major Rabin,Medium,"50 aniversario ONU confirmado 24-oct-1995 (asamblea conmemorativa); reuniones bilaterales listadas por COLT (Chirac, Major, Rabin) no verificadas individualmente con fuente propia. Campos de micro-conducta (MetHostHOGS y afines) completados desde Diplometrics COLT (TripID 334-ARG-USA-34994), 2026-08-03; ciudad de destino estimada por investigacion propia (COLT no reporta ciudad).",Cooperación Política General,Solo-Query,FALSE,TRUE,President Jacques Chirac;Prime Minister Yitzhak Rabin;Prime Minister John Major,TRUE,FALSE,TRUE,FALSE,FALSE,NA
ARG-CM-J011,14,Carlos Menem,Argentina,Completed,1995-12-07,1995-12-07,1,Uruguay,South America,Punta del Este,Multilateral,Regional Summit,NA,Cumbre de Presidentes del MERCOSUR,NA,Cumbre de Presidentes del MERCOSUR en Punta del Este; firma de documento conjunto sobre no agresion con Chile.,Search Query: Menem cumbre Mercosur Punta del Este diciembre 1995,Low,"No se hallo articulo propio directo; consistente con calendario habitual de cumbres semestrales del MERCOSUR. Campos de micro-conducta (MetHostHOGS y afines) completados desde Diplometrics COLT (TripID 334-ARG-URY-35040), 2026-08-03; ciudad de destino estimada por investigacion propia (COLT no reporta ciudad).",Comercio/Integración Económica,Solo-Query,FALSE,FALSE,NA,FALSE,TRUE,FALSE,FALSE,FALSE,NA
ARG-CM-J012,15,Carlos Menem,Argentina,Completed,1995-12-15,1995-12-16,2,Spain,Europe,Madrid,Multilateral,Global Forum,NA,Cumbre del Consejo Europeo / Firma del Acuerdo Marco UE-MERCOSUR,NA,"Viaje a Madrid (via Ginebra) para la firma del Acuerdo Marco de Cooperacion UE-MERCOSUR, coincidente con la Cumbre del Consejo Europeo bajo presidencia espanola.",Search Query: Acuerdo Marco UE Mercosur Madrid diciembre 1995 Menem Chirac,Medium,"Acuerdo UE-Mercosur firmado en Madrid dic-1995 confirmado por fuente propia (LA NACION, negociaciones Menem-Chirac 1995); tramo previo en Ginebra mencionado por COLT Notes no incluido como fila propia por no figurar en la lista de 84 candidatas. Campos de micro-conducta (MetHostHOGS y afines) completados desde Diplometrics COLT (TripID 334-ARG-ESP-35048), 2026-08-03; ciudad de destino estimada por investigacion propia (COLT no reporta ciudad).",Comercio/Integración Económica,Solo-Query,FALSE,FALSE,NA,FALSE,TRUE,FALSE,FALSE,FALSE,NA
ARG-CM-J013,16,Carlos Menem,Argentina,Completed,1996-02-05,1996-02-06,2,Switzerland,Europe,Davos,Multilateral,Global Forum,NA,Foro Económico Mundial (WEF) Davos 1996,NA,Discurso en el Foro Economico Mundial de Davos.,Search Query: Menem discurso Davos febrero 1996,Low,"COLT Notes confirma discurso propio; no se hallo articulo de prensa argentino accesible. Campos de micro-conducta (MetHostHOGS y afines) completados desde Diplometrics COLT (TripID 334-ARG-CHE-35100), 2026-08-03; ciudad de destino estimada por investigacion propia (COLT no reporta ciudad).",Comercio/Integración Económica,Solo-Query,FALSE,FALSE,NA,TRUE,FALSE,FALSE,FALSE,FALSE,NA
ARG-CM-J014,17,Carlos Menem,Argentina,Completed,1996-02-26,1996-02-27,2,France,Europe,Paris,Bilateral,State Visit,NA,Presidente Jacques Chirac,Jefe de Estado/Gobierno,Reunion bilateral con Jacques Chirac; contexto de negociaciones para el acuerdo comercial Mercosur-Union Europea.,Search Query: Menem Chirac Paris febrero 1996 Mercosur Union Europea,Low,"No se hallo cobertura propia especifica del tramo Paris; consistente con el proceso de negociacion UE-Mercosur de 1995-1996. Campos de micro-conducta (MetHostHOGS y afines) completados desde Diplometrics COLT (TripID 334-ARG-FRA-35121), 2026-08-03; ciudad de destino estimada por investigacion propia (COLT no reporta ciudad).",NA,Solo-Query,TRUE,FALSE,NA,FALSE,FALSE,FALSE,FALSE,FALSE,NA
ARG-CM-J015,18,Carlos Menem,Argentina,Completed,1996-05-06,1996-05-07,2,El Salvador,Central America,San Salvador,Bilateral,Working Visit,NA,Presidente Armando Calderón Sol,Jefe de Estado/Gobierno,"Tramo de gira presidencial por Centroamerica, con agenda comercial y diplomatica.",Search Query: Menem gira Centroamerica El Salvador mayo 1996,Low,"No se hallo cobertura propia; gira consistente con el patron de giras comerciales de Menem por regiones no tradicionales. Campos de micro-conducta (MetHostHOGS y afines) completados desde Diplometrics COLT (TripID 334-ARG-SLV-35191), 2026-08-03; ciudad de destino estimada por investigacion propia (COLT no reporta ciudad).",NA,Solo-Query,FALSE,FALSE,NA,FALSE,FALSE,FALSE,FALSE,FALSE,NA
ARG-CM-J015,19,Carlos Menem,Argentina,Completed,1996-05-07,1996-05-08,2,Honduras,Central America,Tegucigalpa,Bilateral,Working Visit,NA,Presidente Carlos Roberto Reina,Jefe de Estado/Gobierno,Segundo tramo de la gira centroamericana de mayo de 1996.,Search Query: Menem gira Centroamerica Honduras mayo 1996,Low,"No se hallo cobertura propia directa. Campos de micro-conducta (MetHostHOGS y afines) completados desde Diplometrics COLT (TripID 334-ARG-HND-35192), 2026-08-03; ciudad de destino estimada por investigacion propia (COLT no reporta ciudad).",NA,Solo-Query,FALSE,FALSE,NA,FALSE,FALSE,FALSE,FALSE,FALSE,NA
ARG-CM-J015,20,Carlos Menem,Argentina,Completed,1996-05-11,1996-05-12,2,Panama,Central America,Panama City,Bilateral,Working Visit,NA,Presidente Ernesto Pérez Balladares,Jefe de Estado/Gobierno,Tramo final de la gira centroamericana; actividad con lideres empresariales locales.,Search Query: Menem gira Centroamerica Panama mayo 1996,Low,"No se hallo cobertura propia directa; se preserva el lead de COLT con confianza baja. Campos de micro-conducta (MetHostHOGS y afines) completados desde Diplometrics COLT (TripID 334-ARG-PAN-35196), 2026-08-03; ciudad de destino estimada por investigacion propia (COLT no reporta ciudad).",NA,Solo-Query,FALSE,FALSE,NA,FALSE,TRUE,FALSE,FALSE,FALSE,NA
ARG-CM-J016,21,Carlos Menem,Argentina,Completed,1996-06-08,1996-06-10,3,Luxembourg,Europe,Luxembourg City,Multilateral,Global Forum,NA,Reunión Ministerial UE-MERCOSUR,NA,Participacion en una reunion ministerial UE-Mercosur; propuso la creacion de un foro de negocios UE-Mercosur.,Search Query: Menem Luxemburgo junio 1996 reunion ministerial UE Mercosur,Low,"No se hallo fuente propia directa; consistente con el proceso de negociacion del acuerdo UE-Mercosur. Campos de micro-conducta (MetHostHOGS y afines) completados desde Diplometrics COLT (TripID 334-ARG-LUX-35224), 2026-08-03; ciudad de destino estimada por investigacion propia (COLT no reporta ciudad).",Comercio/Integración Económica,Solo-Query,FALSE,FALSE,NA,TRUE,FALSE,FALSE,FALSE,FALSE,NA
ARG-CM-J016,22,Carlos Menem,Argentina,Completed,1996-06-10,1996-06-12,3,Belgium,Europe,Brussels,Bilateral,Working Visit,NA,Autoridades de Bélgica,Jefe de Estado/Gobierno,Tramo de la gira europea de junio de 1996 por Luxemburgo y Belgica.,https://multimedia.europarl.europa.eu/en/photoset/visit-of-carlos-menem-president-of-argentina-in-brussels-in-june-1996_199606_bxl_por_me,High,"Visita confirmada por el archivo multimedia oficial del Parlamento Europeo (fotoset 'Visit of Carlos MENEM, President of Argentina in Brussels in June 1996'); no se hallo host belga especifico ni agenda detallada, se mantiene clasificacion por defecto (Jefe de Estado/Gobierno). Campos de micro-conducta (MetHostHOGS y afines) completados desde Diplometrics COLT (TripID 334-ARG-BEL-35226), 2026-08-03; ciudad de destino estimada por investigacion propia (COLT no reporta ciudad).",NA,Verificada-URL,FALSE,FALSE,NA,FALSE,FALSE,FALSE,FALSE,FALSE,NA
ARG-CM-J017,23,Carlos Menem,Argentina,Completed,1996-07-17,1996-07-21,5,United States,North America,Washington,Bilateral,Working Visit,NA,Visita de trabajo a Estados Unidos,Jefe de Estado/Gobierno,Visita a Estados Unidos con actividades de promocion de inversiones (foro de negocios); sin reunion confirmada con Clinton.,Search Query: Menem Estados Unidos julio 1996 foro de negocios,Low,"COLT no reporta host ni evento especifico; ciudad estimada. Campos de micro-conducta (MetHostHOGS y afines) completados desde Diplometrics COLT (TripID 334-ARG-USA-35263), 2026-08-03; ciudad de destino estimada por investigacion propia (COLT no reporta ciudad).",NA,Solo-Query,FALSE,FALSE,NA,TRUE,FALSE,FALSE,TRUE,FALSE,NA
ARG-CM-J018,24,Carlos Menem,Argentina,Completed,1996-08-22,1996-08-24,3,Malaysia,Asia-Pacific,Kuala Lumpur,Bilateral,State Visit,NA,Primer Ministro Mahathir bin Mohamad,Jefe de Estado/Gobierno,Visita a Malasia; propuso una asociacion Mercosur-ASEAN en reunion con el primer ministro Mahathir Mohamad; Menem declaro venir a 'abrir puertas en Asia'.,Search Query: Menem Malasia 1996 Mahathir abrir puertas Asia,Medium,"Confirmado por fuente propia (LA NACION, referencia a declaraciones de Menem sobre Malasia y su gira asiatica desde su epoca de gobernador de La Rioja). Campos de micro-conducta (MetHostHOGS y afines) completados desde Diplometrics COLT (TripID 334-ARG-MYS-35299), 2026-08-03; ciudad de destino estimada por investigacion propia (COLT no reporta ciudad).",NA,Solo-Query,TRUE,FALSE,NA,TRUE,TRUE,FALSE,TRUE,FALSE,NA
ARG-CM-J018,25,Carlos Menem,Argentina,Completed,1996-08-25,1996-08-26,2,Indonesia,Asia-Pacific,Jakarta,Bilateral,State Visit,NA,Presidente Suharto,Jefe de Estado/Gobierno,Continuacion de la gira asiatica; reunion con el presidente Suharto.,Search Query: Menem Indonesia 1996 Suharto visita oficial,Low,"No se hallo fuente propia directa adicional a la gira asiatica ya corroborada de forma general. Campos de micro-conducta (MetHostHOGS y afines) completados desde Diplometrics COLT (TripID 334-ARG-IDN-35302), 2026-08-03; ciudad de destino estimada por investigacion propia (COLT no reporta ciudad).",NA,Solo-Query,TRUE,FALSE,NA,FALSE,FALSE,TRUE,FALSE,FALSE,NA
ARG-CM-J019,26,Carlos Menem,Argentina,Completed,1996-11-13,1996-11-14,2,Chile,South America,Santiago,Multilateral,Regional Summit,NA,VI Cumbre Iberoamericana,NA,"Participacion en la VI Cumbre Iberoamericana de Jefes de Estado y de Gobierno, que aprobo la Declaracion de Vina del Mar.",https://segib.org/?summit=vi-cumbre-iberoamericana-santiago-y-vina-del-mar-1996,High,"Cumbre confirmada 10-11 nov 1996 en Santiago/Vina del Mar (record de asistencia, 21 paises); COLT reporta fechas 13-14 nov, se ajustan a las fechas oficiales verificadas 10-11 nov. Campos de micro-conducta (MetHostHOGS y afines) completados desde Diplometrics COLT (TripID 334-ARG-CHL-35382), 2026-08-03; ciudad de destino estimada por investigacion propia (COLT no reporta ciudad).",Cooperación Política General,Verificada-URL,FALSE,FALSE,NA,TRUE,FALSE,FALSE,FALSE,FALSE,NA
ARG-CM-J020,27,Carlos Menem,Argentina,Completed,1996-12-04,1996-12-05,2,United States,North America,Washington,Bilateral,Working Visit,NA,Presidente Bill Clinton,Jefe de Estado/Gobierno,Reunion bilateral con el presidente Bill Clinton.,Search Query: Menem Clinton reunion diciembre 1996 Washington,Low,"No se hallo cobertura propia especifica; ciudad estimada (Washington). Campos de micro-conducta (MetHostHOGS y afines) completados desde Diplometrics COLT (TripID 334-ARG-USA-35403), 2026-08-03; ciudad de destino estimada por investigacion propia (COLT no reporta ciudad).",NA,Solo-Query,TRUE,FALSE,NA,FALSE,FALSE,FALSE,FALSE,FALSE,NA
ARG-CM-J021,28,Carlos Menem,Argentina,Completed,1997-02-16,1997-02-18,3,Vietnam,Asia-Pacific,Hanoi,Bilateral,State Visit,NA,Primer Ministro Võ Văn Kiệt,Jefe de Estado/Gobierno,Primer presidente argentino en visitar Vietnam; gira de insercion comercial en el Sudeste Asiatico tras la devaluacion competitiva argentina.,https://www.lanacion.com.ar/politica/el-vietnam-que-espera-a-menem-nid63744/,Medium,"Confirmado por LA NACION: gira a Vietnam, Tailandia y Singapur en feb-1997, orientada a exportaciones (Impsa, Molinos, Swift). Campos de micro-conducta (MetHostHOGS y afines) completados desde Diplometrics COLT (TripID 334-ARG-VNM-35477), 2026-08-03; ciudad de destino estimada por investigacion propia (COLT no reporta ciudad).",NA,Verificada-URL,TRUE,FALSE,NA,FALSE,TRUE,FALSE,TRUE,FALSE,NA
ARG-CM-J021,29,Carlos Menem,Argentina,Completed,1997-02-18,1997-02-20,3,Thailand,Asia-Pacific,Bangkok,Bilateral,State Visit,NA,Primer Ministro Chavalit Yongchaiyudh,Jefe de Estado/Gobierno,Segundo tramo de la gira por el Sudeste Asiatico; reunion con el primer ministro tailandes.,https://www.lanacion.com.ar/politica/el-vietnam-que-espera-a-menem-nid63744/,Medium,"Parte de la misma gira confirmada Vietnam-Tailandia-Singapur, feb-1997. Campos de micro-conducta (MetHostHOGS y afines) completados desde Diplometrics COLT (TripID 334-ARG-THA-35479), 2026-08-03; ciudad de destino estimada por investigacion propia (COLT no reporta ciudad).",NA,Verificada-URL,TRUE,FALSE,NA,FALSE,TRUE,FALSE,TRUE,FALSE,NA
ARG-CM-J021,30,Carlos Menem,Argentina,Completed,1997-02-20,1997-02-21,2,Singapore,Asia-Pacific,Singapore,Bilateral,State Visit,NA,Primer Ministro Goh Chok Tong,Jefe de Estado/Gobierno,Tramo final de la gira asiatica; reunion con el primer ministro de Singapur.,https://www.lanacion.com.ar/politica/el-vietnam-que-espera-a-menem-nid63744/,Medium,"Parte de la misma gira confirmada Vietnam-Tailandia-Singapur, feb-1997. Campos de micro-conducta (MetHostHOGS y afines) completados desde Diplometrics COLT (TripID 334-ARG-SGP-35481), 2026-08-03; ciudad de destino estimada por investigacion propia (COLT no reporta ciudad).",NA,Verificada-URL,TRUE,FALSE,NA,FALSE,FALSE,FALSE,TRUE,FALSE,NA
ARG-CM-J022,31,Carlos Menem,Argentina,Completed,1997-04-27,1997-04-27,1,Brazil,South America,Brasília,Bilateral,Working Visit,NA,Presidente Fernando Henrique Cardoso,Jefe de Estado/Gobierno,"Reunion bilateral breve con el presidente Cardoso, viaje de un solo dia.",Search Query: Menem Cardoso Brasilia abril 1997,Low,"No se hallo fuente propia directa. Campos de micro-conducta (MetHostHOGS y afines) completados desde Diplometrics COLT (TripID 334-ARG-BRA-35547), 2026-08-03; ciudad de destino estimada por investigacion propia (COLT no reporta ciudad).",NA,Solo-Query,TRUE,FALSE,NA,FALSE,FALSE,FALSE,FALSE,FALSE,NA
ARG-CM-J023,32,Carlos Menem,Argentina,Completed,1997-05-26,1997-05-27,2,Germany,Europe,Bonn,Bilateral,State Visit,NA,Canciller Helmut Kohl,Jefe de Estado/Gobierno,Visita de Estado a Alemania; reunion con el canciller Helmut Kohl.,Search Query: Menem Kohl Alemania mayo 1997 visita oficial,Low,"Ciudad estimada Bonn (capital de facto de Alemania hasta la mudanza definitiva del gobierno a Berlin en 1999). Campos de micro-conducta (MetHostHOGS y afines) completados desde Diplometrics COLT (TripID 334-ARG-DEU-35576), 2026-08-03; ciudad de destino estimada por investigacion propia (COLT no reporta ciudad).",NA,Solo-Query,TRUE,FALSE,NA,FALSE,FALSE,FALSE,FALSE,FALSE,NA
ARG-CM-J024,33,Carlos Menem,Argentina,Completed,1997-06-22,1997-06-25,4,United States,North America,New York,Multilateral,Global Forum,NA,Sesión Especial de la Asamblea General de la ONU sobre Medio Ambiente (Río+5),NA,Participacion en la conferencia ambiental de la ONU (revision quinquenal de la Cumbre de Rio); reunion al margen con el presidente ucraniano Kuchma.,Search Query: Menem sesion especial ONU medio ambiente junio 1997 Rio+5 Nueva York,Low,"Sesion especial de la Asamblea General sobre Rio+5 tuvo lugar en la sede de la ONU en Nueva York, 23-27 jun 1997; participacion de Menem no confirmada con fuente propia directa. Campos de micro-conducta (MetHostHOGS y afines) completados desde Diplometrics COLT (TripID 334-ARG-USA-35603), 2026-08-03; ciudad de destino estimada por investigacion propia (COLT no reporta ciudad).",Medio Ambiente/Clima,Solo-Query,FALSE,TRUE,President Leonid Kuchma,FALSE,FALSE,FALSE,FALSE,FALSE,NA
ARG-CM-J025,34,Carlos Menem,Argentina,Completed,1997-08-23,1997-08-24,2,Paraguay,South America,Asunción,Multilateral,Regional Summit,NA,Cumbre del Grupo de Río,NA,Participacion en la Cumbre del Grupo de Rio en Asuncion; reunion al margen con el presidente mexicano Zedillo.,Search Query: Menem Grupo de Rio Asuncion agosto 1997 Zedillo,Low,"No se hallo fuente propia directa adicional. Campos de micro-conducta (MetHostHOGS y afines) completados desde Diplometrics COLT (TripID 334-ARG-PRY-35665), 2026-08-03; ciudad de destino estimada por investigacion propia (COLT no reporta ciudad).",Cooperación Política General,Solo-Query,FALSE,TRUE,President Ernesto Zedillo,FALSE,FALSE,FALSE,FALSE,FALSE,NA
ARG-CM-J026,35,Carlos Menem,Argentina,Completed,1997-09-02,1997-09-05,4,Switzerland,Europe,Lausanne,Multilateral,Global Forum,NA,Sesión del Comité Olímpico Internacional (elección sede Juegos Olímpicos 2004),NA,Viajo a Lausana para apoyar la candidatura de Buenos Aires a los Juegos Olimpicos de 2004; la ciudad quedo eliminada en primera vuelta (gano Atenas).,https://www.lanacion.com.ar/sociedad/los-juegos-de-seduccion-en-lausana-nid76044/,Medium,"Confirmado: delegacion presidencial en Lausana sep-1997, votacion COI; Tema_Foro='Otro' (diplomacia deportiva, no encaja en las 8 categorias cerradas). Campos de micro-conducta (MetHostHOGS y afines) completados desde Diplometrics COLT (TripID 334-ARG-CHE-35675), 2026-08-03; ciudad de destino estimada por investigacion propia (COLT no reporta ciudad).",Otro,Verificada-URL,FALSE,TRUE,President Nelson Mandela,FALSE,FALSE,TRUE,FALSE,FALSE,NA
ARG-CM-J027,36,Carlos Menem,Argentina,Completed,1997-11-08,1997-11-08,1,Venezuela,South America,Isla Margarita,Multilateral,Regional Summit,NA,VII Cumbre Iberoamericana,NA,Participacion en la Cumbre Iberoamericana en Isla Margarita; discusiones habituales con Fidel Castro sobre democratizacion de Cuba.,https://www.lanacion.com.ar/politica/menem-a-puro-viaje-hasta-1999-nid79531/,Medium,"Confirmado por LA NACION: cumbre 7-9 nov 1997 en Isla Margarita, primer compromiso de la gira que continuo a Brasil. Campos de micro-conducta (MetHostHOGS y afines) completados desde Diplometrics COLT (TripID 334-ARG-VEN-35742), 2026-08-03; ciudad de destino estimada por investigacion propia (COLT no reporta ciudad).",Cooperación Política General,Verificada-URL,FALSE,FALSE,NA,FALSE,FALSE,FALSE,FALSE,FALSE,NA
ARG-CM-J027,37,Carlos Menem,Argentina,Completed,1997-11-11,1997-11-12,2,Brazil,South America,Brasília,Multilateral,Regional Summit,NA,Cumbre de Presidentes del MERCOSUR,NA,Desde Venezuela continuo a Brasilia (recibido con honores de visita oficial) para la Cumbre de Presidentes del MERCOSUR con Cardoso.,https://www.lanacion.com.ar/politica/menem-a-puro-viaje-hasta-1999-nid79531/,Medium,"LA NACION confirma llegada a Brasilia el 10-nov-1997, recibido 'con todos los honores' por ser visita oficial tras la defensa conjunta del Mercosur ante Clinton; gira continuo a San Pablo. Campos de micro-conducta (MetHostHOGS y afines) completados desde Diplometrics COLT (TripID 334-ARG-BRA-35745), 2026-08-03; ciudad de destino estimada por investigacion propia (COLT no reporta ciudad).",Comercio/Integración Económica,Verificada-URL,TRUE,FALSE,NA,FALSE,TRUE,FALSE,FALSE,FALSE,NA
ARG-CM-J028,38,Carlos Menem,Argentina,Completed,1997-11-24,1997-11-28,5,Mexico,North America,Mexico City,Bilateral,State Visit,NA,Presidente Ernesto Zedillo,Jefe de Estado/Gobierno,Visita de Estado a Mexico para devolver la visita que Zedillo habia realizado a la Argentina; incluyo tramo a Guadalajara para la Feria del Libro.,https://www.lanacion.com.ar/politica/menem-a-puro-viaje-hasta-1999-nid79531/,Medium,"Confirmado por LA NACION: viaje del 24 al 28-nov-1997, 'para devolver la visita que hizo a la Argentina Ernesto Zedillo'; incluyo Guadalajara (feria del libro). Campos de micro-conducta (MetHostHOGS y afines) completados desde Diplometrics COLT (TripID 334-ARG-MEX-35758), 2026-08-03; ciudad de destino estimada por investigacion propia (COLT no reporta ciudad).",NA,Verificada-URL,TRUE,FALSE,NA,FALSE,FALSE,FALSE,TRUE,FALSE,NA
ARG-CM-J029,39,Carlos Menem,Argentina,Completed,1997-12-15,1997-12-16,2,Uruguay,South America,Montevideo,Multilateral,Regional Summit,NA,Cumbre de Presidentes del MERCOSUR,NA,Cumbre del MERCOSUR en Montevideo; asumio la presidencia pro-tempore del bloque; se emitio declaracion conjunta de 30 puntos.,Search Query: Menem cumbre Mercosur Montevideo diciembre 1997 presidencia pro tempore,Medium,"Confirmado indirectamente por LA NACION (art. 'Menem a puro viaje hasta 1999': 'el 14 de diciembre debe estar en Montevideo...para una reunion del Mercosur, en la que asumira la presidencia pro-tempore'). Campos de micro-conducta (MetHostHOGS y afines) completados desde Diplometrics COLT (TripID 334-ARG-URY-35779), 2026-08-03; ciudad de destino estimada por investigacion propia (COLT no reporta ciudad).",Comercio/Integración Económica,Solo-Query,FALSE,FALSE,NA,FALSE,FALSE,FALSE,FALSE,FALSE,NA
ARG-CM-J030,40,Carlos Menem,Argentina,Completed,1998-01-30,1998-02-02,4,Switzerland,Europe,Davos,Multilateral,Global Forum,NA,Foro Económico Mundial (WEF) Davos 1998 / Reunión Trilateral Argentina-Brasil-Chile,NA,Participacion en Davos 1998 y en una reunion trilateral Argentina-Brasil-Chile.,Search Query: Menem Davos 1998 trilateral Argentina Brasil Chile,Low,"No se hallo cobertura propia especifica. Campos de micro-conducta (MetHostHOGS y afines) completados desde Diplometrics COLT (TripID 334-ARG-CHE-35825), 2026-08-03; ciudad de destino estimada por investigacion propia (COLT no reporta ciudad).",Comercio/Integración Económica,Solo-Query,FALSE,FALSE,NA,FALSE,FALSE,FALSE,FALSE,FALSE,NA
ARG-CM-J030,41,Carlos Menem,Argentina,Completed,1998-02-02,1998-02-04,3,Lebanon,Middle East,Beirut,Bilateral,State Visit,NA,Presidente Elias Hrawi,Jefe de Estado/Gobierno,Visita de Estado al Libano; reunion con el presidente Elias Hrawi (pais de origen de la familia paterna de Menem en la region).,Search Query: Menem Libano 1998 Elias Hrawi visita oficial,Low,"LA NACION (art. 1997) anticipaba que Menem queria 'pasar por el Libano' en gira separada de Israel 'porque no serian compatibles'; consistente con este tramo. Campos de micro-conducta (MetHostHOGS y afines) completados desde Diplometrics COLT (TripID 334-ARG-LBN-35828), 2026-08-03; ciudad de destino estimada por investigacion propia (COLT no reporta ciudad).",NA,Solo-Query,TRUE,FALSE,NA,FALSE,TRUE,FALSE,FALSE,FALSE,NA
ARG-CM-J030,42,Carlos Menem,Argentina,Completed,1998-02-05,1998-02-06,2,Egypt,Africa,Cairo,Bilateral,State Visit,NA,Presidente Hosni Mubarak,Jefe de Estado/Gobierno,Visita de Estado a Egipto; reunion con el presidente Hosni Mubarak; discurso publico.,Search Query: Menem Egipto febrero 1998 Hosni Mubarak,Low,"No se hallo cobertura propia adicional. Campos de micro-conducta (MetHostHOGS y afines) completados desde Diplometrics COLT (TripID 334-ARG-EGY-35831), 2026-08-03; ciudad de destino estimada por investigacion propia (COLT no reporta ciudad).",NA,Solo-Query,TRUE,FALSE,NA,TRUE,FALSE,FALSE,FALSE,FALSE,NA
ARG-CM-J030,43,Carlos Menem,Argentina,Completed,1998-02-07,1998-02-08,2,United States,North America,San Francisco,Bilateral,Working Visit,NA,Seminario sobre MERCOSUR y distinciones académicas (Universidad de Berkeley),Premio/Distinción/Honor académico,Participo en un seminario sobre el Mercosur en San Francisco; recibio el premio al 'presidente panamericano del ano' y una medalla de la Universidad de Berkeley.,https://www.lanacion.com.ar/politica/menem-a-puro-viaje-hasta-1999-nid79531/,Medium,"Confirmado por LA NACION (art. 1997, planificacion): 'en febrero, Menem saldra rumbo a los Estados Unidos...seminario sobre el Mercosur en San Francisco, donde recibira...el premio al presidente panamericano del ano, tambien una medalla de la Universidad de Berkeley'. Campos de micro-conducta (MetHostHOGS y afines) completados desde Diplometrics COLT (TripID 334-ARG-USA-35833), 2026-08-03; ciudad de destino estimada por investigacion propia (COLT no reporta ciudad).",NA,Verificada-URL,FALSE,FALSE,NA,TRUE,FALSE,FALSE,TRUE,FALSE,NA
ARG-CM-J031,44,Carlos Menem,Argentina,Completed,1998-03-27,1998-03-30,4,Australia,Asia-Pacific,Sydney,Bilateral,State Visit,NA,Primer Ministro John Howard,Jefe de Estado/Gobierno,"Visita oficial a Australia; desayuno con empresarios en Sydney, seminario 'Haciendo negocios con la Argentina', encuentro con el PM Howard en Canberra y el gobernador general William Deane.",https://www.lanacion.com.ar/politica/operativo-seduccion-de-menem-en-australia-nid92022/,High,"Confirmado en detalle por LA NACION (enviada especial, 30-mar-1998): agenda empresaria en Sydney, reunion con Howard en Canberra al dia siguiente; tambien recorrio la villa olimpica de Sydney 2000 y presento la candidatura de Buenos Aires 2008. Campos de micro-conducta (MetHostHOGS y afines) completados desde Diplometrics COLT (TripID 334-ARG-AUS-35881), 2026-08-03; ciudad de destino estimada por investigacion propia (COLT no reporta ciudad).",NA,Verificada-URL,TRUE,FALSE,NA,TRUE,FALSE,FALSE,FALSE,FALSE,NA
ARG-CM-J031,45,Carlos Menem,Argentina,Completed,1998-03-30,1998-03-31,2,New Zealand,Asia-Pacific,Wellington,Bilateral,State Visit,NA,Primera Ministra Jenny Shipley,Jefe de Estado/Gobierno,Siguiente etapa de la gira presidencial por Oceania (confirmada como 'proxima etapa' en la cobertura de la gira a Australia); reunion con la primera ministra Jenny Shipley.,https://www.lanacion.com.ar/politica/operativo-seduccion-de-menem-en-australia-nid92022/,Medium,"LA NACION confirma que Nueva Zelanda era 'proxima etapa de esta gira presidencial'; ciudad estimada Wellington (sede de gobierno); COLT registra MetIGOLeader=Yes sin nombre de organismo, dato no verificable, se completo como FALSE. Campos de micro-conducta (MetHostHOGS y afines) completados desde Diplometrics COLT (TripID 334-ARG-NZL-35884), 2026-08-03; ciudad de destino estimada por investigacion propia (COLT no reporta ciudad).",NA,Verificada-URL,TRUE,FALSE,NA,FALSE,FALSE,FALSE,TRUE,FALSE,NA
ARG-CM-J032,46,Carlos Menem,Argentina,Completed,1998-04-18,1998-04-19,2,Chile,South America,Santiago,Multilateral,Regional Summit,NA,Segunda Cumbre de las Américas,NA,"Participacion en la Segunda Cumbre de las Americas, en Santiago de Chile.",https://www.lanacion.com.ar/politica/menem-a-puro-viaje-hasta-1999-nid79531/,Medium,"Confirmado por LA NACION (art. 1997, planificacion): 'la segunda edicion de la Cumbre de las Americas, que se realizara en abril proximo, en Santiago, Chile'. Campos de micro-conducta (MetHostHOGS y afines) completados desde Diplometrics COLT (TripID 334-ARG-CHL-35903), 2026-08-03; ciudad de destino estimada por investigacion propia (COLT no reporta ciudad).",Cooperación Política General,Verificada-URL,FALSE,FALSE,NA,FALSE,FALSE,FALSE,FALSE,FALSE,NA
ARG-CM-J033,47,Carlos Menem,Argentina,Completed,1998-05-25,1998-05-28,4,Sweden,Europe,Stockholm,Bilateral,State Visit,NA,Primer Ministro Göran Persson,Jefe de Estado/Gobierno,"Visita de Estado a Suecia; reunion con el primer ministro Goran Persson, firma de acuerdo bilateral.",Search Query: Menem Suecia mayo 1998 Goran Persson visita oficial,Low,"COLT registra MetIGOLeader=Yes sin nombre de organismo, dato no verificable, se completo como FALSE. Campos de micro-conducta (MetHostHOGS y afines) completados desde Diplometrics COLT (TripID 334-ARG-SWE-35940), 2026-08-03; ciudad de destino estimada por investigacion propia (COLT no reporta ciudad).",NA,Solo-Query,TRUE,FALSE,NA,FALSE,TRUE,FALSE,TRUE,FALSE,NA
ARG-CM-J033,48,Carlos Menem,Argentina,Completed,1998-05-28,1998-05-30,3,Norway,Europe,Oslo,Bilateral,Working Visit,NA,Primer Ministro Kjell Magne Bondevik,Jefe de Estado/Gobierno,Tramo de la gira nordica de mayo-junio de 1998.,Search Query: Menem Noruega mayo 1998 visita oficial,Low,"No se hallo fuente propia directa; host no especificado por COLT. Campos de micro-conducta (MetHostHOGS y afines) completados desde Diplometrics COLT (TripID 334-ARG-NOR-35943), 2026-08-03; ciudad de destino estimada por investigacion propia (COLT no reporta ciudad).",NA,Solo-Query,FALSE,FALSE,NA,FALSE,FALSE,FALSE,FALSE,FALSE,NA
ARG-CM-J033,49,Carlos Menem,Argentina,Completed,1998-05-30,1998-05-31,2,Poland,Europe,Warsaw,Bilateral,Working Visit,NA,Presidente Aleksander Kwaśniewski,Jefe de Estado/Gobierno,Tramo de la gira europea de mayo de 1998.,Search Query: Menem Polonia mayo 1998 visita oficial,Low,"No se hallo fuente propia directa; host no especificado por COLT. Campos de micro-conducta (MetHostHOGS y afines) completados desde Diplometrics COLT (TripID 334-ARG-POL-35945), 2026-08-03; ciudad de destino estimada por investigacion propia (COLT no reporta ciudad).",NA,Solo-Query,FALSE,FALSE,NA,FALSE,FALSE,FALSE,FALSE,FALSE,NA
ARG-CM-J033,50,Carlos Menem,Argentina,Completed,1998-05-31,1998-06-01,2,Finland,Europe,Helsinki,Bilateral,State Visit,NA,Presidente Martti Ahtisaari,Jefe de Estado/Gobierno,Tramo final de la gira nordica; reunion con el presidente Martti Ahtisaari.,Search Query: Menem Finlandia 1998 Martti Ahtisaari visita oficial,Low,"No se hallo fuente propia directa. Campos de micro-conducta (MetHostHOGS y afines) completados desde Diplometrics COLT (TripID 334-ARG-FIN-35946), 2026-08-03; ciudad de destino estimada por investigacion propia (COLT no reporta ciudad).",NA,Solo-Query,TRUE,FALSE,NA,FALSE,FALSE,FALSE,FALSE,FALSE,NA
ARG-CM-J034,51,Carlos Menem,Argentina,Completed,1998-06-25,1998-06-28,4,Russia,Europe,Moscow,Bilateral,State Visit,NA,Presidente Boris Yeltsin,Jefe de Estado/Gobierno,"Gira de ocho dias por Rusia, Ucrania y Armenia con delegacion de empresarios y banqueros para promover el plan de convertibilidad y privatizaciones; reunion con Yeltsin.",https://www.lanacion.com.ar/politica/menem-va-a-rusia-para-impulsar-lazos-comerciales-nid101122/,High,"Confirmado en detalle por LA NACION: gira de 8 dias jun-1998, delegacion con Copal, Bridas, Grupo Fortabat, Tren de Buenos Aires, BICE, Bolsa de Cereales, Techint; COLT registra MetIGOLeader=Yes sin nombre, se completo FALSE. Campos de micro-conducta (MetHostHOGS y afines) completados desde Diplometrics COLT (TripID 334-ARG-RUS-35971), 2026-08-03; ciudad de destino estimada por investigacion propia (COLT no reporta ciudad).",NA,Verificada-URL,TRUE,FALSE,NA,FALSE,TRUE,FALSE,TRUE,FALSE,NA
ARG-CM-J034,52,Carlos Menem,Argentina,Completed,1998-06-28,1998-06-30,3,Ukraine,Europe,Kyiv,Bilateral,State Visit,NA,Presidente Leonid Kuchma,Jefe de Estado/Gobierno,Segundo tramo de la gira euroasiatica; reunion con el presidente Leonid Kuchma en Kiev.,https://www.lanacion.com.ar/politica/menem-va-a-rusia-para-impulsar-lazos-comerciales-nid101122/,High,"Confirmado por LA NACION como parte de la misma gira de 8 dias (Rusia-Ucrania-Armenia); COLT registra MetIGOLeader=Yes sin nombre, se completo FALSE. Campos de micro-conducta (MetHostHOGS y afines) completados desde Diplometrics COLT (TripID 334-ARG-UKR-35974), 2026-08-03; ciudad de destino estimada por investigacion propia (COLT no reporta ciudad).",NA,Verificada-URL,TRUE,FALSE,NA,FALSE,TRUE,FALSE,TRUE,FALSE,NA
ARG-CM-J034,53,Carlos Menem,Argentina,Completed,1998-06-30,1998-07-01,2,Armenia,Europe,Yerevan,Bilateral,State Visit,NA,Presidente Robert Kocharyan,Jefe de Estado/Gobierno,"Tramo final de la gira; reunion con el presidente armenio Robert Kocharian, firma de numerosos acuerdos de cooperacion.",https://www.lanacion.com.ar/politica/menem-va-a-rusia-para-impulsar-lazos-comerciales-nid101122/,High,"Confirmado por LA NACION: 'el Presidente llegaria a Armenia, donde se reuniria con el jefe de esa nacion, Robert Kocharian, con quien firmaria numerosos acuerdos de cooperacion'. Campos de micro-conducta (MetHostHOGS y afines) completados desde Diplometrics COLT (TripID 334-ARG-ARM-35976), 2026-08-03; ciudad de destino estimada por investigacion propia (COLT no reporta ciudad).",NA,Verificada-URL,TRUE,FALSE,NA,FALSE,FALSE,FALSE,FALSE,FALSE,NA
ARG-CM-J035,54,Carlos Menem,Argentina,Completed,1998-08-16,1998-08-17,2,Paraguay,South America,Asunción,Multilateral,Inauguration/Funeral,NA,Asunción presidencial de Raúl Cubas Grau,NA,Asistio a la asuncion presidencial de Raul Cubas Grau en Paraguay.,Search Query: Menem asuncion Cubas Grau Paraguay agosto 1998,Low,"No se hallo fuente propia directa; consistente con la practica habitual de asistir a asunciones regionales. Campos de micro-conducta (MetHostHOGS y afines) completados desde Diplometrics COLT (TripID 334-ARG-PRY-36023), 2026-08-03; ciudad de destino estimada por investigacion propia (COLT no reporta ciudad).",Cooperación Política General,Solo-Query,FALSE,TRUE,President Eduardo Frei Ruiz-Tagle;President Jamil Mahuad,FALSE,FALSE,TRUE,FALSE,FALSE,NA
ARG-CM-J036,55,Carlos Menem,Argentina,Completed,1998-09-06,1998-09-06,1,Panama,Central America,Panama City,Multilateral,Regional Summit,NA,Cumbre del Grupo de Río,NA,Participacion en la Cumbre del Grupo de Rio en Panama; inicio de una gira posterior por el Caribe.,Search Query: Menem Grupo de Rio Panama septiembre 1998,Low,"No se hallo fuente propia directa. Campos de micro-conducta (MetHostHOGS y afines) completados desde Diplometrics COLT (TripID 334-ARG-PAN-36044), 2026-08-03; ciudad de destino estimada por investigacion propia (COLT no reporta ciudad).",Cooperación Política General,Solo-Query,FALSE,TRUE,President Eduardo Frei Ruiz-Tagle;President Jamil Mahuad,FALSE,FALSE,FALSE,FALSE,FALSE,NA
ARG-CM-J036,56,Carlos Menem,Argentina,Completed,1998-09-07,1998-09-08,2,Barbados,Caribbean,Bridgetown,Bilateral,Working Visit,NA,Primer Ministro Owen Arthur,Jefe de Estado/Gobierno,Tramo de una gira presidencial por el Caribe tras la Cumbre del Grupo de Rio en Panama.,Search Query: Menem gira Caribe Barbados septiembre 1998,Low,"No se hallo fuente propia directa; se preserva el lead de COLT dentro de una gira caribena coherente cronologicamente. Campos de micro-conducta (MetHostHOGS y afines) completados desde Diplometrics COLT (TripID 334-ARG-BRB-36045), 2026-08-03; ciudad de destino estimada por investigacion propia (COLT no reporta ciudad).",NA,Solo-Query,FALSE,FALSE,NA,FALSE,FALSE,FALSE,FALSE,FALSE,NA
ARG-CM-J036,57,Carlos Menem,Argentina,Completed,1998-09-08,1998-09-09,2,Trinidad and Tobago,Caribbean,Port of Spain,Bilateral,Working Visit,NA,Primer Ministro Basdeo Panday,Jefe de Estado/Gobierno,Continuacion de la gira caribena de septiembre de 1998.,Search Query: Menem gira Caribe Trinidad y Tobago septiembre 1998,Low,"No se hallo fuente propia directa. Campos de micro-conducta (MetHostHOGS y afines) completados desde Diplometrics COLT (TripID 334-ARG-TTO-36046), 2026-08-03; ciudad de destino estimada por investigacion propia (COLT no reporta ciudad).",NA,Solo-Query,FALSE,FALSE,NA,FALSE,FALSE,FALSE,FALSE,FALSE,NA
ARG-CM-J036,58,Carlos Menem,Argentina,Completed,1998-09-10,1998-09-11,2,Jamaica,Caribbean,Kingston,Bilateral,Working Visit,NA,Primer Ministro P. J. Patterson,Jefe de Estado/Gobierno,Tramo final de la gira caribena; actividad con lideres empresariales.,Search Query: Menem gira Caribe Jamaica septiembre 1998,Low,"No se hallo fuente propia directa. Campos de micro-conducta (MetHostHOGS y afines) completados desde Diplometrics COLT (TripID 334-ARG-JAM-36048), 2026-08-03; ciudad de destino estimada por investigacion propia (COLT no reporta ciudad).",NA,Solo-Query,FALSE,FALSE,NA,FALSE,TRUE,FALSE,FALSE,FALSE,NA
ARG-CM-J037,59,Carlos Menem,Argentina,Completed,1998-10-06,1998-10-07,2,United States,North America,Washington,Multilateral,Global Forum,NA,Reunión Anual del FMI y el Banco Mundial,NA,Participacion en la Reunion Anual del FMI/Banco Mundial en Washington; reunion bilateral con el presidente Bill Clinton.,Search Query: Menem reunion anual FMI Banco Mundial Washington octubre 1998 Clinton,Low,"Reuniones Anuales FMI-BM de 1998 se realizaron en Washington DC (sede habitual en anos sin reunion fuera de EEUU). Campos de micro-conducta (MetHostHOGS y afines) completados desde Diplometrics COLT (TripID 334-ARG-USA-36074), 2026-08-03; ciudad de destino estimada por investigacion propia (COLT no reporta ciudad).",Comercio/Integración Económica,Solo-Query,TRUE,FALSE,NA,FALSE,FALSE,FALSE,FALSE,FALSE,NA
ARG-CM-J038,60,Carlos Menem,Argentina,Completed,1998-10-12,1998-10-14,3,France,Europe,Paris,Bilateral,State Visit,NA,Presidente Jacques Chirac,Jefe de Estado/Gobierno,Visita de Estado a Francia; reunion con el presidente Jacques Chirac.,Search Query: Menem Chirac Paris octubre 1998 visita de Estado,Low,"No se hallo fuente propia directa adicional. Campos de micro-conducta (MetHostHOGS y afines) completados desde Diplometrics COLT (TripID 334-ARG-FRA-36080), 2026-08-03; ciudad de destino estimada por investigacion propia (COLT no reporta ciudad).",NA,Solo-Query,TRUE,FALSE,NA,FALSE,FALSE,FALSE,FALSE,FALSE,NA
ARG-CM-J039,61,Carlos Menem,Argentina,Completed,1998-10-26,1998-10-26,1,Brazil,South America,Brasília,Multilateral,Regional Summit,NA,Ceremonia de firma del Tratado de Paz Ecuador-Perú,NA,"Asistio como pais garante (junto a Brasil, Chile y EEUU) a la ceremonia de firma del Tratado de Paz entre Ecuador y Peru en Brasilia, que puso fin al conflicto del Cenepa.",Search Query: Tratado de Paz Ecuador Peru Brasilia octubre 1998 paises garantes Argentina,Medium,"Argentina fue uno de los cuatro paises garantes del Protocolo de Rio de 1942 (junto a Brasil, Chile y EEUU); firma confirmada en Brasilia el 26-oct-1998. Campos de micro-conducta (MetHostHOGS y afines) completados desde Diplometrics COLT (TripID 334-ARG-BRA-36094), 2026-08-03; ciudad de destino estimada por investigacion propia (COLT no reporta ciudad).",Seguridad,Solo-Query,FALSE,FALSE,NA,FALSE,FALSE,TRUE,FALSE,FALSE,NA
ARG-CM-J040,62,Carlos Menem,Argentina,Completed,1998-10-28,1998-11-02,6,United Kingdom,Europe,London,Bilateral,State Visit,NA,Primer Ministro Tony Blair,Jefe de Estado/Gobierno,"Visita oficial al Reino Unido; reunion con el primer ministro Tony Blair, discurso publico y firma de acuerdo bilateral.",Search Query: Menem Reino Unido Tony Blair octubre noviembre 1998 primer viaje desde Malvinas,Low,"LA NACION (art. 1997) senalaba que una visita al Reino Unido lo convertiria en 'el primer presidente argentino que visita el Reino Unido desde la Guerra de Malvinas'; no se hallo cronica directa de la concrecion del viaje en oct-nov 1998. Campos de micro-conducta (MetHostHOGS y afines) completados desde Diplometrics COLT (TripID 334-ARG-GBR-36096), 2026-08-03; ciudad de destino estimada por investigacion propia (COLT no reporta ciudad).",NA,Solo-Query,TRUE,FALSE,NA,TRUE,TRUE,FALSE,FALSE,FALSE,NA
ARG-CM-J041,63,Carlos Menem,Argentina,Completed,1998-11-29,1998-12-02,4,Japan,Asia-Pacific,Tokyo,Bilateral,State Visit,NA,Primer Ministro Obuchi Keizō,Jefe de Estado/Gobierno,Visita de Estado a Japon; reunion con el primer ministro Obuchi Keizo y con el emperador Akihito; discurso publico y firma de acuerdo.,Search Query: Menem Japon 1998 Obuchi emperador Akihito visita oficial,Low,"No se hallo cronica propia directa; consistente con el interes reiterado de Menem en 'visitar a Japon' mencionado en planificacion 1997. Campos de micro-conducta (MetHostHOGS y afines) completados desde Diplometrics COLT (TripID 334-ARG-JPN-36128), 2026-08-03; ciudad de destino estimada por investigacion propia (COLT no reporta ciudad).",NA,Solo-Query,TRUE,FALSE,NA,TRUE,TRUE,FALSE,TRUE,FALSE,NA
ARG-CM-J042,64,Carlos Menem,Argentina,Completed,1998-12-13,1998-12-13,1,Vatican City,Europe,Vatican City,Bilateral,State Visit,NA,Papa Juan Pablo II,Jefe de Estado/Gobierno,Audiencia con el papa Juan Pablo II en el Vaticano.,Search Query: Menem Vaticano Juan Pablo II diciembre 1998 audiencia,Low,"No se hallo cronica propia directa; consistente con la relacion estrecha y reiterada de Menem con el Vaticano. Campos de micro-conducta (MetHostHOGS y afines) completados desde Diplometrics COLT (TripID 334-ARG-VAT-36142), 2026-08-03; ciudad de destino estimada por investigacion propia (COLT no reporta ciudad).",NA,Solo-Query,TRUE,FALSE,NA,FALSE,FALSE,FALSE,FALSE,FALSE,NA
ARG-CM-J043,65,Carlos Menem,Argentina,Completed,1999-01-04,1999-01-05,2,Brazil,South America,Brasília,Multilateral,Inauguration/Funeral,NA,Asunción del segundo mandato de Fernando Henrique Cardoso,NA,"Asistio a la asuncion del segundo mandato de Fernando Henrique Cardoso en Brasilia, viaje de ida y vuelta el mismo fin de semana.",Search Query: Menem asuncion segundo mandato Cardoso Brasil enero 1999,Medium,"Cardoso reasumio el 1-ene-1999; presencia de Menem consistente con la practica habitual entre ambos paises. Campos de micro-conducta (MetHostHOGS y afines) completados desde Diplometrics COLT (TripID 334-ARG-BRA-36164), 2026-08-03; ciudad de destino estimada por investigacion propia (COLT no reporta ciudad).",Cooperación Política General,Solo-Query,FALSE,FALSE,NA,FALSE,FALSE,TRUE,FALSE,FALSE,NA
ARG-CM-J044,66,Carlos Menem,Argentina,Completed,1999-01-11,1999-01-12,2,United States,North America,Washington,Bilateral,State Visit,NA,Presidente Bill Clinton,Jefe de Estado/Gobierno,"Visita a Estados Unidos; reunion con el presidente Bill Clinton y con el presidente del Banco Mundial, James Wolfensohn.",Search Query: Menem Clinton Wolfensohn enero 1999 Washington visita oficial,Low,"No se hallo cronica propia directa; se preserva reunion con Wolfensohn (MetIGOLeader) reportada por COLT. Campos de micro-conducta (MetHostHOGS y afines) completados desde Diplometrics COLT (TripID 334-ARG-USA-36171), 2026-08-03; ciudad de destino estimada por investigacion propia (COLT no reporta ciudad).",NA,Solo-Query,TRUE,FALSE,NA,FALSE,FALSE,FALSE,FALSE,TRUE,President James Wolfensohn (Banco Mundial/IBRD)
ARG-CM-J045,67,Carlos Menem,Argentina,Completed,1999-02-02,1999-02-02,1,Venezuela,South America,Caracas,Multilateral,Inauguration/Funeral,NA,Asunción presidencial de Hugo Chávez,NA,"Asistio a la asuncion presidencial de Hugo Chavez en Caracas, junto a otros mandatarios de la region (entre ellos Raul Cubas Grau).",Search Query: Menem asuncion Hugo Chavez Venezuela febrero 1999,Medium,"Asuncion de Chavez confirmada el 2-feb-1999; presencia de Menem consistente con la practica de asistir a asunciones regionales. Campos de micro-conducta (MetHostHOGS y afines) completados desde Diplometrics COLT (TripID 334-ARG-VEN-36193), 2026-08-03; ciudad de destino estimada por investigacion propia (COLT no reporta ciudad).",Cooperación Política General,Solo-Query,TRUE,TRUE,President Raul Cubas Grau,FALSE,FALSE,TRUE,FALSE,FALSE,NA
ARG-CM-J046,68,Carlos Menem,Argentina,Completed,1999-02-12,1999-02-13,2,Brazil,South America,Brasília,Bilateral,Working Visit,NA,Presidente Fernando Henrique Cardoso,Jefe de Estado/Gobierno,"Reunion bilateral con Cardoso en Brasilia, en el contexto de la crisis cambiaria brasilena (devaluacion del real) y su impacto sobre Argentina.",Search Query: Menem Cardoso Brasilia febrero 1999 crisis devaluacion real,Low,"Contexto de la crisis del real confirmado de forma general (tensiones Menem-Cardoso por compensaciones); reunion especifica no verificada con fuente propia directa. Campos de micro-conducta (MetHostHOGS y afines) completados desde Diplometrics COLT (TripID 334-ARG-BRA-36203), 2026-08-03; ciudad de destino estimada por investigacion propia (COLT no reporta ciudad).",NA,Solo-Query,TRUE,FALSE,NA,FALSE,FALSE,FALSE,FALSE,FALSE,NA
ARG-CM-J047,69,Carlos Menem,Argentina,Completed,1999-02-22,1999-02-23,2,Brazil,South America,Brasília,Multilateral,Global Forum,NA,Reunión Ministerial UE-MERCOSUR,NA,Participacion en una reunion ministerial UE-Mercosur; propuso la creacion de un foro de negocios UE-Mercosur.,Search Query: Menem reunion ministerial UE Mercosur Brasil febrero 1999,Low,"No se hallo fuente propia directa; ciudad estimada (capital). Campos de micro-conducta (MetHostHOGS y afines) completados desde Diplometrics COLT (TripID 334-ARG-BRA-36213), 2026-08-03; ciudad de destino estimada por investigacion propia (COLT no reporta ciudad).",Comercio/Integración Económica,Solo-Query,FALSE,FALSE,NA,FALSE,FALSE,FALSE,FALSE,FALSE,NA
ARG-CM-J048,70,Carlos Menem,Argentina,Completed,1999-03-22,1999-03-24,3,United States,North America,Washington,Bilateral,Working Visit,NA,Visita de trabajo a Estados Unidos,Jefe de Estado/Gobierno,Visita de trabajo a Estados Unidos con actividades de discurso publico y foro de negocios.,Search Query: Menem Estados Unidos marzo 1999 discurso foro de negocios,Low,"COLT no reporta host ni evento especifico; ciudad estimada. Campos de micro-conducta (MetHostHOGS y afines) completados desde Diplometrics COLT (TripID 334-ARG-USA-36241), 2026-08-03; ciudad de destino estimada por investigacion propia (COLT no reporta ciudad).",NA,Solo-Query,FALSE,FALSE,NA,TRUE,FALSE,FALSE,TRUE,FALSE,NA
ARG-CM-J049,71,Carlos Menem,Argentina,Completed,1999-03-28,1999-03-31,4,Italy,Europe,Rome,Bilateral,State Visit,NA,Primer Ministro Massimo D'Alema,Jefe de Estado/Gobierno,"Visita oficial a Italia; reunion con el primer ministro Massimo D'Alema, discurso publico.",Search Query: Menem Italia D'Alema marzo 1999 visita oficial,Low,"No se hallo cronica propia directa. Campos de micro-conducta (MetHostHOGS y afines) completados desde Diplometrics COLT (TripID 334-ARG-ITA-36247), 2026-08-03; ciudad de destino estimada por investigacion propia (COLT no reporta ciudad).",NA,Solo-Query,TRUE,FALSE,NA,TRUE,FALSE,FALSE,FALSE,FALSE,NA
ARG-CM-J050,72,Carlos Menem,Argentina,Completed,1999-05-07,1999-05-07,1,Chile,South America,Santiago,Multilateral,Regional Summit,NA,Cumbre de Presidentes del MERCOSUR,NA,Cumbre de Presidentes del MERCOSUR con la participacion de Chile como Estado asociado.,Search Query: Menem cumbre Mercosur Chile mayo 1999,Low,"No se hallo fuente propia directa; ciudad estimada (capital). Campos de micro-conducta (MetHostHOGS y afines) completados desde Diplometrics COLT (TripID 334-ARG-CHL-36287), 2026-08-03; ciudad de destino estimada por investigacion propia (COLT no reporta ciudad).",Comercio/Integración Económica,Solo-Query,FALSE,FALSE,NA,FALSE,FALSE,FALSE,FALSE,FALSE,NA
ARG-CM-J051,73,Carlos Menem,Argentina,Completed,1999-06-14,1999-06-15,2,Paraguay,South America,Asunción,Multilateral,Regional Summit,NA,Cumbre de Presidentes del MERCOSUR,NA,Cumbre de Presidentes del MERCOSUR en Asuncion.,Search Query: Menem cumbre Mercosur Asuncion junio 1999,Low,"No se hallo fuente propia directa. Campos de micro-conducta (MetHostHOGS y afines) completados desde Diplometrics COLT (TripID 334-ARG-PRY-36325), 2026-08-03; ciudad de destino estimada por investigacion propia (COLT no reporta ciudad).",Comercio/Integración Económica,Solo-Query,FALSE,FALSE,NA,FALSE,FALSE,FALSE,FALSE,FALSE,NA
ARG-CM-J051,74,Carlos Menem,Argentina,Completed,1999-06-16,1999-06-17,2,United States,North America,New York,Bilateral,Working Visit,NA,Arquidiócesis de Nueva York (ceremonia de reconocimiento),Premio/Distinción/Honor académico,Fue distinguido por la Arquidiocesis de Nueva York por sus contribuciones 'a la defensa de la vida familiar y la familia en el ambito internacional'.,Search Query: Menem Archdiocese New York junio 1999 family life honor ceremony,Low,"Segun notas de COLT (gettyimages/proquest no accesibles), Menem fue homenajeado por la Arquidiocesis de Nueva York; no se hallo cronica de prensa argentina propia que lo confirme independientemente; se clasifica Bilateral/Premio dado que la contraparte es una institucion religiosa, no un jefe de Estado. Campos de micro-conducta (MetHostHOGS y afines) completados desde Diplometrics COLT (TripID 334-ARG-USA-36327), 2026-08-03; ciudad de destino estimada por investigacion propia (COLT no reporta ciudad).",NA,Solo-Query,FALSE,FALSE,NA,TRUE,FALSE,TRUE,FALSE,FALSE,NA
ARG-CM-J052,75,Carlos Menem,Argentina,Completed,1999-06-28,1999-06-30,3,Brazil,South America,Rio de Janeiro,Multilateral,Global Forum,NA,I Cumbre Unión Europea - América Latina y el Caribe (UE-ALC),NA,"Participacion en la primera Cumbre birregional Union Europea-America Latina y el Caribe en Rio de Janeiro; discurso publico, firma de documento y reunion con el presidente chileno Frei.",Search Query: primera Cumbre Union Europea America Latina Caribe Rio de Janeiro junio 1999,Medium,"La I Cumbre UE-ALC se realizo en Rio de Janeiro el 28-29 jun 1999 (hecho historico bien documentado); participacion de Menem consistente con su rol como presidente de un pais fundador del Mercosur. Campos de micro-conducta (MetHostHOGS y afines) completados desde Diplometrics COLT (TripID 334-ARG-BRA-36339), 2026-08-03; ciudad de destino estimada por investigacion propia (COLT no reporta ciudad).",Cooperación Política General,Solo-Query,FALSE,TRUE,President Eduardo Frei Ruiz-Tagle,TRUE,TRUE,FALSE,FALSE,FALSE,NA
ARG-CM-J053,76,Carlos Menem,Argentina,Completed,1999-08-20,1999-08-20,1,Chile,South America,Santiago,Bilateral,Working Visit,NA,Presidente Eduardo Frei Ruiz-Tagle,Jefe de Estado/Gobierno,Reunion bilateral con el presidente chileno Eduardo Frei; discurso en un desayuno de trabajo con lideres empresariales en Santiago.,Search Query: Menem Frei Santiago agosto 1999 desayuno empresarios,Low,"No se hallo cronica propia directa. Campos de micro-conducta (MetHostHOGS y afines) completados desde Diplometrics COLT (TripID 334-ARG-CHL-36392), 2026-08-03; ciudad de destino estimada por investigacion propia (COLT no reporta ciudad).",NA,Solo-Query,TRUE,FALSE,NA,TRUE,FALSE,FALSE,TRUE,FALSE,NA
ARG-CM-J054,77,Carlos Menem,Argentina,Completed,1999-09-21,1999-09-22,2,United States,North America,New York,Multilateral,Global Forum,NA,Asamblea General de la ONU,NA,Participacion en la Asamblea General de la ONU en Nueva York; reunion bilateral con el presidente Bill Clinton.,Search Query: Menem Asamblea General ONU septiembre 1999 Clinton,Low,"No se hallo cronica propia directa adicional. Campos de micro-conducta (MetHostHOGS y afines) completados desde Diplometrics COLT (TripID 334-ARG-USA-36424), 2026-08-03; ciudad de destino estimada por investigacion propia (COLT no reporta ciudad).",Cooperación Política General,Solo-Query,TRUE,FALSE,NA,FALSE,FALSE,FALSE,FALSE,FALSE,NA
ARG-CM-J055,78,Carlos Menem,Argentina,Completed,1999-09-27,1999-09-27,1,Colombia,South America,Bogotá,Bilateral,State Visit,NA,Presidente Andrés Pastrana,Jefe de Estado/Gobierno,Visita oficial a Colombia; reunion con el presidente Andres Pastrana en Bogota.,https://andrespastrana.org/visita-oficial-del-presidente-carlos-menem-a-colombia-29-de-septiembre-de-1999/,High,"Confirmado por fuente directa (sitio del expresidente Andres Pastrana): 'Visita oficial del Presidente Carlos Menem a Colombia - 29 de septiembre de 1999'. Campos de micro-conducta (MetHostHOGS y afines) completados desde Diplometrics COLT (TripID 334-ARG-COL-36430), 2026-08-03; ciudad de destino estimada por investigacion propia (COLT no reporta ciudad).",NA,Verificada-URL,FALSE,FALSE,NA,FALSE,FALSE,FALSE,FALSE,FALSE,NA
ARG-CM-J056,79,Carlos Menem,Argentina,Completed,1999-09-30,1999-10-01,2,United States,North America,Washington,Multilateral,Global Forum,NA,Conferencia de las Américas (Council of the Americas),NA,"Participacion en la Conferencia de las Americas, foro empresarial y politico sobre relaciones hemisfericas; discurso publico.",Search Query: Menem Conference of the Americas septiembre 1999 Washington Council of the Americas,Low,"Foro empresarial privado (Council/Conference of the Americas) con participacion de jefes de Estado, clasificado Multilateral por analogia con Davos segun regla CODEBOOK 5.6. Campos de micro-conducta (MetHostHOGS y afines) completados desde Diplometrics COLT (TripID 334-ARG-USA-36433), 2026-08-03; ciudad de destino estimada por investigacion propia (COLT no reporta ciudad).",Comercio/Integración Económica,Solo-Query,FALSE,FALSE,NA,TRUE,FALSE,FALSE,FALSE,FALSE,NA
ARG-CM-J057,80,Carlos Menem,Argentina,Completed,1999-10-21,1999-10-22,2,Brazil,South America,Brasília,Bilateral,Working Visit,NA,Presidente Fernando Henrique Cardoso,Jefe de Estado/Gobierno,Reunion bilateral con el presidente Cardoso.,Search Query: Menem Cardoso Brasil octubre 1999,Low,"No se hallo cronica propia directa. Campos de micro-conducta (MetHostHOGS y afines) completados desde Diplometrics COLT (TripID 334-ARG-BRA-36454), 2026-08-03; ciudad de destino estimada por investigacion propia (COLT no reporta ciudad).",NA,Solo-Query,TRUE,FALSE,NA,FALSE,FALSE,FALSE,FALSE,FALSE,NA
ARG-CM-J058,81,Carlos Menem,Argentina,Completed,1999-11-18,1999-11-19,2,United States,North America,New York,Bilateral,Working Visit,NA,Escala diplomática en Estados Unidos,Jefe de Estado/Gobierno,Escala en Estados Unidos en el marco de una gira que continuo hacia el Vaticano; sin host ni evento especifico reportado.,Search Query: Menem Estados Unidos noviembre 1999 gira Europa Vaticano,Low,"COLT no reporta host ni evento; ciudad estimada. Tramo previo a la visita al Vaticano del 21-nov-1999. Campos de micro-conducta (MetHostHOGS y afines) completados desde Diplometrics COLT (TripID 334-ARG-USA-36482), 2026-08-03; ciudad de destino estimada por investigacion propia (COLT no reporta ciudad).",NA,Solo-Query,FALSE,FALSE,NA,FALSE,FALSE,FALSE,FALSE,FALSE,NA
ARG-CM-J058,82,Carlos Menem,Argentina,Completed,1999-11-21,1999-11-21,1,Vatican City,Europe,Vatican City,Bilateral,State Visit,NA,Papa Juan Pablo II (ceremonia de canonización),Jefe de Estado/Gobierno,Asistio a una ceremonia de canonizacion presidida por Juan Pablo II en la Basilica de San Pedro; recibio la comunion de manos del Papa.,Search Query: Menem Vaticano noviembre 1999 canonizacion Juan Pablo II Basilica San Pedro,Medium,"Confirmado de forma general: en nov-1999 Juan Pablo II presidio una canonizacion en el Vaticano con la asistencia de Menem, quien recibio la comunion del Papa ante 11.000 peregrinos. Campos de micro-conducta (MetHostHOGS y afines) completados desde Diplometrics COLT (TripID 334-ARG-VAT-36485), 2026-08-03; ciudad de destino estimada por investigacion propia (COLT no reporta ciudad).",NA,Solo-Query,TRUE,FALSE,NA,FALSE,FALSE,TRUE,FALSE,FALSE,NA
