"Leader_nombre","CountryVisited","n_viajes"
"Abdala Bucaram","Bolivia",1
"Abdala Bucaram","Chile",1
"Abdala Bucaram","Colombia",1
"Abdala Bucaram","Peru",1
"Alan Garcia","Ecuador",5
"Alan Garcia","Chile",4
"Alan Garcia","United States",4
"Alan Garcia","Argentina",3
"Alan Garcia","Brazil",3
"Alberto Fernandez","Brazil",5
"Alberto Fernandez","France",4
"Alberto Fernandez","Italy",4
"Alberto Fernandez","Spain",4
"Alberto Fernandez","United States",4
"Alberto Fujimori","Brazil",14
"Alberto Fujimori","United States",11
"Alberto Fujimori","Bolivia",7
"Alberto Fujimori","Japan",7
"Alberto Fujimori","Colombia",5
"Alejandro Toledo","United States",11
"Alejandro Toledo","Brazil",7
"Alejandro Toledo","Bolivia",6
"Alejandro Toledo","Spain",5
"Alejandro Toledo","Chile",4
"Alfredo Palacio","Peru",3
"Alfredo Palacio","United States",2
"Alfredo Palacio","Argentina",1
"Alfredo Palacio","Austria",1
"Alfredo Palacio","Bolivia",1
"Alvaro Uribe","United States",23
"Alvaro Uribe","Brazil",10
"Alvaro Uribe","Venezuela",10
"Alvaro Uribe","Peru",9
"Alvaro Uribe","Ecuador",8
"Andres Pastrana Arango","United States",10
"Andres Pastrana Arango","Venezuela",5
"Andres Pastrana Arango","Mexico",3
"Andres Pastrana Arango","Panama",3
"Andres Pastrana Arango","Spain",3
"Bharrat Jagdeo","United States",30
"Bharrat Jagdeo","Trinidad and Tobago",14
"Bharrat Jagdeo","Brazil",10
"Bharrat Jagdeo","United Kingdom",9
"Bharrat Jagdeo","Jamaica",7
"Carlos Mesa","Brazil",4
"Carlos Mesa","Argentina",2
"Carlos Mesa","Italy",2
"Carlos Mesa","Mexico",2
"Carlos Mesa","Peru",2
"Carlos Saul Menem","United States",13
"Carlos Saul Menem","Brazil",11
"Carlos Saul Menem","Chile",4
"Carlos Saul Menem","Switzerland",4
"Carlos Saul Menem","France",3
"Cesar Gaviria Trujillo","Japan",1
"Cesar Gaviria Trujillo","Peru",1
"Chandrikapersad Santokhi","United States",7
"Chandrikapersad Santokhi","Guyana",6
"Chandrikapersad Santokhi","Barbados",4
"Chandrikapersad Santokhi","Netherlands",3
"Chandrikapersad Santokhi","Bahamas",2
"Cheddi Jagan","United States",3
"Cheddi Jagan","Barbados",2
"Cheddi Jagan","Colombia",2
"Cheddi Jagan","Trinidad and Tobago",2
"Cheddi Jagan","Bahrain",1
"Cristina Fernandez de Kirchner","Brazil",13
"Cristina Fernandez de Kirchner","United States",12
"Cristina Fernandez de Kirchner","Venezuela",10
"Cristina Fernandez de Kirchner","Uruguay",8
"Cristina Fernandez de Kirchner","Chile",6
"Daniel Noboa","United States",15
"Daniel Noboa","Spain",6
"Daniel Noboa","Holy See",3
"Daniel Noboa","Italy",3
"Daniel Noboa","Argentina",2
"David Granger","United States",9
"David Granger","Cuba",8
"David Granger","Barbados",3
"David Granger","Brazil",3
"David Granger","Trinidad and Tobago",3
"Desi Bouterse","Brazil",4
"Desi Bouterse","Cuba",4
"Desi Bouterse","Venezuela",4
"Desi Bouterse","Guyana",3
"Desi Bouterse","Peru",3
"Dilma Rousseff","Argentina",7
"Dilma Rousseff","United States",6
"Dilma Rousseff","Peru",4
"Dilma Rousseff","Uruguay",4
"Dilma Rousseff","Portugal",3
"Dina Boluarte","United States",4
"Dina Boluarte","Holy See",2
"Dina Boluarte","Italy",2
"Dina Boluarte","Brazil",1
"Dina Boluarte","China",1
"Donald Ramotar","Trinidad and Tobago",5
"Donald Ramotar","Suriname",4
"Donald Ramotar","United States",4
"Donald Ramotar","Brazil",3
"Donald Ramotar","India",2
"Eduardo Duhalde","Brazil",4
"Eduardo Duhalde","Chile",2
"Eduardo Duhalde","Spain",2
"Eduardo Duhalde","Costa Rica",1
"Eduardo Duhalde","Ecuador",1
"Eduardo Frei Ruiz-Tagle","Argentina",10
"Eduardo Frei Ruiz-Tagle","Brazil",5
"Eduardo Frei Ruiz-Tagle","United States",5
"Eduardo Frei Ruiz-Tagle","Japan",3
"Eduardo Frei Ruiz-Tagle","Canada",2
"Eduardo Rodriguez","Argentina",1
"Eduardo Rodriguez","Brazil",1
"Eduardo Rodriguez","Peru",1
"Eduardo Rodriguez","Spain",1
"Eduardo Rodriguez","United States",1
"Ernesto Samper Pizano","United States",4
"Ernesto Samper Pizano","Bolivia",2
"Ernesto Samper Pizano","China",2
"Ernesto Samper Pizano","Ecuador",2
"Ernesto Samper Pizano","Argentina",1
"Evo Morales","Venezuela",38
"Evo Morales","United States",26
"Evo Morales","Argentina",24
"Evo Morales","Cuba",23
"Evo Morales","Brazil",20
"Fabian Alarcon","United States",2
"Fabian Alarcon","Bolivia",1
"Fabian Alarcon","Brazil",1
"Fabian Alarcon","Canada",1
"Fabian Alarcon","Chile",1
"Federico Franco","United States",3
"Federico Franco","Taiwan",1
"Fernando Henrique Cardoso","Argentina",10
"Fernando Henrique Cardoso","Chile",7
"Fernando Henrique Cardoso","Portugal",7
"Fernando Henrique Cardoso","Uruguay",7
"Fernando Henrique Cardoso","Bolivia",6
"Fernando Lugo","Brazil",11
"Fernando Lugo","Argentina",9
"Fernando Lugo","United States",5
"Fernando Lugo","Colombia",4
"Fernando Lugo","Uruguay",4
"Fernando de la Rua","Brazil",4
"Fernando de la Rua","Chile",4
"Fernando de la Rua","United States",4
"Fernando de la Rua","Canada",2
"Fernando de la Rua","Mexico",2
"Gabriel Boric","United States",7
"Gabriel Boric","Brazil",6
"Gabriel Boric","Argentina",3
"Gabriel Boric","Chile",3
"Gabriel Boric","France",3
"Gonzalo Sanchez de Lozada","United States",8
"Gonzalo Sanchez de Lozada","Brazil",6
"Gonzalo Sanchez de Lozada","Paraguay",4
"Gonzalo Sanchez de Lozada","Peru",4
"Gonzalo Sanchez de Lozada","Argentina",2
"Guillermo Lasso","United States",9
"Guillermo Lasso","Colombia",6
"Guillermo Lasso","Mexico",3
"Guillermo Lasso","Peru",3
"Guillermo Lasso","Spain",3
"Gustavo Noboa","Colombia",4
"Gustavo Noboa","Peru",4
"Gustavo Noboa","United States",3
"Gustavo Noboa","Brazil",2
"Gustavo Noboa","Canada",2
"Gustavo Petro","United States",9
"Gustavo Petro","Brazil",7
"Gustavo Petro","Venezuela",5
"Gustavo Petro","Ecuador",4
"Gustavo Petro","France",4
"Horacio Cartes","Argentina",9
"Horacio Cartes","Brazil",6
"Horacio Cartes","Bolivia",4
"Horacio Cartes","Ecuador",4
"Horacio Cartes","Holy See",4
"Hugo Banzer Suarez","Paraguay",3
"Hugo Banzer Suarez","United States",3
"Hugo Banzer Suarez","Brazil",2
"Hugo Banzer Suarez","Colombia",2
"Hugo Banzer Suarez","Panama",2
"Hugo Chavez","Cuba",45
"Hugo Chavez","Brazil",30
"Hugo Chavez","Argentina",19
"Hugo Chavez","Colombia",16
"Hugo Chavez","Bolivia",13
"Irfaan Ali","United States",12
"Irfaan Ali","United Kingdom",4
"Irfaan Ali","Bahamas",3
"Irfaan Ali","Barbados",3
"Irfaan Ali","Brazil",3
"Itamar Franco","Colombia",2
"Itamar Franco","Argentina",1
"Itamar Franco","Chile",1
"Itamar Franco","United States",1
"Itamar Franco","Uruguay",1
"Ivan Duque","United States",9
"Ivan Duque","Ecuador",4
"Ivan Duque","Peru",4
"Ivan Duque","Switzerland",4
"Ivan Duque","Chile",3
"Jair Bolsonaro","United States",7
"Jair Bolsonaro","United Arab Emirates",3
"Jair Bolsonaro","Argentina",2
"Jair Bolsonaro","Israel",2
"Jair Bolsonaro","Japan",2
"Jamil Mahuad","United States",6
"Jamil Mahuad","Brazil",4
"Jamil Mahuad","Panama",2
"Jamil Mahuad","Peru",2
"Jamil Mahuad","China",1
"Janet Jagan","Suriname",3
"Janet Jagan","United States",2
"Janet Jagan","Venezuela",2
"Janet Jagan","Brazil",1
"Janet Jagan","Chile",1
"Javier Milei","United States",13
"Javier Milei","Italy",5
"Javier Milei","Spain",4
"Javier Milei","Brazil",3
"Javier Milei","Holy See",3
"Jennifer Geerlings-Simons","Brazil",1
"Jennifer Geerlings-Simons","Netherlands",1
"Jennifer Geerlings-Simons","United States",1
"Jorge Batlle","United States",8
"Jorge Batlle","Brazil",7
"Jorge Batlle","Argentina",6
"Jorge Batlle","Mexico",4
"Jorge Batlle","Paraguay",4
"Jorge Quiroga Ramirez","Argentina",2
"Jorge Quiroga Ramirez","Ecuador",1
"Jorge Quiroga Ramirez","Peru",1
"Jorge Quiroga Ramirez","United States",1
"Jose Jeri","Ecuador",1
"Jose Mujica","Argentina",16
"Jose Mujica","Brazil",13
"Jose Mujica","Venezuela",9
"Jose Mujica","Paraguay",5
"Jose Mujica","Peru",4
"Juan Carlos Wasmosy","Brazil",12
"Juan Carlos Wasmosy","Uruguay",7
"Juan Carlos Wasmosy","Argentina",6
"Juan Carlos Wasmosy","Bolivia",3
"Juan Carlos Wasmosy","Chile",3
"Juan Manuel Santos","United States",19
"Juan Manuel Santos","Peru",11
"Juan Manuel Santos","Mexico",10
"Juan Manuel Santos","Ecuador",9
"Juan Manuel Santos","Cuba",7
"Jules Wijdenbosch","Cuba",2
"Jules Wijdenbosch","Dominican Republic",2
"Jules Wijdenbosch","Jamaica",2
"Jules Wijdenbosch","Trinidad and Tobago",2
"Jules Wijdenbosch","Antigua and Barbuda",1
"Julio Maria Sanguinetti","Brazil",5
"Julio Maria Sanguinetti","Paraguay",4
"Julio Maria Sanguinetti","Argentina",3
"Julio Maria Sanguinetti","United States",3
"Julio Maria Sanguinetti","Egypt",2
"Lenin Moreno","United States",7
"Lenin Moreno","Colombia",4
"Lenin Moreno","Peru",4
"Lenin Moreno","Spain",3
"Lenin Moreno","Chile",2
"Lucio Gutierrez","United States",5
"Lucio Gutierrez","Argentina",2
"Lucio Gutierrez","Colombia",2
"Lucio Gutierrez","Mexico",2
"Lucio Gutierrez","Peru",2
"Luis Alberto Lacalle","Brazil",2
"Luis Alberto Lacalle","United States",2
"Luis Angel Gonzalez Macchi","Argentina",5
"Luis Angel Gonzalez Macchi","Brazil",5
"Luis Angel Gonzalez Macchi","Peru",2
"Luis Angel Gonzalez Macchi","Taiwan",2
"Luis Angel Gonzalez Macchi","United States",2
"Luis Arce","Brazil",8
"Luis Arce","Venezuela",6
"Luis Arce","United States",5
"Luis Arce","Argentina",4
"Luis Arce","Cuba",4
"Luis Lacalle Pou","Argentina",5
"Luis Lacalle Pou","United States",5
"Luis Lacalle Pou","Paraguay",4
"Luis Lacalle Pou","Brazil",3
"Luis Lacalle Pou","Chile",3
"Luiz Inacio Lula da Silva","Argentina",22
"Luiz Inacio Lula da Silva","United States",15
"Luiz Inacio Lula da Silva","Uruguay",14
"Luiz Inacio Lula da Silva","Paraguay",13
"Luiz Inacio Lula da Silva","Venezuela",13
"Mario Abdo Benitez","Brazil",9
"Mario Abdo Benitez","United States",7
"Mario Abdo Benitez","Argentina",6
"Mario Abdo Benitez","Uruguay",5
"Mario Abdo Benitez","Bolivia",4
"Martin Vizcarra","Bolivia",2
"Martin Vizcarra","Brazil",2
"Martin Vizcarra","Chile",2
"Martin Vizcarra","Mexico",2
"Martin Vizcarra","United States",2
"Mauricio Macri","United States",8
"Mauricio Macri","Brazil",4
"Mauricio Macri","Chile",4
"Mauricio Macri","Switzerland",4
"Mauricio Macri","Colombia",3
"Michel Temer","United States",3
"Michel Temer","Chile",2
"Michel Temer","China",2
"Michel Temer","Paraguay",2
"Michel Temer","Argentina",1
"Michelle Bachelet","United States",14
"Michelle Bachelet","Argentina",7
"Michelle Bachelet","Ecuador",7
"Michelle Bachelet","Brazil",6
"Michelle Bachelet","Mexico",6
"Nestor Kirchner","Brazil",8
"Nestor Kirchner","United States",7
"Nestor Kirchner","Venezuela",7
"Nestor Kirchner","Bolivia",6
"Nestor Kirchner","Uruguay",6
"Nicanor Duarte","Brazil",7
"Nicanor Duarte","Argentina",6
"Nicanor Duarte","Uruguay",6
"Nicanor Duarte","Bolivia",4
"Nicanor Duarte","United States",4
"Nicolas Maduro","Cuba",26
"Nicolas Maduro","Russia",8
"Nicolas Maduro","Bolivia",5
"Nicolas Maduro","China",5
"Nicolas Maduro","Ecuador",5
"Ollanta Humala","France",6
"Ollanta Humala","United States",6
"Ollanta Humala","Chile",5
"Ollanta Humala","Colombia",5
"Ollanta Humala","Spain",5
"Pedro Castillo","United States",3
"Pedro Castillo","Chile",2
"Pedro Castillo","Colombia",2
"Pedro Castillo","Bolivia",1
"Pedro Castillo","Ecuador",1
"Pedro Pablo Kuczynski","Colombia",3
"Pedro Pablo Kuczynski","United States",2
"Pedro Pablo Kuczynski","Argentina",1
"Pedro Pablo Kuczynski","Bolivia",1
"Pedro Pablo Kuczynski","Chile",1
"Rafael Caldera","United States",4
"Rafael Caldera","Brazil",3
"Rafael Caldera","Bolivia",2
"Rafael Caldera","Chile",2
"Rafael Caldera","Colombia",2
"Rafael Correa","Venezuela",17
"Rafael Correa","Peru",12
"Rafael Correa","Argentina",10
"Rafael Correa","Bolivia",10
"Rafael Correa","Brazil",10
"Raul Cubas Grau","Brazil",3
"Raul Cubas Grau","Venezuela",1
"Ricardo Lagos Escobar","Brazil",11
"Ricardo Lagos Escobar","United States",10
"Ricardo Lagos Escobar","Argentina",9
"Ricardo Lagos Escobar","Mexico",7
"Ricardo Lagos Escobar","Uruguay",6
"Ronald Venetiaan","Trinidad and Tobago",5
"Ronald Venetiaan","United States",5
"Ronald Venetiaan","Brazil",3
"Ronald Venetiaan","Guyana",3
"Ronald Venetiaan","Bahamas",2
"Santiago Pena","United States",9
"Santiago Pena","Brazil",5
"Santiago Pena","Italy",5
"Santiago Pena","Uruguay",5
"Santiago Pena","Argentina",4
"Sebastian Pinera","Argentina",10
"Sebastian Pinera","Colombia",9
"Sebastian Pinera","Peru",9
"Sebastian Pinera","United States",9
"Sebastian Pinera","Brazil",6
"Sixto Duran-Ballen","Brazil",4
"Sixto Duran-Ballen","Argentina",2
"Sixto Duran-Ballen","Chile",2
"Sixto Duran-Ballen","Colombia",1
"Sixto Duran-Ballen","Holy See",1
"Tabare Vazquez","Argentina",17
"Tabare Vazquez","Brazil",12
"Tabare Vazquez","Paraguay",11
"Tabare Vazquez","United States",8
"Tabare Vazquez","Chile",7
"Yamandu Orsi","Brazil",2
"Yamandu Orsi","Argentina",1
"Yamandu Orsi","Bolivia",1
"Yamandu Orsi","Chile",1
"Yamandu Orsi","Holy See",1
