"Pais","Mandatario (periodo)","Total viajes","Sudamerica","Resto Latam y Caribe","Estados Unidos","Resto Norteamerica","Europa","Asia","Africa","Otras (Oceania, etc.)"
"Argentina","Alberto Fernandez (2019-2023)",55,"38%","7%","7%","0%","38%","9%","0%","0%"
"Argentina","Carlos Saul Menem (1989-1999)",84,"30%","11%","15%","0%","26%","13%","2%","2%"
"Argentina","Cristina Fernandez de Kirchner (2007-2015)",124,"48%","10%","10%","2%","17%","9%","4%","0%"
"Argentina","Eduardo Duhalde (2002-2003)",17,"47%","18%","0%","0%","29%","0%","6%","0%"
"Argentina","Fernando de la Rua (1999-2001)",35,"46%","11%","11%","6%","23%","3%","0%","0%"
"Argentina","Javier Milei (2023-2099)",46,"20%","2%","30%","0%","43%","4%","0%","0%"
"Argentina","Mauricio Macri (2015-2019)",57,"35%","0%","14%","2%","28%","19%","2%","0%"
"Argentina","Nestor Kirchner (2003-2007)",59,"61%","5%","12%","0%","20%","2%","0%","0%"
"Bolivia","Carlos Mesa (2003-2005)",20,"55%","20%","5%","0%","15%","5%","0%","0%"
"Bolivia","Eduardo Rodriguez (2005-2006)",6,"67%","0%","17%","0%","17%","0%","0%","0%"
"Bolivia","Evo Morales (2006-2019)",284,"49%","16%","9%","0%","19%","5%","2%","0%"
"Bolivia","Gonzalo Sanchez de Lozada (1993-1997; 2002-2003)",43,"51%","7%","19%","0%","21%","2%","0%","0%"
"Bolivia","Hugo Banzer Suarez (1997-2001)",19,"58%","11%","16%","5%","11%","0%","0%","0%"
"Bolivia","Jorge Quiroga Ramirez (2001-2002)",5,"80%","0%","20%","0%","0%","0%","0%","0%"
"Bolivia","Luis Arce (2020-2025)",47,"57%","21%","11%","0%","6%","0%","4%","0%"
"Brasil","Dilma Rousseff (2011-2016)",87,"38%","9%","9%","0%","28%","6%","9%","1%"
"Brasil","Fernando Henrique Cardoso (1995-2003)",134,"40%","9%","7%","1%","32%","6%","4%","0%"
"Brasil","Itamar Franco (1992-1995)",7,"86%","0%","14%","0%","0%","0%","0%","0%"
"Brasil","Jair Bolsonaro (2019-2023)",34,"21%","0%","21%","0%","18%","41%","0%","0%"
"Brasil","Luiz Inacio Lula da Silva (2003-2011; 2023-2099)",329,"35%","9%","5%","0%","25%","12%","13%","0%"
"Brasil","Michel Temer (2016-2019)",26,"35%","8%","12%","0%","19%","15%","12%","0%"
"Chile","Eduardo Frei Ruiz-Tagle (1994-2000)",63,"40%","8%","8%","3%","19%","17%","2%","3%"
"Chile","Gabriel Boric (2022-2026)",53,"40%","9%","13%","2%","23%","13%","0%","0%"
"Chile","Michelle Bachelet (2006-2010; 2014-2018)",139,"33%","22%","10%","1%","20%","10%","2%","1%"
"Chile","Ricardo Lagos Escobar (2000-2006)",135,"36%","17%","7%","1%","25%","10%","1%","2%"
"Chile","Sebastian Pinera (2010-2014; 2018-2022)",112,"41%","8%","8%","1%","23%","16%","0%","3%"
"Colombia","Alvaro Uribe (2002-2010)",135,"41%","27%","17%","1%","11%","1%","0%","0%"
"Colombia","Andres Pastrana Arango (1998-2002)",51,"25%","16%","20%","4%","24%","8%","4%","0%"
"Colombia","Cesar Gaviria Trujillo (1990-1994)",2,"50%","0%","0%","0%","0%","50%","0%","0%"
"Colombia","Ernesto Samper Pizano (1994-1998)",26,"31%","4%","15%","4%","12%","23%","12%","0%"
"Colombia","Gustavo Petro (2022-2026)",74,"32%","22%","12%","0%","20%","11%","3%","0%"
"Colombia","Ivan Duque (2018-2022)",50,"32%","16%","18%","0%","26%","8%","0%","0%"
"Colombia","Juan Manuel Santos (2010-2018)",151,"28%","21%","13%","1%","30%","7%","0%","0%"
"Ecuador","Abdala Bucaram (1996-1997)",4,"100%","0%","0%","0%","0%","0%","0%","0%"
"Ecuador","Alfredo Palacio (2005-2007)",20,"50%","20%","10%","0%","15%","0%","5%","0%"
"Ecuador","Daniel Noboa (2023-2025; 2025-2099)",48,"17%","4%","31%","2%","35%","10%","0%","0%"
"Ecuador","Fabian Alarcon (1997-1998)",9,"67%","0%","22%","11%","0%","0%","0%","0%"
"Ecuador","Guillermo Lasso (2021-2023)",36,"36%","14%","25%","0%","19%","6%","0%","0%"
"Ecuador","Gustavo Noboa (2000-2003)",30,"47%","10%","10%","7%","13%","10%","3%","0%"
"Ecuador","Jamil Mahuad (1998-2000)",21,"43%","19%","29%","0%","5%","5%","0%","0%"
"Ecuador","Lenin Moreno (2017-2021)",33,"30%","9%","21%","0%","30%","9%","0%","0%"
"Ecuador","Lucio Gutierrez (2003-2005)",22,"45%","18%","23%","0%","9%","5%","0%","0%"
"Ecuador","Rafael Correa (2007-2017)",189,"48%","19%","4%","1%","22%","6%","1%","0%"
"Ecuador","Sixto Duran-Ballen (1992-1996)",16,"75%","0%","6%","0%","12%","6%","0%","0%"
"Guyana","Bharrat Jagdeo (1999-2011)",146,"16%","34%","21%","1%","14%","11%","3%","1%"
"Guyana","Cheddi Jagan (1992-1997)",23,"13%","39%","13%","4%","9%","13%","4%","4%"
"Guyana","David Granger (2015-2020)",48,"15%","44%","19%","0%","10%","8%","4%","0%"
"Guyana","Donald Ramotar (2011-2015)",32,"34%","38%","12%","0%","0%","12%","3%","0%"
"Guyana","Irfaan Ali (2020-2099)",52,"12%","35%","23%","4%","10%","15%","0%","2%"
"Guyana","Janet Jagan (1997-1999)",14,"50%","29%","14%","0%","7%","0%","0%","0%"
"Paraguay","Federico Franco (2012-2013)",6,"0%","0%","50%","0%","17%","33%","0%","0%"
"Paraguay","Fernando Lugo (2008-2012)",76,"59%","14%","7%","0%","7%","13%","0%","0%"
"Paraguay","Horacio Cartes (2013-2018)",70,"51%","9%","9%","0%","20%","11%","0%","0%"
"Paraguay","Juan Carlos Wasmosy (1993-1998)",57,"65%","7%","5%","0%","16%","7%","0%","0%"
"Paraguay","Luis Angel Gonzalez Macchi (1999-2003)",31,"65%","16%","6%","3%","3%","6%","0%","0%"
"Paraguay","Mario Abdo Benitez (2018-2023)",59,"56%","8%","12%","0%","15%","8%","0%","0%"
"Paraguay","Nicanor Duarte (2003-2008)",60,"62%","8%","7%","0%","15%","7%","2%","0%"
"Paraguay","Raul Cubas Grau (1998-1999)",4,"100%","0%","0%","0%","0%","0%","0%","0%"
"Paraguay","Santiago Pena (2023-2099)",62,"32%","11%","15%","0%","26%","15%","2%","0%"
"Peru","Alan Garcia (1985-1990; 2006-2011)",40,"50%","8%","10%","0%","12%","18%","0%","2%"
"Peru","Alberto Fujimori (1990-2000)",93,"43%","9%","12%","3%","10%","20%","1%","2%"
"Peru","Alejandro Toledo (2001-2006)",61,"43%","7%","18%","0%","23%","10%","0%","0%"
"Peru","Dina Boluarte (2022-2025)",17,"18%","0%","24%","0%","41%","18%","0%","0%"
"Peru","Jose Jeri (2025-2026)",1,"100%","0%","0%","0%","0%","0%","0%","0%"
"Peru","Martin Vizcarra (2018-2020)",16,"50%","25%","12%","0%","12%","0%","0%","0%"
"Peru","Ollanta Humala (2011-2016)",67,"34%","12%","9%","1%","28%","15%","0%","0%"
"Peru","Pedro Castillo (2021-2022)",10,"60%","10%","30%","0%","0%","0%","0%","0%"
"Peru","Pedro Pablo Kuczynski (2016-2018)",14,"50%","0%","14%","0%","21%","14%","0%","0%"
"Surinam","Chandrikapersad Santokhi (2020-2025)",45,"20%","33%","16%","2%","13%","13%","2%","0%"
"Surinam","Desi Bouterse (2010-2020)",38,"47%","37%","5%","0%","0%","5%","5%","0%"
"Surinam","Jennifer Geerlings-Simons (2025-2099)",3,"33%","0%","33%","0%","33%","0%","0%","0%"
"Surinam","Jules Wijdenbosch (1996-2000)",15,"0%","80%","7%","0%","0%","13%","0%","0%"
"Surinam","Ronald Venetiaan (1991-1996; 2000-2010)",40,"18%","50%","12%","2%","5%","8%","5%","0%"
"Uruguay","Jorge Batlle (2000-2005)",56,"45%","20%","20%","2%","5%","4%","5%","0%"
"Uruguay","Jose Mujica (2010-2015)",82,"78%","6%","2%","0%","12%","1%","0%","0%"
"Uruguay","Julio Maria Sanguinetti (1985-1990; 1995-2000)",33,"45%","15%","9%","0%","12%","12%","6%","0%"
"Uruguay","Luis Alberto Lacalle (1990-1995)",4,"50%","0%","50%","0%","0%","0%","0%","0%"
"Uruguay","Luis Lacalle Pou (2020-2025)",36,"53%","11%","14%","0%","8%","11%","3%","0%"
"Uruguay","Tabare Vazquez (2005-2010; 2015-2020)",110,"51%","10%","8%","0%","17%","11%","1%","2%"
"Uruguay","Yamandu Orsi (2025-2099)",14,"36%","14%","7%","0%","29%","0%","7%","7%"
"Venezuela","Hugo Chavez (1999-2013)",344,"36%","26%","4%","1%","15%","15%","5%","0%"
"Venezuela","Nicolas Maduro (2013-2099)",117,"19%","40%","3%","0%","9%","24%","4%","0%"
"Venezuela","Rafael Caldera (1994-1999)",33,"45%","12%","12%","0%","30%","0%","0%","0%"
