"Leader_key","presidents","country","Mandato_asignado_inicio","Mandato_asignado_fin","ideology","economy","geopolitics","style","usa","sovereignty","development","reputation","n_viajes","n_viajes_intralatam","pct_intralatam","n_viajes_usa","pct_usa","n_viajes_china","pct_china","n_viajes_europa","pct_europa","bloque_ideologico"
"alan garcia","Alan Gabriel Ludwig Garcia Perez2","Peru",2006-07-28,2011-07-28,5.67000007629395,6.1100001335144,5.55999994277954,5,5.67000007629395,3.89000010490417,4.44000005722046,4.55999994277954,18,7,38.8888888888889,4,22.2222222222222,1,5.55555555555556,2,11.1111111111111,"Derecha (5-7)"
"alberto fernandez","Alberto Fernandez","Argentina",2019-12-10,2023-12-10,3,2.4,3.1,3,3,3.4,3.3,2.5,29,14,48.2758620689655,0,0,1,3.44827586206897,13,44.8275862068966,"Centro (3-5)"
"alberto fujimori","Alberto Kenya Fujimori Fujimori1","Peru",1990-07-28,1995-07-28,4.78000020980835,5.32999992370605,5,4.55999994277954,5.32999992370605,3.32999992370606,3.44000005722046,4.21999979019165,9,7,77.7777777777778,0,0,1,11.1111111111111,0,0,"Centro (3-5)"
"alberto fujimori","Alberto Kenya Fujimori Fujimori2","Peru",1995-07-28,2000-07-28,5.44000005722046,5.67000007629395,5.55999994277954,4.78000020980835,5.67000007629395,3.77999997138977,4.1100001335144,4.1100001335144,37,18,48.6486486486486,2,5.40540540540541,0,0,6,16.2162162162162,"Derecha (5-7)"
"alejandro toledo","Alejandro Celestino Toledo Manrique","Peru",2001-07-28,2006-07-28,4.67000007629395,5.8899998664856,5.21999979019165,5,5.67000007629395,3.44000005722046,4.21999979019165,4.67000007629395,21,9,42.8571428571429,2,9.52380952380952,1,4.76190476190476,7,33.3333333333333,"Centro (3-5)"
"alfredo palacio","Luis Alfredo Palacio Gonzalez","Ecuador",2005-04-20,2007-01-15,4.5,4.5,5.32999992370605,4,5.32999992370605,2.67000007629394,3.17000007629394,3.82999992370606,5,5,100,0,0,0,0,0,0,"Centro (3-5)"
"alvaro uribe","Alvaro Uribe Velez1","Colombia",2002-08-07,2006-08-07,6.8600001335144,6.71000003814697,6.71000003814697,3,6.71000003814697,3.85999989509583,3.71000003814697,4.42999982833862,29,18,62.0689655172414,6,20.6896551724138,1,3.44827586206897,4,13.7931034482759,"Derecha (5-7)"
"alvaro uribe","Alvaro Uribe Velez2","Colombia",2006-08-07,2010-08-07,6.8600001335144,6.71000003814697,6.71000003814697,2.82999992370606,6.71000003814697,3.85999989509583,3.4300000667572,4.42999982833862,29,21,72.4137931034483,4,13.7931034482759,0,0,3,10.3448275862069,"Derecha (5-7)"
"andres pastrana arango","Andres Pastrana Arango","Colombia",1998-08-07,2002-08-07,6,6.28999996185303,6.1399998664856,3.5,6.42999982833862,3.14000010490417,3,3.5699999332428,23,7,30.4347826086957,4,17.3913043478261,1,4.34782608695652,6,26.0869565217391,"Derecha (5-7)"
"carlos saul menem","Carlos Saul Menem2","Argentina",1995-07-08,1999-12-10,6.30000019073486,6.19999980926514,5.80000019073486,4.69999980926514,6.09999990463257,3.09999990463257,4.40000009536743,4.40000009536743,33,6,18.1818181818182,2,6.06060606060606,1,3.03030303030303,11,33.3333333333333,"Derecha (5-7)"
"cristina fernandez de kirchner","Cristina Fernandez1","Argentina",2007-12-10,2011-12-10,2.5,2,2,2.5,2.20000004768372,3.5,3.20000004768372,3.40000009536743,34,19,55.8823529411765,0,0,1,2.94117647058824,6,17.6470588235294,"Izquierda (1-3)"
"cristina fernandez de kirchner","Cristina Fernandez2","Argentina",2011-12-10,2015-12-10,1.89999997615814,1.70000004768372,2,2,1.70000004768372,3.5,3.40000009536743,3.40000009536743,15,5,33.3333333333333,0,0,1,6.66666666666667,6,40,"Izquierda (1-3)"
"dilma rousseff","Dilma Rousseff","Brasil",2011-01-01,2015-01-01,3,3.44000005722046,2.89000010490417,3.10999989509583,2.44000005722046,3.89000010490417,2.89000010490417,3.77999997138977,28,12,42.8571428571429,1,3.57142857142857,0,0,10,35.7142857142857,"Centro (3-5)"
"dilma rousseff","Dilma Rousseff2","Brasil",2015-01-01,2016-08-31,2.6,3.3,2.9,3.6,2.63,4.27,4,2.81,11,7,63.6363636363636,1,9.09090909090909,0,0,3,27.2727272727273,"Izquierda (1-3)"
"eduardo duhalde","Eduardo Alberto Duhalde","Argentina",2002-01-01,2003-05-25,4.59999990463257,4.32999992370605,4,5.09999990463257,4.09999990463257,3.40000009536743,4.19999980926514,3.79999995231628,9,5,55.5555555555556,0,0,0,0,3,33.3333333333333,"Centro (3-5)"
"eduardo frei ruiz-tagle","Eduardo Frei Ruiz-Tagle","Chile",1994-03-11,2000-03-11,4.1399998664856,6,4.57000017166138,5.1399998664856,4.1399998664856,4,4.42999982833862,5,29,12,41.3793103448276,2,6.89655172413793,1,3.44827586206897,6,20.6896551724138,"Centro (3-5)"
"ernesto samper pizano","Ernesto Samper Pizano","Colombia",1994-08-07,1998-08-07,4.1399998664856,5,3.71000003814697,4.32999992370605,3.28999996185303,3.85999989509583,3.14000010490417,3.71000003814697,10,2,20,0,0,1,10,1,10,"Centro (3-5)"
"evo morales","Juan Evo Morales Ayma1","Bolivia",2006-01-22,2010-01-22,2.20000004768372,3.20000004768372,1.70000004768372,2,1.29999995231628,4.90000009536743,4.5,3.79999995231628,23,15,65.2173913043478,0,0,0,0,5,21.7391304347826,"Izquierda (1-3)"
"evo morales","Juan Evo Morales Ayma2","Bolivia",2010-01-22,2015-01-22,2.90000009536743,3.59999990463257,2.20000004768372,2.79999995231628,1.70000004768372,4.80000019073486,4.59999990463257,3.90000009536743,26,13,50,0,0,2,7.69230769230769,8,30.7692307692308,"Izquierda (1-3)"
"evo morales","Juan Evo Morales Ayma3","Bolivia",2015-01-22,2019-11-10,4,4,3,5,1,4,4,4,28,16,57.1428571428571,0,0,1,3.57142857142857,10,35.7142857142857,"Centro (3-5)"
"fernando de la rua","Fernando de la Rua","Argentina",1999-12-10,2001-12-20,5.90000009536743,6.09999990463257,5.5,4.59999990463257,5.90000009536743,3,4,4.09999990463257,13,5,38.4615384615385,2,15.3846153846154,1,7.69230769230769,4,30.7692307692308,"Derecha (5-7)"
"fernando henrique cardoso","Fernando Henrique Cardoso1","Brasil",1995-01-01,1999-01-01,4.78000020980835,5,5,3.67000007629394,4.67000007629395,3.32999992370606,4.55999994277954,4.67000007629395,29,9,31.0344827586207,1,3.44827586206897,1,3.44827586206897,12,41.3793103448276,"Centro (3-5)"
"fernando henrique cardoso","Fernando Henrique Cardoso2","Brasil",1999-01-01,2003-01-01,4.78000020980835,5,4.8899998664856,3.67000007629394,4.44000005722046,3.32999992370606,4.44000005722046,4.67000007629395,37,16,43.2432432432432,2,5.40540540540541,0,0,17,45.9459459459459,"Centro (3-5)"
"fernando lugo","Fernando Armindo Lugo Mendez","Paraguay",2008-08-15,2012-06-22,2.59999990463257,4,2.59999990463257,3.40000009536743,3.20000004768372,3.79999995231628,4.40000009536743,4,19,10,52.6315789473684,1,5.26315789473684,0,0,1,5.26315789473684,"Izquierda (1-3)"
"gonzalo sanchez de lozada","Gonzalo Sanchez de Lozada","Bolivia",1993-08-06,1997-08-06,5.90000009536743,6.40000009536743,6.09999990463257,5.59999990463257,6.69999980926514,2.40000009536743,3.90000009536743,4.59999990463257,13,8,61.5384615384615,0,0,1,7.69230769230769,4,30.7692307692308,"Derecha (5-7)"
"gustavo noboa","Gustavo Jose Joaquin Noboa Bejarano","Ecuador",2000-01-22,2003-01-15,6.32999992370605,5.82999992370605,6.17000007629395,4.17000007629395,5.67000007629395,2.17000007629394,3.17000007629394,3.17000007629394,8,4,50,0,0,1,12.5,1,12.5,"Derecha (5-7)"
"horacio cartes","Horacio Manuel Cartes Jara","Paraguay",2013-08-15,2018-08-15,5.59999990463257,5,4.19999980926514,4.40000009536743,5.40000009536743,2.59999990463257,4.59999990463257,4.40000009536743,27,14,51.8518518518519,0,0,0,0,8,29.6296296296296,"Derecha (5-7)"
"hugo chavez","Hugo Chavez1","Venezuela",1999-02-02,2000-08-19,2.13000011444092,1.75,1.87999999523163,1.75,1.87999999523163,3.5,4.88000011444092,3.5,21,2,9.52380952380952,0,0,2,9.52380952380952,3,14.2857142857143,"Izquierda (1-3)"
"hugo chavez","Hugo Chavez2","Venezuela",2000-08-19,2007-01-10,1.62999999523163,1.75,1.87999999523163,1.62999999523163,1.62999999523163,3.5,5,3.5,97,53,54.639175257732,0,0,3,3.09278350515464,16,16.4948453608247,"Izquierda (1-3)"
"hugo chavez","Hugo Chavez3","Venezuela",2007-01-10,2013-03-05,1.25,1.75,1.5,1.25,1.5,3.38000011444092,5,3.38000011444092,92,60,65.2173913043478,0,0,2,2.17391304347826,17,18.4782608695652,"Izquierda (1-3)"
"ivan duque","Iván Duque Márquez","Colombia",2018-08-07,2022-08-07,6,5.25,6.75,3,6.25,4.25,4,2.75,33,19,57.5757575757576,3,9.09090909090909,1,3.03030303030303,8,24.2424242424242,"Derecha (5-7)"
"jair bolsonaro","Jair Messias Bolsonaro","Brasil",2019-01-01,2023-01-01,6.6,5.1,6.3,1.72,6.36,3.1,2.54,1.63,15,2,13.3333333333333,2,13.3333333333333,1,6.66666666666667,2,13.3333333333333,"Derecha (5-7)"
"jorge batlle","Jorge Luis Batlle Ibanez","Uruguay",2000-03-01,2005-03-01,5.44999980926514,5.26999998092651,5.82000017166138,3.64000010490417,6,2.91000008583069,3.91000008583069,4.44999980926514,13,6,46.1538461538462,2,15.3846153846154,1,7.69230769230769,2,15.3846153846154,"Derecha (5-7)"
"jose mujica","Jose Alberto Mujica Cordano","Uruguay",2010-03-01,2015-03-01,2.5,3.1800000667572,2.35999989509583,2.91000008583069,2.35999989509583,3.35999989509583,3.91000008583069,4.09000015258789,32,23,71.875,1,3.125,1,3.125,7,21.875,"Izquierda (1-3)"
"juan carlos wasmosy","Juan Carlos Maria Wasmosy Monti","Paraguay",1993-08-15,1998-08-15,5.75,4,5.40000009536743,4.75,5.80000019073486,3.20000004768372,4.19999980926514,4.40000009536743,20,13,65,0,0,0,0,3,15,"Derecha (5-7)"
"juan manuel santos","Juan Manuel Santos Calderon","Colombia",2010-08-07,2014-08-07,4.57000017166138,6.71000003814697,6.1399998664856,5.32999992370605,6,3.71000003814697,5,5,29,14,48.2758620689655,1,3.44827586206897,1,3.44827586206897,6,20.6896551724138,"Centro (3-5)"
"juan manuel santos","Juan Manuel Santos Calderon2","Colombia",2014-08-07,2018-08-07,5,5.5,4.75,5.66,5,4.25,4.5,5,38,14,36.8421052631579,2,5.26315789473684,0,0,21,55.2631578947368,"Derecha (5-7)"
"julio maria sanguinetti","Julio Maria Sanguinetti Coirolo2","Uruguay",1995-03-01,2000-03-01,4.82000017166138,4.44999980926514,4.6399998664856,3.8199999332428,4.55000019073486,3.45000004768372,4.26999998092651,4.3600001335144,12,5,41.6666666666667,1,8.33333333333333,1,8.33333333333333,1,8.33333333333333,"Centro (3-5)"
"lenin moreno","Lenín Moreno Garcés","Ecuador",2017-05-24,2021-05-24,6,5.33,6.5,3.75,6.5,2.25,2.5,3.375,12,4,33.3333333333333,1,8.33333333333333,1,8.33333333333333,5,41.6666666666667,"Derecha (5-7)"
"lucio gutierrez","Lucio Edwin Gutierrez Borba","Ecuador",2003-01-15,2005-04-20,5.32999992370605,5.67000007629395,6.17000007629395,3.82999992370606,6.32999992370605,2.17000007629394,3,3.32999992370606,5,3,60,1,20,1,20,0,0,"Derecha (5-7)"
"luis arce","Luis Arce","Bolivia",2020-11-08,2025-11-08,5,4,4,5,2,4,4,3,12,11,91.6666666666667,0,0,0,0,1,8.33333333333333,"Derecha (5-7)"
"luis lacalle pou","Luis Alberto Lacalle Pou","Uruguay",2020-03-01,2025-03-01,5.83,6.5,6.5,2.83,6.33,4,5,5,14,8,57.1428571428571,1,7.14285714285714,1,7.14285714285714,2,14.2857142857143,"Derecha (5-7)"
"luiz inacio lula da silva","Luiz Inacio Lula da Silva1","Brasil",2003-01-01,2007-01-01,2.44000005722046,3.32999992370606,2,3.10999989509583,2,4.32999992370605,4.8899998664856,4.55999994277954,59,24,40.6779661016949,1,1.69491525423729,1,1.69491525423729,11,18.6440677966102,"Izquierda (1-3)"
"luiz inacio lula da silva","Luiz Inacio Lula da Silva2","Brasil",2007-01-01,2011-01-01,2.55999994277954,3.22000002861023,2.10999989509583,3.22000002861023,2.10999989509583,4.32999992370605,4.78000020980835,4.32999992370605,86,36,41.8604651162791,2,2.32558139534884,2,2.32558139534884,25,29.0697674418605,"Izquierda (1-3)"
"mario abdo benitez","Mario Abdo Beníte","Paraguay",2018-08-15,2023-08-15,6.6,5.4,4.6,4.8,6,3.4,3.6,4,23,14,60.8695652173913,1,4.34782608695652,0,0,6,26.0869565217391,"Derecha (5-7)"
"martin vizcarra","Martín Vizcarra","Peru",2018-03-23,2020-11-09,4.5,5.5,4.5,4,4,3.5,3.5,3,7,5,71.4285714285714,0,0,0,0,2,28.5714285714286,"Centro (3-5)"
"mauricio macri","Mauricio Macri","Argentina",2015-12-10,2019-12-10,6.3,5.9,5.9,3.5,6,2.2,4.3,4.6,27,11,40.7407407407407,1,3.7037037037037,0,0,10,37.037037037037,"Derecha (5-7)"
"michel temer","Michel Temmer","Brasil",2016-08-31,2019-01-01,5.1,4.9,5.1,4.45,4.45,3.18,4.54,3.27,7,4,57.1428571428571,0,0,0,0,2,28.5714285714286,"Derecha (5-7)"
"michelle bachelet","Michelle Bachelet","Chile",2014-03-11,2018-03-11,2.9,5.63,4.18,4,4.18,3.6,3.72,3.9,25,12,48,1,4,0,0,7,28,"Izquierda (1-3)"
"michelle bachelet","Veronica Michelle Bachelet Jeria","Chile",2006-03-11,2010-03-11,2.85999989509583,5.57000017166138,3.85999989509583,4.57000017166138,3.71000003814697,4.42999982833862,5,4.8600001335144,41,23,56.0975609756098,2,4.8780487804878,1,2.4390243902439,10,24.390243902439,"Izquierda (1-3)"
"nestor kirchner","Nestor Carlos Kirchner","Argentina",2003-05-25,2007-12-10,2.79999995231628,2.70000004768372,2.20000004768372,3.20000004768372,2.79999995231628,3.59999990463257,3.70000004768372,4,26,17,65.3846153846154,1,3.84615384615385,1,3.84615384615385,7,26.9230769230769,"Izquierda (1-3)"
"nicanor duarte","Oscar Nicanor Duarte Frutos","Paraguay",2003-08-15,2008-08-15,3.79999995231628,4.19999980926514,3.20000004768372,4.19999980926514,3.79999995231628,3.59999990463257,4.40000009536743,4,14,6,42.8571428571429,0,0,0,0,5,35.7142857142857,"Centro (3-5)"
"nicolas maduro","Nicolas Maduro Moros","Venezuela",2013-04-19,2019-01-10,1.37999999523163,1.75,1.5,1.12999999523163,1.5,3.5,4.25,2.63000011444092,40,22,55,0,0,3,7.5,6,15,"Izquierda (1-3)"
"nicolas maduro","Nicolas Maduro Moros2","Venezuela",2019-01-10,2099-12-31,4.5,3.5,3,4,2.5,3,4.5,4,10,1,10,0,0,1,10,2,20,"Centro (3-5)"
"ollanta humala","Ollanta Moises Humala Tasso","Peru",2011-07-28,2016-07-28,4.55999994277954,5.67000007629395,4.44000005722046,4.78000020980835,4.78000020980835,4,4,4.1100001335144,27,10,37.037037037037,1,3.7037037037037,0,0,9,33.3333333333333,"Centro (3-5)"
"pedro pablo kuczynski","Pedro Pablo Kuczynski","Peru",2016-07-28,2018-03-23,6.4,6,6.5,5.5,5.5,3,4,4.5,8,4,50,1,12.5,1,12.5,2,25,"Derecha (5-7)"
"rafael caldera","Rafael Antonio Caldera Rodriguez","Venezuela",1994-02-02,1999-02-02,4.13000011444092,4.38000011444092,4.38000011444092,4.13000011444092,4.75,3.75,3.5,3.75,12,5,41.6666666666667,0,0,0,0,7,58.3333333333333,"Centro (3-5)"
"rafael correa","Rafael Vicente Correa Delgado1","Ecuador",2007-01-15,2009-08-10,1.83000004291534,1.83000004291534,1.66999995708466,1.83000004291534,1.66999995708466,4.67000007629395,3.67000007629394,3.5,22,15,68.1818181818182,0,0,1,4.54545454545455,4,18.1818181818182,"Izquierda (1-3)"
"rafael correa","Rafael Vicente Correa Delgado2","Ecuador",2009-08-10,2013-05-24,2.82999992370606,2.17000007629394,2,2,1.83000004291534,4.17000007629395,3.5,3.32999992370606,16,7,43.75,0,0,0,0,6,37.5,"Izquierda (1-3)"
"rafael correa","Rafael Vicente Correa Delgado3","Ecuador",2013-05-24,2017-05-24,3.5,2.17000007629394,2.67000007629394,2.32999992370606,2,4,3.5,3.32999992370606,14,7,50,0,0,0,0,6,42.8571428571429,"Centro (3-5)"
"ricardo lagos escobar","Ricardo Froilin Lagos Escobar","Chile",2000-03-11,2006-03-11,3.5699999332428,6,4.42999982833862,5.1399998664856,3.5699999332428,4.1399998664856,5,5,67,30,44.7761194029851,2,2.98507462686567,0,0,22,32.8358208955224,"Centro (3-5)"
"sebastian pinera","Sebastian Pinera","Chile",2010-03-11,2014-03-11,5.69999980926514,5.57999992370605,5.23000001907349,4.53999996185303,5.42999982833862,5,5,5,29,11,37.9310344827586,1,3.44827586206897,1,3.44827586206897,8,27.5862068965517,"Derecha (5-7)"
"sebastian pinera","Sebastián Piñera2","Chile",2018-03-11,2022-03-11,5.81,6.63,6.27,4.81,5.54,4.27,5,4.45,32,17,53.125,0,0,0,0,11,34.375,"Derecha (5-7)"
"sixto duran-ballen","Sixto Alfonso Duran Ballen Cordovez","Ecuador",1992-08-10,1996-08-10,6.5,6.17000007629395,6.17000007629395,4.82999992370605,6.17000007629395,3.67000007629394,3.5,3.67000007629394,5,3,60,0,0,0,0,1,20,"Derecha (5-7)"
"tabare vazquez","Tabare Ramon Vazquez Rosas","Uruguay",2005-03-01,2010-03-01,3,3.64000010490417,3.35999989509583,3.35999989509583,3.45000004768372,3.73000001907349,4.3600001335144,4.55000019073486,31,19,61.2903225806452,1,3.2258064516129,1,3.2258064516129,4,12.9032258064516,"Centro (3-5)"
"tabare vazquez","Tabaré Vázquez","Uruguay",2015-03-01,2020-03-01,2.83,4.16,3.66,3.66,3.16,4,4.66,4.5,13,5,38.4615384615385,0,0,0,0,6,46.1538461538462,"Izquierda (1-3)"
