"TripID","TripStartDate","Periodo5","CountryVisited","presidente_origen","ideology_origen","Mandato_asignado_inicio","Mandato_asignado_fin","ideology_destino","presidente_destino","bloque_origen","bloque_destino","misma_ideologia"
"334-ARG-BRA-34750",1995-02-20,1995,"Brazil","Carlos Saul Menem1",6.09999990463257,1995-01-01,1999-01-01,4.78000020980835,"Fernando Henrique Cardoso1","Derecha","Centro",FALSE
"334-ARG-BRA-35547",1997-04-27,1995,"Brazil","Carlos Saul Menem2",6.30000019073486,1995-01-01,1999-01-01,4.78000020980835,"Fernando Henrique Cardoso1","Derecha","Centro",FALSE
"334-ARG-VEN-36193",1999-02-02,1995,"Venezuela","Carlos Saul Menem2",6.30000019073486,1999-02-02,2000-08-19,2.13000011444092,"Hugo Chavez1","Derecha","Izquierda",FALSE
"334-ARG-BRA-36203",1999-02-12,1995,"Brazil","Carlos Saul Menem2",6.30000019073486,1999-01-01,2003-01-01,4.78000020980835,"Fernando Henrique Cardoso2","Derecha","Centro",FALSE
"334-ARG-CHL-36392",1999-08-20,1995,"Chile","Carlos Saul Menem2",6.30000019073486,1994-03-11,2000-03-11,4.1399998664856,"Eduardo Frei Ruiz-Tagle","Derecha","Centro",FALSE
"334-ARG-BRA-36454",1999-10-21,1995,"Brazil","Carlos Saul Menem2",6.30000019073486,1999-01-01,2003-01-01,4.78000020980835,"Fernando Henrique Cardoso2","Derecha","Centro",FALSE
"1473-ARG-PRY-36661",2000-05-15,2000,"Paraguay","Fernando de la Rua",5.90000009536743,1999-03-28,2003-08-15,5.75,"Luis Angel Gonzalez Macchi","Derecha","Derecha",TRUE
"1473-ARG-URY-36719",2000-07-12,2000,"Uruguay","Fernando de la Rua",5.90000009536743,2000-03-01,2005-03-01,5.44999980926514,"Jorge Luis Batlle Ibanez","Derecha","Derecha",TRUE
"1473-ARG-BOL-36835",2000-11-05,2000,"Bolivia","Fernando de la Rua",5.90000009536743,1997-08-06,2001-08-06,6.5,"Hugo Banzer Suarez","Derecha","Derecha",TRUE
"1473-ARG-BRA-37172",2001-10-08,2000,"Brazil","Fernando de la Rua",5.90000009536743,1999-01-01,2003-01-01,4.78000020980835,"Fernando Henrique Cardoso2","Derecha","Centro",FALSE
"1689-ARG-BRA-37524",2002-09-26,2000,"Brazil","Eduardo Alberto Duhalde",4.59999990463257,1999-01-01,2003-01-01,4.78000020980835,"Fernando Henrique Cardoso2","Centro","Centro",TRUE
"1689-ARG-CHL-37558",2002-10-29,2000,"Chile","Eduardo Alberto Duhalde",4.59999990463257,2000-03-11,2006-03-11,3.5699999332428,"Ricardo Froilin Lagos Escobar","Centro","Centro",TRUE
"1689-ARG-BRA-37635",2003-01-14,2000,"Brazil","Eduardo Alberto Duhalde",4.59999990463257,2003-01-01,2007-01-01,2.44000005722046,"Luiz Inacio Lula da Silva1","Centro","Izquierda",FALSE
"1689-ARG-CHL-37734",2003-04-23,2000,"Chile","Eduardo Alberto Duhalde",4.59999990463257,2000-03-11,2006-03-11,3.5699999332428,"Ricardo Froilin Lagos Escobar","Centro","Centro",TRUE
"1689-ARG-URY-37755",2003-05-14,2000,"Uruguay","Eduardo Alberto Duhalde",4.59999990463257,2000-03-01,2005-03-01,5.44999980926514,"Jorge Luis Batlle Ibanez","Centro","Derecha",FALSE
"1826-ARG-BRA-37786",2003-06-11,2000,"Brazil","Nestor Carlos Kirchner",2.79999995231628,2003-01-01,2007-01-01,2.44000005722046,"Luiz Inacio Lula da Silva1","Izquierda","Izquierda",TRUE
"1826-ARG-VEN-37807",2003-07-05,2000,"Venezuela","Nestor Carlos Kirchner",2.79999995231628,2000-08-19,2007-01-10,1.62999999523163,"Hugo Chavez2","Izquierda","Izquierda",TRUE
"1826-ARG-CHL-38058",2004-03-12,2000,"Chile","Nestor Carlos Kirchner",2.79999995231628,2000-03-11,2006-03-11,3.5699999332428,"Ricardo Froilin Lagos Escobar","Izquierda","Centro",FALSE
"1826-ARG-BRA-38062",2004-03-16,2000,"Brazil","Nestor Carlos Kirchner",2.79999995231628,2003-01-01,2007-01-01,2.44000005722046,"Luiz Inacio Lula da Silva1","Izquierda","Izquierda",TRUE
"1826-ARG-BOL-38190",2004-07-22,2000,"Bolivia","Nestor Carlos Kirchner",2.79999995231628,2003-10-17,2005-06-09,4.5,"Carlos Diego Mesa Gisbert","Izquierda","Centro",FALSE
"1826-ARG-VEN-38192",2004-07-24,2000,"Venezuela","Nestor Carlos Kirchner",2.79999995231628,2000-08-19,2007-01-10,1.62999999523163,"Hugo Chavez2","Izquierda","Izquierda",TRUE
"1826-ARG-BOL-38274",2004-10-14,2000,"Bolivia","Nestor Carlos Kirchner",2.79999995231628,2003-10-17,2005-06-09,4.5,"Carlos Diego Mesa Gisbert","Izquierda","Centro",FALSE
"1826-ARG-CHL-38425",2005-03-14,2005,"Chile","Nestor Carlos Kirchner",2.79999995231628,2000-03-11,2006-03-11,3.5699999332428,"Ricardo Froilin Lagos Escobar","Izquierda","Centro",FALSE
"1826-ARG-URY-38444",2005-04-02,2005,"Uruguay","Nestor Carlos Kirchner",2.79999995231628,2005-03-01,2010-03-01,3,"Tabare Ramon Vazquez Rosas","Izquierda","Centro",FALSE
"1826-ARG-CHL-38513",2005-06-10,2005,"Chile","Nestor Carlos Kirchner",2.79999995231628,2000-03-11,2006-03-11,3.5699999332428,"Ricardo Froilin Lagos Escobar","Izquierda","Centro",FALSE
"1826-ARG-VEN-38677",2005-11-21,2005,"Venezuela","Nestor Carlos Kirchner",2.79999995231628,2000-08-19,2007-01-10,1.62999999523163,"Hugo Chavez2","Izquierda","Izquierda",TRUE
"1826-ARG-BRA-38735",2006-01-18,2005,"Brazil","Nestor Carlos Kirchner",2.79999995231628,2003-01-01,2007-01-01,2.44000005722046,"Luiz Inacio Lula da Silva1","Izquierda","Izquierda",TRUE
"1826-ARG-URY-38812",2006-04-05,2005,"Uruguay","Nestor Carlos Kirchner",2.79999995231628,2005-03-01,2010-03-01,3,"Tabare Ramon Vazquez Rosas","Izquierda","Centro",FALSE
"1826-ARG-PRY-38915",2006-07-17,2005,"Paraguay","Nestor Carlos Kirchner",2.79999995231628,2003-08-15,2008-08-15,3.79999995231628,"Oscar Nicanor Duarte Frutos","Izquierda","Centro",FALSE
"1826-ARG-BOL-39009",2006-10-19,2005,"Bolivia","Nestor Carlos Kirchner",2.79999995231628,2006-01-22,2010-01-22,2.20000004768372,"Juan Evo Morales Ayma1","Izquierda","Izquierda",TRUE
"1826-ARG-VEN-39133",2007-02-20,2005,"Venezuela","Nestor Carlos Kirchner",2.79999995231628,2007-01-10,2013-03-05,1.25,"Hugo Chavez3","Izquierda","Izquierda",TRUE
"2320-ARG-VEN-39513",2008-03-06,2005,"Venezuela","Cristina Fernandez1",2.5,2007-01-10,2013-03-05,1.25,"Hugo Chavez3","Izquierda","Izquierda",TRUE
"2320-ARG-ECU-39558",2008-04-20,2005,"Ecuador","Cristina Fernandez1",2.5,2007-01-15,2009-08-10,1.83000004291534,"Rafael Vicente Correa Delgado1","Izquierda","Izquierda",TRUE
"2320-ARG-BRA-39697",2008-09-06,2005,"Brazil","Cristina Fernandez1",2.5,2007-01-01,2011-01-01,2.55999994277954,"Luiz Inacio Lula da Silva2","Izquierda","Izquierda",TRUE
"2320-ARG-CHL-39786",2008-12-04,2005,"Chile","Cristina Fernandez1",2.5,2006-03-11,2010-03-11,2.85999989509583,"Veronica Michelle Bachelet Jeria","Izquierda","Izquierda",TRUE
"2320-ARG-VEN-39835",2009-01-22,2005,"Venezuela","Cristina Fernandez1",2.5,2007-01-10,2013-03-05,1.25,"Hugo Chavez3","Izquierda","Izquierda",TRUE
"2320-ARG-BRA-39892",2009-03-19,2005,"Brazil","Cristina Fernandez1",2.5,2007-01-01,2011-01-01,2.55999994277954,"Luiz Inacio Lula da Silva2","Izquierda","Izquierda",TRUE
"2320-ARG-VEN-40036",2009-08-11,2005,"Venezuela","Cristina Fernandez1",2.5,2007-01-10,2013-03-05,1.25,"Hugo Chavez3","Izquierda","Izquierda",TRUE
"2320-ARG-CHL-40115",2009-10-29,2005,"Chile","Cristina Fernandez1",2.5,2006-03-11,2010-03-11,2.85999989509583,"Veronica Michelle Bachelet Jeria","Izquierda","Izquierda",TRUE
"2320-ARG-BRA-40133",2009-11-16,2005,"Brazil","Cristina Fernandez1",2.5,2007-01-01,2011-01-01,2.55999994277954,"Luiz Inacio Lula da Silva2","Izquierda","Izquierda",TRUE
"2320-ARG-PER-40259",2010-03-22,2010,"Peru","Cristina Fernandez1",2.5,2006-07-28,2011-07-28,5.67000007629395,"Alan Gabriel Ludwig Garcia Perez2","Izquierda","Derecha",FALSE
"2320-ARG-BOL-40263",2010-03-26,2010,"Bolivia","Cristina Fernandez1",2.5,2010-01-22,2015-01-22,2.90000009536743,"Juan Evo Morales Ayma2","Izquierda","Izquierda",TRUE
"2320-ARG-VEN-40287",2010-04-18,2010,"Venezuela","Cristina Fernandez1",2.5,2007-01-10,2013-03-05,1.25,"Hugo Chavez3","Izquierda","Izquierda",TRUE
"2320-ARG-URY-40331",2010-06-02,2010,"Uruguay","Cristina Fernandez1",2.5,2010-03-01,2015-03-01,2.5,"Jose Alberto Mujica Cordano","Izquierda","Izquierda",TRUE
"2320-ARG-BRA-40753",2011-07-29,2010,"Brazil","Cristina Fernandez1",2.5,2011-01-01,2015-01-01,3,"Dilma Rousseff","Izquierda","Centro",FALSE
"2320-ARG-URY-40784",2011-08-29,2010,"Uruguay","Cristina Fernandez1",2.5,2010-03-01,2015-03-01,2.5,"Jose Alberto Mujica Cordano","Izquierda","Izquierda",TRUE
"2320-ARG-BOL-41107",2012-07-17,2010,"Bolivia","Cristina Fernandez2",1.89999997615814,2010-01-22,2015-01-22,2.90000009536743,"Juan Evo Morales Ayma2","Izquierda","Izquierda",TRUE
"2320-ARG-COL-41473",2013-07-18,2010,"Colombia","Cristina Fernandez2",1.89999997615814,2010-08-07,2014-08-07,4.57000017166138,"Juan Manuel Santos Calderon","Izquierda","Centro",FALSE
"2320-ARG-URY-41513",2013-08-27,2010,"Uruguay","Cristina Fernandez2",1.89999997615814,2010-03-01,2015-03-01,2.5,"Jose Alberto Mujica Cordano","Izquierda","Izquierda",TRUE
"2320-ARG-PRY-41864",2014-08-13,2010,"Paraguay","Cristina Fernandez2",1.89999997615814,2013-08-15,2018-08-15,5.59999990463257,"Horacio Manuel Cartes Jara","Izquierda","Derecha",FALSE
"3169-ARG-URY-42376",2016-01-07,2015,"Uruguay","Mauricio Macri",6.3,2015-03-01,2020-03-01,2.83,"Tabaré Vázquez","Derecha","Izquierda",FALSE
"3169-ARG-COL-42640",2016-09-27,2015,"Colombia","Mauricio Macri",6.3,2014-08-07,2018-08-07,5,"Juan Manuel Santos Calderon2","Derecha","Derecha",TRUE
"3169-ARG-BRA-42773",2017-02-07,2015,"Brazil","Mauricio Macri",6.3,2016-08-31,2019-01-01,5.1,"Michel Temmer","Derecha","Derecha",TRUE
"3169-ARG-PRY-42810",2017-03-16,2015,"Paraguay","Mauricio Macri",6.3,2013-08-15,2018-08-15,5.59999990463257,"Horacio Manuel Cartes Jara","Derecha","Derecha",TRUE
"3169-ARG-CHL-42913",2017-06-27,2015,"Chile","Mauricio Macri",6.3,2014-03-11,2018-03-11,2.9,"Michelle Bachelet","Derecha","Izquierda",FALSE
"3169-ARG-CHL-43170",2018-03-11,2015,"Chile","Mauricio Macri",6.3,2018-03-11,2022-03-11,5.81,"Sebastián Piñera2","Derecha","Derecha",TRUE
"3169-ARG-COL-43319",2018-08-07,2015,"Colombia","Mauricio Macri",6.3,2018-08-07,2022-08-07,6,"Iván Duque Márquez","Derecha","Derecha",TRUE
"3169-ARG-BRA-43481",2019-01-16,2015,"Brazil","Mauricio Macri",6.3,2019-01-01,2023-01-01,6.6,"Jair Messias Bolsonaro","Derecha","Derecha",TRUE
"3169-ARG-URY-43509",2019-02-13,2015,"Uruguay","Mauricio Macri",6.3,2015-03-01,2020-03-01,2.83,"Tabaré Vázquez","Derecha","Izquierda",FALSE
"3670-ARG-URY-44154",2020-11-19,2020,"Uruguay","Alberto Fernandez",3,2020-03-01,2025-03-01,5.83,"Luis Alberto Lacalle Pou","Centro","Derecha",FALSE
"3670-ARG-CHL-44222",2021-01-26,2020,"Chile","Alberto Fernandez",3,2018-03-11,2022-03-11,5.81,"Sebastián Piñera2","Centro","Derecha",FALSE
"3670-ARG-PRY-44711",2022-05-30,2020,"Paraguay","Alberto Fernandez",3,2018-08-15,2023-08-15,6.6,"Mario Abdo Beníte","Centro","Derecha",FALSE
"3670-ARG-COL-44779",2022-08-06,2020,"Colombia","Alberto Fernandez",3,2018-08-07,2022-08-07,6,"Iván Duque Márquez","Centro","Derecha",FALSE
"3670-ARG-BOL-45078",2023-06-01,2020,"Bolivia","Alberto Fernandez",3,2020-11-08,2025-11-08,5,"Luis Arce","Centro","Derecha",FALSE
"3670-ARG-PRY-45152",2023-08-14,2020,"Paraguay","Alberto Fernandez",3,2018-08-15,2023-08-15,6.6,"Mario Abdo Beníte","Centro","Derecha",FALSE
"3670-ARG-URY-45226",2023-10-27,2020,"Uruguay","Alberto Fernandez",3,2020-03-01,2025-03-01,5.83,"Luis Alberto Lacalle Pou","Centro","Derecha",FALSE
"840-BOL-ARG-34410",1994-03-17,1990,"Argentina","Gonzalo Sanchez de Lozada",5.90000009536743,1989-07-08,1995-07-08,6.09999990463257,"Carlos Saul Menem1","Derecha","Derecha",TRUE
"1871-BOL-ARG-38098",2004-04-21,2000,"Argentina","Carlos Diego Mesa Gisbert",4.5,2003-05-25,2007-12-10,2.79999995231628,"Nestor Carlos Kirchner","Centro","Izquierda",FALSE
"2117-BOL-ARG-38897",2006-06-29,2005,"Argentina","Juan Evo Morales Ayma1",2.20000004768372,2003-05-25,2007-12-10,2.79999995231628,"Nestor Carlos Kirchner","Izquierda","Izquierda",TRUE
"2117-BOL-ARG-39472",2008-01-25,2005,"Argentina","Juan Evo Morales Ayma1",2.20000004768372,2007-12-10,2011-12-10,2.5,"Cristina Fernandez1","Izquierda","Izquierda",TRUE
"2117-BOL-ARG-42200",2015-07-15,2015,"Argentina","Juan Evo Morales Ayma3",4,2011-12-10,2015-12-10,1.89999997615814,"Cristina Fernandez2","Centro","Izquierda",FALSE
"2117-BOL-ARG-42264",2015-09-17,2015,"Argentina","Juan Evo Morales Ayma3",4,2011-12-10,2015-12-10,1.89999997615814,"Cristina Fernandez2","Centro","Izquierda",FALSE
"2117-BOL-ARG-43576",2019-04-21,2015,"Argentina","Juan Evo Morales Ayma3",4,2015-12-10,2019-12-10,6.3,"Mauricio Macri","Centro","Derecha",FALSE
"3766-BOL-ARG-44658",2022-04-07,2020,"Argentina","Luis Arce",5,2019-12-10,2023-12-10,3,"Alberto Fernandez","Derecha","Centro",FALSE
"840-BOL-BRA-34562",1994-08-16,1990,"Brazil","Gonzalo Sanchez de Lozada",5.90000009536743,1992-12-29,1995-01-01,4.44000005722046,"Itamar Augusto Cautiero Franco","Derecha","Centro",FALSE
"1871-BOL-BRA-37943",2003-11-18,2000,"Brazil","Carlos Diego Mesa Gisbert",4.5,2003-01-01,2007-01-01,2.44000005722046,"Luiz Inacio Lula da Silva1","Centro","Izquierda",FALSE
"2117-BOL-BRA-39127",2007-02-14,2005,"Brazil","Juan Evo Morales Ayma1",2.20000004768372,2007-01-01,2011-01-01,2.55999994277954,"Luiz Inacio Lula da Silva2","Izquierda","Izquierda",TRUE
"2117-BOL-BRA-39828",2009-01-15,2005,"Brazil","Juan Evo Morales Ayma1",2.20000004768372,2007-01-01,2011-01-01,2.55999994277954,"Luiz Inacio Lula da Silva2","Izquierda","Izquierda",TRUE
"2117-BOL-BRA-42402",2016-02-02,2015,"Brazil","Juan Evo Morales Ayma3",4,2015-01-01,2016-08-31,2.6,"Dilma Rousseff2","Centro","Izquierda",FALSE
"2117-BOL-BRA-43060",2017-11-21,2015,"Brazil","Juan Evo Morales Ayma3",4,2016-08-31,2019-01-01,5.1,"Michel Temmer","Centro","Derecha",FALSE
"3766-BOL-CHL-44630",2022-03-10,2020,"Chile","Luis Arce",5,2018-03-11,2022-03-11,5.81,"Sebastián Piñera2","Derecha","Derecha",TRUE
"1871-BOL-COL-38320",2004-11-29,2000,"Colombia","Carlos Diego Mesa Gisbert",4.5,2002-08-07,2006-08-07,6.8600001335144,"Alvaro Uribe Velez1","Centro","Derecha",FALSE
"2117-BOL-COL-40982",2012-03-14,2010,"Colombia","Juan Evo Morales Ayma2",2.90000009536743,2010-08-07,2014-08-07,4.57000017166138,"Juan Manuel Santos Calderon","Izquierda","Centro",FALSE
"3766-BOL-COL-44779",2022-08-06,2020,"Colombia","Luis Arce",5,2018-08-07,2022-08-07,6,"Iván Duque Márquez","Derecha","Derecha",TRUE
"2117-BOL-ECU-40463",2010-10-12,2010,"Ecuador","Juan Evo Morales Ayma2",2.90000009536743,2009-08-10,2013-05-24,2.82999992370606,"Rafael Vicente Correa Delgado2","Izquierda","Izquierda",TRUE
"2117-BOL-ECU-41478",2013-07-23,2010,"Ecuador","Juan Evo Morales Ayma2",2.90000009536743,2013-05-24,2017-05-24,3.5,"Rafael Vicente Correa Delgado3","Izquierda","Centro",FALSE
"840-BOL-PRY-34407",1994-03-14,1990,"Paraguay","Gonzalo Sanchez de Lozada",5.90000009536743,1993-08-15,1998-08-15,5.75,"Juan Carlos Maria Wasmosy Monti","Derecha","Derecha",TRUE
"840-BOL-PRY-35178",1996-04-23,1995,"Paraguay","Gonzalo Sanchez de Lozada",5.90000009536743,1993-08-15,1998-08-15,5.75,"Juan Carlos Maria Wasmosy Monti","Derecha","Derecha",TRUE
"2117-BOL-PRY-39976",2009-06-12,2005,"Paraguay","Juan Evo Morales Ayma1",2.20000004768372,2008-08-15,2012-06-22,2.59999990463257,"Fernando Armindo Lugo Mendez","Izquierda","Izquierda",TRUE
"2117-BOL-PRY-40312",2010-05-14,2010,"Paraguay","Juan Evo Morales Ayma2",2.90000009536743,2008-08-15,2012-06-22,2.59999990463257,"Fernando Armindo Lugo Mendez","Izquierda","Izquierda",TRUE
"2117-BOL-PRY-42184",2015-06-29,2015,"Paraguay","Juan Evo Morales Ayma3",4,2013-08-15,2018-08-15,5.59999990463257,"Horacio Manuel Cartes Jara","Centro","Derecha",FALSE
"840-BOL-PER-34520",1994-07-05,1990,"Peru","Gonzalo Sanchez de Lozada",5.90000009536743,1990-07-28,1995-07-28,4.78000020980835,"Alberto Kenya Fujimori Fujimori1","Derecha","Centro",FALSE
"1871-BOL-PER-38203",2004-08-04,2000,"Peru","Carlos Diego Mesa Gisbert",4.5,2001-07-28,2006-07-28,4.67000007629395,"Alejandro Celestino Toledo Manrique","Centro","Centro",TRUE
"2117-BOL-PER-39295",2007-08-01,2005,"Peru","Juan Evo Morales Ayma1",2.20000004768372,2006-07-28,2011-07-28,5.67000007629395,"Alan Gabriel Ludwig Garcia Perez2","Izquierda","Derecha",FALSE
"2117-BOL-PER-40470",2010-10-19,2010,"Peru","Juan Evo Morales Ayma2",2.90000009536743,2006-07-28,2011-07-28,5.67000007629395,"Alan Gabriel Ludwig Garcia Perez2","Izquierda","Derecha",FALSE
"2117-BOL-PER-42178",2015-06-23,2015,"Peru","Juan Evo Morales Ayma3",4,2011-07-28,2016-07-28,4.55999994277954,"Ollanta Moises Humala Tasso","Centro","Centro",TRUE
"2117-BOL-PER-42979",2017-09-01,2015,"Peru","Juan Evo Morales Ayma3",4,2016-07-28,2018-03-23,6.4,"Pedro Pablo Kuczynski","Centro","Derecha",FALSE
"2117-BOL-PER-43641",2019-06-25,2015,"Peru","Juan Evo Morales Ayma3",4,2018-03-23,2020-11-09,4.5,"Martín Vizcarra","Centro","Centro",TRUE
"2117-BOL-URY-40007",2009-07-13,2005,"Uruguay","Juan Evo Morales Ayma1",2.20000004768372,2005-03-01,2010-03-01,3,"Tabare Ramon Vazquez Rosas","Izquierda","Centro",FALSE
"2117-BOL-URY-42061",2015-02-26,2015,"Uruguay","Juan Evo Morales Ayma3",4,2010-03-01,2015-03-01,2.5,"Jose Alberto Mujica Cordano","Centro","Izquierda",FALSE
"2117-BOL-VEN-39590",2008-05-22,2005,"Venezuela","Juan Evo Morales Ayma1",2.20000004768372,2007-01-10,2013-03-05,1.25,"Hugo Chavez3","Izquierda","Izquierda",TRUE
"2117-BOL-VEN-39634",2008-07-05,2005,"Venezuela","Juan Evo Morales Ayma1",2.20000004768372,2007-01-10,2013-03-05,1.25,"Hugo Chavez3","Izquierda","Izquierda",TRUE
"2117-BOL-VEN-39750",2008-10-29,2005,"Venezuela","Juan Evo Morales Ayma1",2.20000004768372,2007-01-10,2013-03-05,1.25,"Hugo Chavez3","Izquierda","Izquierda",TRUE
"2117-BOL-VEN-40297",2010-04-29,2010,"Venezuela","Juan Evo Morales Ayma2",2.90000009536743,2007-01-10,2013-03-05,1.25,"Hugo Chavez3","Izquierda","Izquierda",TRUE
"2117-BOL-VEN-40750",2011-07-26,2010,"Venezuela","Juan Evo Morales Ayma2",2.90000009536743,2007-01-10,2013-03-05,1.25,"Hugo Chavez3","Izquierda","Izquierda",TRUE
"2117-BOL-VEN-40803",2011-09-17,2010,"Venezuela","Juan Evo Morales Ayma2",2.90000009536743,2007-01-10,2013-03-05,1.25,"Hugo Chavez3","Izquierda","Izquierda",TRUE
"2117-BOL-VEN-41544",2013-09-27,2010,"Venezuela","Juan Evo Morales Ayma2",2.90000009536743,2013-04-19,2019-01-10,1.37999999523163,"Nicolas Maduro Moros","Izquierda","Izquierda",TRUE
"2117-BOL-VEN-43366",2018-09-23,2015,"Venezuela","Juan Evo Morales Ayma3",4,2013-04-19,2019-01-10,1.37999999523163,"Nicolas Maduro Moros","Centro","Izquierda",FALSE
"2117-BOL-VEN-43497",2019-02-01,2015,"Venezuela","Juan Evo Morales Ayma3",4,2019-01-10,2099-12-31,4.5,"Nicolas Maduro Moros2","Centro","Centro",TRUE
"3766-BOL-VEN-45036",2023-04-20,2020,"Venezuela","Luis Arce",5,2019-01-10,2099-12-31,4.5,"Nicolas Maduro Moros2","Derecha","Centro",FALSE
"3766-BOL-VEN-45189",2023-09-20,2020,"Venezuela","Luis Arce",5,2019-01-10,2099-12-31,4.5,"Nicolas Maduro Moros2","Derecha","Centro",FALSE
"994-BRA-ARG-34747",1995-02-17,1995,"Argentina","Fernando Henrique Cardoso1",4.78000020980835,1989-07-08,1995-07-08,6.09999990463257,"Carlos Saul Menem1","Centro","Derecha",FALSE
"994-BRA-ARG-36504",1999-12-10,1995,"Argentina","Fernando Henrique Cardoso2",4.78000020980835,1999-12-10,2001-12-20,5.90000009536743,"Fernando de la Rua","Centro","Derecha",FALSE
"1780-BRA-ARG-37909",2003-10-15,2000,"Argentina","Luiz Inacio Lula da Silva1",2.44000005722046,2003-05-25,2007-12-10,2.79999995231628,"Nestor Carlos Kirchner","Izquierda","Izquierda",TRUE
"1780-BRA-ARG-38686",2005-11-30,2005,"Argentina","Luiz Inacio Lula da Silva1",2.44000005722046,2003-05-25,2007-12-10,2.79999995231628,"Nestor Carlos Kirchner","Izquierda","Izquierda",TRUE
"1780-BRA-ARG-39198",2007-04-26,2005,"Argentina","Luiz Inacio Lula da Silva2",2.55999994277954,2003-05-25,2007-12-10,2.79999995231628,"Nestor Carlos Kirchner","Izquierda","Izquierda",TRUE
"1780-BRA-ARG-39663",2008-08-03,2005,"Argentina","Luiz Inacio Lula da Silva2",2.55999994277954,2007-12-10,2011-12-10,2.5,"Cristina Fernandez1","Izquierda","Izquierda",TRUE
"1780-BRA-ARG-39925",2009-04-22,2005,"Argentina","Luiz Inacio Lula da Silva2",2.55999994277954,2007-12-10,2011-12-10,2.5,"Cristina Fernandez1","Izquierda","Izquierda",TRUE
"1780-BRA-ARG-40323",2010-05-25,2010,"Argentina","Luiz Inacio Lula da Silva2",2.55999994277954,2007-12-10,2011-12-10,2.5,"Cristina Fernandez1","Izquierda","Izquierda",TRUE
"2652-BRA-ARG-40574",2011-01-31,2010,"Argentina","Dilma Rousseff",3,2007-12-10,2011-12-10,2.5,"Cristina Fernandez1","Centro","Izquierda",FALSE
"2652-BRA-ARG-40886",2011-12-09,2010,"Argentina","Dilma Rousseff",3,2007-12-10,2011-12-10,2.5,"Cristina Fernandez1","Centro","Izquierda",FALSE
"2652-BRA-ARG-41241",2012-11-28,2010,"Argentina","Dilma Rousseff",3,2011-12-10,2015-12-10,1.89999997615814,"Cristina Fernandez2","Centro","Izquierda",FALSE
"2652-BRA-ARG-41389",2013-04-25,2010,"Argentina","Dilma Rousseff",3,2011-12-10,2015-12-10,1.89999997615814,"Cristina Fernandez2","Centro","Izquierda",FALSE
"2652-BRA-ARG-42348",2015-12-10,2015,"Argentina","Dilma Rousseff2",2.6,2015-12-10,2019-12-10,6.3,"Mauricio Macri","Izquierda","Derecha",FALSE
"3531-BRA-ARG-43622",2019-06-06,2015,"Argentina","Jair Messias Bolsonaro",6.6,2015-12-10,2019-12-10,6.3,"Mauricio Macri","Derecha","Derecha",TRUE
"994-BRA-BOL-35902",1998-04-17,1995,"Bolivia","Fernando Henrique Cardoso1",4.78000020980835,1997-08-06,2001-08-06,6.5,"Hugo Banzer Suarez","Centro","Derecha",FALSE
"994-BRA-BOL-36200",1999-02-09,1995,"Bolivia","Fernando Henrique Cardoso2",4.78000020980835,1997-08-06,2001-08-06,6.5,"Hugo Banzer Suarez","Centro","Derecha",FALSE
"994-BRA-BOL-36868",2000-12-08,2000,"Bolivia","Fernando Henrique Cardoso2",4.78000020980835,1997-08-06,2001-08-06,6.5,"Hugo Banzer Suarez","Centro","Derecha",FALSE
"994-BRA-BOL-37069",2001-06-27,2000,"Bolivia","Fernando Henrique Cardoso2",4.78000020980835,1997-08-06,2001-08-06,6.5,"Hugo Banzer Suarez","Centro","Derecha",FALSE
"1780-BRA-BOL-38176",2004-07-09,2000,"Bolivia","Luiz Inacio Lula da Silva1",2.44000005722046,2003-10-17,2005-06-09,4.5,"Carlos Diego Mesa Gisbert","Izquierda","Centro",FALSE
"1780-BRA-BOL-39432",2007-12-16,2005,"Bolivia","Luiz Inacio Lula da Silva2",2.55999994277954,2006-01-22,2010-01-22,2.20000004768372,"Juan Evo Morales Ayma1","Izquierda","Izquierda",TRUE
"1780-BRA-BOL-39828",2009-01-15,2005,"Bolivia","Luiz Inacio Lula da Silva2",2.55999994277954,2006-01-22,2010-01-22,2.20000004768372,"Juan Evo Morales Ayma1","Izquierda","Izquierda",TRUE
"1780-BRA-BOL-40047",2009-08-22,2005,"Bolivia","Luiz Inacio Lula da Silva2",2.55999994277954,2006-01-22,2010-01-22,2.20000004768372,"Juan Evo Morales Ayma1","Izquierda","Izquierda",TRUE
"2652-BRA-BOL-42026",2015-01-22,2015,"Bolivia","Dilma Rousseff2",2.6,2015-01-22,2019-11-10,4,"Juan Evo Morales Ayma3","Izquierda","Centro",FALSE
"2652-BRA-BOL-42360",2015-12-22,2015,"Bolivia","Dilma Rousseff2",2.6,2015-01-22,2019-11-10,4,"Juan Evo Morales Ayma3","Izquierda","Centro",FALSE
"994-BRA-CHL-34764",1995-03-06,1995,"Chile","Fernando Henrique Cardoso1",4.78000020980835,1994-03-11,2000-03-11,4.1399998664856,"Eduardo Frei Ruiz-Tagle","Centro","Centro",TRUE
"994-BRA-CHL-37332",2002-03-17,2000,"Chile","Fernando Henrique Cardoso2",4.78000020980835,2000-03-11,2006-03-11,3.5699999332428,"Ricardo Froilin Lagos Escobar","Centro","Centro",TRUE
"994-BRA-CHL-37394",2002-05-18,2000,"Chile","Fernando Henrique Cardoso2",4.78000020980835,2000-03-11,2006-03-11,3.5699999332428,"Ricardo Froilin Lagos Escobar","Centro","Centro",TRUE
"1780-BRA-CHL-37852",2003-08-19,2000,"Chile","Luiz Inacio Lula da Silva1",2.44000005722046,2000-03-11,2006-03-11,3.5699999332428,"Ricardo Froilin Lagos Escobar","Izquierda","Centro",FALSE
"1780-BRA-CHL-38221",2004-08-23,2000,"Chile","Luiz Inacio Lula da Silva1",2.44000005722046,2000-03-11,2006-03-11,3.5699999332428,"Ricardo Froilin Lagos Escobar","Izquierda","Centro",FALSE
"1780-BRA-CHL-38787",2006-03-11,2005,"Chile","Luiz Inacio Lula da Silva1",2.44000005722046,2006-03-11,2010-03-11,2.85999989509583,"Veronica Michelle Bachelet Jeria","Izquierda","Izquierda",TRUE
"1780-BRA-CHL-39899",2009-03-27,2005,"Chile","Luiz Inacio Lula da Silva2",2.55999994277954,2006-03-11,2010-03-11,2.85999989509583,"Veronica Michelle Bachelet Jeria","Izquierda","Izquierda",TRUE
"1780-BRA-CHL-40238",2010-03-01,2010,"Chile","Luiz Inacio Lula da Silva2",2.55999994277954,2006-03-11,2010-03-11,2.85999989509583,"Veronica Michelle Bachelet Jeria","Izquierda","Izquierda",TRUE
"2652-BRA-CHL-41709",2014-03-10,2010,"Chile","Dilma Rousseff",3,2010-03-11,2014-03-11,5.69999980926514,"Sebastian Pinera","Centro","Derecha",FALSE
"2652-BRA-CHL-42426",2016-02-26,2015,"Chile","Dilma Rousseff2",2.6,2014-03-11,2018-03-11,2.9,"Michelle Bachelet","Izquierda","Izquierda",TRUE
"3224-BRA-CHL-43425",2018-11-21,2015,"Chile","Michel Temmer",5.1,2018-03-11,2022-03-11,5.81,"Sebastián Piñera2","Derecha","Derecha",TRUE
"756-BRA-COL-34356",1994-01-22,1990,"Colombia","Itamar Augusto Cautiero Franco",4.44000005722046,1990-08-07,1994-08-07,5.42999982833862,"Cesar Augusto Gaviria Trujillo","Centro","Derecha",FALSE
"994-BRA-COL-35740",1997-11-07,1995,"Colombia","Fernando Henrique Cardoso1",4.78000020980835,1994-08-07,1998-08-07,4.1399998664856,"Ernesto Samper Pizano","Centro","Centro",TRUE
"994-BRA-COL-36441",1999-10-08,1995,"Colombia","Fernando Henrique Cardoso2",4.78000020980835,1998-08-07,2002-08-07,6,"Andres Pastrana Arango","Centro","Derecha",FALSE
"1780-BRA-COL-38371",2005-01-19,2005,"Colombia","Luiz Inacio Lula da Silva1",2.44000005722046,2002-08-07,2006-08-07,6.8600001335144,"Alvaro Uribe Velez1","Izquierda","Derecha",FALSE
"1780-BRA-COL-38699",2005-12-13,2005,"Colombia","Luiz Inacio Lula da Silva1",2.44000005722046,2002-08-07,2006-08-07,6.8600001335144,"Alvaro Uribe Velez1","Izquierda","Derecha",FALSE
"1780-BRA-COL-40396",2010-08-06,2010,"Colombia","Luiz Inacio Lula da Silva2",2.55999994277954,2006-08-07,2010-08-07,6.8600001335144,"Alvaro Uribe Velez2","Izquierda","Derecha",FALSE
"2652-BRA-COL-42286",2015-10-09,2015,"Colombia","Dilma Rousseff2",2.6,2014-08-07,2018-08-07,5,"Juan Manuel Santos Calderon2","Izquierda","Derecha",FALSE
"994-BRA-ECU-37164",2001-09-30,2000,"Ecuador","Fernando Henrique Cardoso2",4.78000020980835,2000-01-22,2003-01-15,6.32999992370605,"Gustavo Jose Joaquin Noboa Bejarano","Centro","Derecha",FALSE
"1780-BRA-ECU-37636",2003-01-15,2000,"Ecuador","Luiz Inacio Lula da Silva1",2.44000005722046,2003-01-15,2005-04-20,5.32999992370605,"Lucio Edwin Gutierrez Borba","Izquierda","Derecha",FALSE
"1780-BRA-ECU-38223",2004-08-24,2000,"Ecuador","Luiz Inacio Lula da Silva1",2.44000005722046,2003-01-15,2005-04-20,5.32999992370605,"Lucio Edwin Gutierrez Borba","Izquierda","Derecha",FALSE
"1780-BRA-PRY-37847",2003-08-14,2000,"Paraguay","Luiz Inacio Lula da Silva1",2.44000005722046,1999-03-28,2003-08-15,5.75,"Luis Angel Gonzalez Macchi","Izquierda","Derecha",FALSE
"1780-BRA-PRY-37908",2003-10-14,2000,"Paraguay","Luiz Inacio Lula da Silva1",2.44000005722046,2003-08-15,2008-08-15,3.79999995231628,"Oscar Nicanor Duarte Frutos","Izquierda","Centro",FALSE
"1780-BRA-PRY-39192",2007-04-20,2005,"Paraguay","Luiz Inacio Lula da Silva2",2.55999994277954,2003-08-15,2008-08-15,3.79999995231628,"Oscar Nicanor Duarte Frutos","Izquierda","Centro",FALSE
"1780-BRA-PRY-39222",2007-05-20,2005,"Paraguay","Luiz Inacio Lula da Silva2",2.55999994277954,2003-08-15,2008-08-15,3.79999995231628,"Oscar Nicanor Duarte Frutos","Izquierda","Centro",FALSE
"1780-BRA-PRY-40389",2010-07-30,2010,"Paraguay","Luiz Inacio Lula da Silva2",2.55999994277954,2008-08-15,2012-06-22,2.59999990463257,"Fernando Armindo Lugo Mendez","Izquierda","Izquierda",TRUE
"3224-BRA-PRY-43455",2018-12-21,2015,"Paraguay","Michel Temmer",5.1,2018-08-15,2023-08-15,6.6,"Mario Abdo Beníte","Derecha","Derecha",TRUE
"994-BRA-PER-36361",1999-07-20,1995,"Peru","Fernando Henrique Cardoso2",4.78000020980835,1995-07-28,2000-07-28,5.44000005722046,"Alberto Kenya Fujimori Fujimori2","Centro","Derecha",FALSE
"1780-BRA-PER-37857",2003-08-24,2000,"Peru","Luiz Inacio Lula da Silva1",2.44000005722046,2001-07-28,2006-07-28,4.67000007629395,"Alejandro Celestino Toledo Manrique","Izquierda","Centro",FALSE
"1780-BRA-PER-38925",2006-07-27,2005,"Peru","Luiz Inacio Lula da Silva1",2.44000005722046,2001-07-28,2006-07-28,4.67000007629395,"Alejandro Celestino Toledo Manrique","Izquierda","Centro",FALSE
"1780-BRA-PER-40157",2009-12-10,2005,"Peru","Luiz Inacio Lula da Silva2",2.55999994277954,2006-07-28,2011-07-28,5.67000007629395,"Alan Gabriel Ludwig Garcia Perez2","Izquierda","Derecha",FALSE
"1780-BRA-PER-40522",2010-12-10,2010,"Peru","Luiz Inacio Lula da Silva2",2.55999994277954,2006-07-28,2011-07-28,5.67000007629395,"Alan Gabriel Ludwig Garcia Perez2","Izquierda","Derecha",FALSE
"2652-BRA-PER-40752",2011-07-28,2010,"Peru","Dilma Rousseff",3,2011-07-28,2016-07-28,4.55999994277954,"Ollanta Moises Humala Tasso","Centro","Centro",TRUE
"2652-BRA-PER-41589",2013-11-11,2010,"Peru","Dilma Rousseff",3,2011-07-28,2016-07-28,4.55999994277954,"Ollanta Moises Humala Tasso","Centro","Centro",TRUE
"994-BRA-URY-34759",1995-03-01,1995,"Uruguay","Fernando Henrique Cardoso1",4.78000020980835,1995-03-01,2000-03-01,4.82000017166138,"Julio Maria Sanguinetti Coirolo2","Centro","Centro",TRUE
"994-BRA-URY-35554",1997-05-04,1995,"Uruguay","Fernando Henrique Cardoso1",4.78000020980835,1995-03-01,2000-03-01,4.82000017166138,"Julio Maria Sanguinetti Coirolo2","Centro","Centro",TRUE
"994-BRA-URY-37488",2002-08-20,2000,"Uruguay","Fernando Henrique Cardoso2",4.78000020980835,2000-03-01,2005-03-01,5.44999980926514,"Jorge Luis Batlle Ibanez","Centro","Derecha",FALSE
"1780-BRA-URY-39108",2007-01-26,2005,"Uruguay","Luiz Inacio Lula da Silva2",2.55999994277954,2005-03-01,2010-03-01,3,"Tabare Ramon Vazquez Rosas","Izquierda","Centro",FALSE
"1780-BRA-URY-40302",2010-05-04,2010,"Uruguay","Luiz Inacio Lula da Silva2",2.55999994277954,2010-03-01,2015-03-01,2.5,"Jose Alberto Mujica Cordano","Izquierda","Izquierda",TRUE
"1780-BRA-URY-40389",2010-07-30,2010,"Uruguay","Luiz Inacio Lula da Silva2",2.55999994277954,2010-03-01,2015-03-01,2.5,"Jose Alberto Mujica Cordano","Izquierda","Izquierda",TRUE
"2652-BRA-URY-40693",2011-05-30,2010,"Uruguay","Dilma Rousseff",3,2010-03-01,2015-03-01,2.5,"Jose Alberto Mujica Cordano","Centro","Izquierda",FALSE
"2652-BRA-URY-42063",2015-02-28,2015,"Uruguay","Dilma Rousseff2",2.6,2010-03-01,2015-03-01,2.5,"Jose Alberto Mujica Cordano","Izquierda","Izquierda",TRUE
"756-BRA-VEN-34396",1994-03-04,1990,"Venezuela","Itamar Augusto Cautiero Franco",4.44000005722046,1994-02-02,1999-02-02,4.13000011444092,"Rafael Antonio Caldera Rodriguez","Centro","Centro",TRUE
"994-BRA-VEN-34884",1995-07-04,1995,"Venezuela","Fernando Henrique Cardoso1",4.78000020980835,1994-02-02,1999-02-02,4.13000011444092,"Rafael Antonio Caldera Rodriguez","Centro","Centro",TRUE
"994-BRA-VEN-36122",1998-11-23,1995,"Venezuela","Fernando Henrique Cardoso1",4.78000020980835,1994-02-02,1999-02-02,4.13000011444092,"Rafael Antonio Caldera Rodriguez","Centro","Centro",TRUE
"994-BRA-VEN-36622",2000-04-06,2000,"Venezuela","Fernando Henrique Cardoso2",4.78000020980835,1999-02-02,2000-08-19,2.13000011444092,"Hugo Chavez1","Centro","Izquierda",FALSE
"1780-BRA-VEN-38365",2005-01-13,2005,"Venezuela","Luiz Inacio Lula da Silva1",2.44000005722046,2000-08-19,2007-01-10,1.62999999523163,"Hugo Chavez2","Izquierda","Izquierda",TRUE
"1780-BRA-VEN-38396",2005-02-13,2005,"Venezuela","Luiz Inacio Lula da Silva1",2.44000005722046,2000-08-19,2007-01-10,1.62999999523163,"Hugo Chavez2","Izquierda","Izquierda",TRUE
"1780-BRA-VEN-39033",2006-11-12,2005,"Venezuela","Luiz Inacio Lula da Silva1",2.44000005722046,2000-08-19,2007-01-10,1.62999999523163,"Hugo Chavez2","Izquierda","Izquierda",TRUE
"1780-BRA-VEN-39188",2007-04-16,2005,"Venezuela","Luiz Inacio Lula da Silva2",2.55999994277954,2007-01-10,2013-03-05,1.25,"Hugo Chavez3","Izquierda","Izquierda",TRUE
"1780-BRA-VEN-39429",2007-12-13,2005,"Venezuela","Luiz Inacio Lula da Silva2",2.55999994277954,2007-01-10,2013-03-05,1.25,"Hugo Chavez3","Izquierda","Izquierda",TRUE
"1780-BRA-VEN-39626",2008-06-27,2005,"Venezuela","Luiz Inacio Lula da Silva2",2.55999994277954,2007-01-10,2013-03-05,1.25,"Hugo Chavez3","Izquierda","Izquierda",TRUE
"1780-BRA-VEN-39828",2009-01-15,2005,"Venezuela","Luiz Inacio Lula da Silva2",2.55999994277954,2007-01-10,2013-03-05,1.25,"Hugo Chavez3","Izquierda","Izquierda",TRUE
"1780-BRA-VEN-40115",2009-10-29,2005,"Venezuela","Luiz Inacio Lula da Silva2",2.55999994277954,2007-01-10,2013-03-05,1.25,"Hugo Chavez3","Izquierda","Izquierda",TRUE
"2652-BRA-VEN-41383",2013-04-19,2010,"Venezuela","Dilma Rousseff",3,2013-04-19,2019-01-10,1.37999999523163,"Nicolas Maduro Moros","Centro","Izquierda",FALSE
"907-CHL-ARG-35179",1996-04-24,1995,"Argentina","Eduardo Frei Ruiz-Tagle",4.1399998664856,1995-07-08,1999-12-10,6.30000019073486,"Carlos Saul Menem2","Centro","Derecha",FALSE
"907-CHL-ARG-35649",1997-08-07,1995,"Argentina","Eduardo Frei Ruiz-Tagle",4.1399998664856,1995-07-08,1999-12-10,6.30000019073486,"Carlos Saul Menem2","Centro","Derecha",FALSE
"907-CHL-ARG-36144",1998-12-15,1995,"Argentina","Eduardo Frei Ruiz-Tagle",4.1399998664856,1995-07-08,1999-12-10,6.30000019073486,"Carlos Saul Menem2","Centro","Derecha",FALSE
"907-CHL-ARG-36207",1999-02-16,1995,"Argentina","Eduardo Frei Ruiz-Tagle",4.1399998664856,1995-07-08,1999-12-10,6.30000019073486,"Carlos Saul Menem2","Centro","Derecha",FALSE
"1516-CHL-ARG-36663",2000-05-17,2000,"Argentina","Ricardo Froilin Lagos Escobar",3.5699999332428,1999-12-10,2001-12-20,5.90000009536743,"Fernando de la Rua","Centro","Derecha",FALSE
"1516-CHL-ARG-37860",2003-08-27,2000,"Argentina","Ricardo Froilin Lagos Escobar",3.5699999332428,2003-05-25,2007-12-10,2.79999995231628,"Nestor Carlos Kirchner","Centro","Izquierda",FALSE
"2134-CHL-ARG-38797",2006-03-21,2005,"Argentina","Veronica Michelle Bachelet Jeria",2.85999989509583,2003-05-25,2007-12-10,2.79999995231628,"Nestor Carlos Kirchner","Izquierda","Izquierda",TRUE
"2134-CHL-ARG-39425",2007-12-09,2005,"Argentina","Veronica Michelle Bachelet Jeria",2.85999989509583,2003-05-25,2007-12-10,2.79999995231628,"Nestor Carlos Kirchner","Izquierda","Izquierda",TRUE
"2134-CHL-ARG-40235",2010-02-26,2010,"Argentina","Veronica Michelle Bachelet Jeria",2.85999989509583,2007-12-10,2011-12-10,2.5,"Cristina Fernandez1","Izquierda","Izquierda",TRUE
"2556-CHL-ARG-40276",2010-04-08,2010,"Argentina","Sebastian Pinera",5.69999980926514,2007-12-10,2011-12-10,2.5,"Cristina Fernandez1","Derecha","Izquierda",FALSE
"2134-CHL-ARG-41771",2014-05-12,2010,"Argentina","Michelle Bachelet",2.9,2011-12-10,2015-12-10,1.89999997615814,"Cristina Fernandez2","Izquierda","Izquierda",TRUE
"2556-CHL-ARG-43216",2018-04-25,2015,"Argentina","Sebastián Piñera2",5.81,2015-12-10,2019-12-10,6.3,"Mauricio Macri","Derecha","Derecha",TRUE
"2556-CHL-ARG-43738",2019-09-30,2015,"Argentina","Sebastián Piñera2",5.81,2015-12-10,2019-12-10,6.3,"Mauricio Macri","Derecha","Derecha",TRUE
"1516-CHL-BOL-38739",2006-01-22,2005,"Bolivia","Ricardo Froilin Lagos Escobar",3.5699999332428,2006-01-22,2010-01-22,2.20000004768372,"Juan Evo Morales Ayma1","Centro","Izquierda",FALSE
"907-CHL-BRA-34701",1995-01-01,1995,"Brazil","Eduardo Frei Ruiz-Tagle",4.1399998664856,1995-01-01,1999-01-01,4.78000020980835,"Fernando Henrique Cardoso1","Centro","Centro",TRUE
"907-CHL-BRA-35148",1996-03-24,1995,"Brazil","Eduardo Frei Ruiz-Tagle",4.1399998664856,1995-01-01,1999-01-01,4.78000020980835,"Fernando Henrique Cardoso1","Centro","Centro",TRUE
"1516-CHL-BRA-36719",2000-07-12,2000,"Brazil","Ricardo Froilin Lagos Escobar",3.5699999332428,1999-01-01,2003-01-01,4.78000020980835,"Fernando Henrique Cardoso2","Centro","Centro",TRUE
"1516-CHL-BRA-37851",2003-08-19,2000,"Brazil","Ricardo Froilin Lagos Escobar",3.5699999332428,2003-01-01,2007-01-01,2.44000005722046,"Luiz Inacio Lula da Silva1","Centro","Izquierda",FALSE
"1516-CHL-BRA-38460",2005-04-18,2005,"Brazil","Ricardo Froilin Lagos Escobar",3.5699999332428,2003-01-01,2007-01-01,2.44000005722046,"Luiz Inacio Lula da Silva1","Centro","Izquierda",FALSE
"2134-CHL-BRA-38817",2006-04-10,2005,"Brazil","Veronica Michelle Bachelet Jeria",2.85999989509583,2003-01-01,2007-01-01,2.44000005722046,"Luiz Inacio Lula da Silva1","Izquierda","Izquierda",TRUE
"2556-CHL-BRA-40276",2010-04-08,2010,"Brazil","Sebastian Pinera",5.69999980926514,2007-01-01,2011-01-01,2.55999994277954,"Luiz Inacio Lula da Silva2","Derecha","Izquierda",FALSE
"2556-CHL-BRA-43217",2018-04-27,2015,"Brazil","Sebastián Piñera2",5.81,2016-08-31,2019-01-01,5.1,"Michel Temmer","Derecha","Derecha",TRUE
"2556-CHL-BRA-43466",2019-01-01,2015,"Brazil","Sebastián Piñera2",5.81,2019-01-01,2023-01-01,6.6,"Jair Messias Bolsonaro","Derecha","Derecha",TRUE
"2556-CHL-BRA-43705",2019-08-28,2015,"Brazil","Sebastián Piñera2",5.81,2019-01-01,2023-01-01,6.6,"Jair Messias Bolsonaro","Derecha","Derecha",TRUE
"907-CHL-COL-36399",1999-08-27,1995,"Colombia","Eduardo Frei Ruiz-Tagle",4.1399998664856,1998-08-07,2002-08-07,6,"Andres Pastrana Arango","Centro","Derecha",FALSE
"1516-CHL-COL-37596",2002-12-06,2000,"Colombia","Ricardo Froilin Lagos Escobar",3.5699999332428,2002-08-07,2006-08-07,6.8600001335144,"Alvaro Uribe Velez1","Centro","Derecha",FALSE
"1516-CHL-COL-38463",2005-04-21,2005,"Colombia","Ricardo Froilin Lagos Escobar",3.5699999332428,2002-08-07,2006-08-07,6.8600001335144,"Alvaro Uribe Velez1","Centro","Derecha",FALSE
"2134-CHL-COL-39190",2007-04-18,2005,"Colombia","Veronica Michelle Bachelet Jeria",2.85999989509583,2006-08-07,2010-08-07,6.8600001335144,"Alvaro Uribe Velez2","Izquierda","Derecha",FALSE
"2556-CHL-COL-40505",2010-11-23,2010,"Colombia","Sebastian Pinera",5.69999980926514,2010-08-07,2014-08-07,4.57000017166138,"Juan Manuel Santos Calderon","Derecha","Centro",FALSE
"2556-CHL-COL-43319",2018-08-07,2015,"Colombia","Sebastián Piñera2",5.81,2018-08-07,2022-08-07,6,"Iván Duque Márquez","Derecha","Derecha",TRUE
"2556-CHL-COL-43518",2019-02-22,2015,"Colombia","Sebastián Piñera2",5.81,2018-08-07,2022-08-07,6,"Iván Duque Márquez","Derecha","Derecha",TRUE
"2556-CHL-COL-44463",2021-09-24,2020,"Colombia","Sebastián Piñera2",5.81,2018-08-07,2022-08-07,6,"Iván Duque Márquez","Derecha","Derecha",TRUE
"907-CHL-ECU-36401",1999-08-29,1995,"Ecuador","Eduardo Frei Ruiz-Tagle",4.1399998664856,1998-08-10,2000-01-21,6.17000007629395,"Jorge Jamil Mahuad Witt","Centro","Derecha",FALSE
"1516-CHL-ECU-38687",2005-12-01,2005,"Ecuador","Ricardo Froilin Lagos Escobar",3.5699999332428,2005-04-20,2007-01-15,4.5,"Luis Alfredo Palacio Gonzalez","Centro","Centro",TRUE
"2134-CHL-ECU-38937",2006-08-08,2005,"Ecuador","Veronica Michelle Bachelet Jeria",2.85999989509583,2005-04-20,2007-01-15,4.5,"Luis Alfredo Palacio Gonzalez","Izquierda","Centro",FALSE
"2556-CHL-ECU-40396",2010-08-06,2010,"Ecuador","Sebastian Pinera",5.69999980926514,2009-08-10,2013-05-24,2.82999992370606,"Rafael Vicente Correa Delgado2","Derecha","Izquierda",FALSE
"2134-CHL-ECU-43037",2017-10-29,2015,"Ecuador","Michelle Bachelet",2.9,2017-05-24,2021-05-24,6,"Lenín Moreno Garcés","Izquierda","Derecha",FALSE
"1516-CHL-PRY-38120",2004-05-13,2000,"Paraguay","Ricardo Froilin Lagos Escobar",3.5699999332428,2003-08-15,2008-08-15,3.79999995231628,"Oscar Nicanor Duarte Frutos","Centro","Centro",TRUE
"2134-CHL-PRY-38817",2006-04-10,2005,"Paraguay","Veronica Michelle Bachelet Jeria",2.85999989509583,2003-08-15,2008-08-15,3.79999995231628,"Oscar Nicanor Duarte Frutos","Izquierda","Centro",FALSE
"2556-CHL-PRY-43705",2019-08-28,2015,"Paraguay","Sebastián Piñera2",5.81,2018-08-15,2023-08-15,6.6,"Mario Abdo Beníte","Derecha","Derecha",TRUE
"2556-CHL-PRY-44466",2021-09-27,2020,"Paraguay","Sebastián Piñera2",5.81,2018-08-15,2023-08-15,6.6,"Mario Abdo Beníte","Derecha","Derecha",TRUE
"907-CHL-PER-34907",1995-07-27,1995,"Peru","Eduardo Frei Ruiz-Tagle",4.1399998664856,1990-07-28,1995-07-28,4.78000020980835,"Alberto Kenya Fujimori Fujimori1","Centro","Centro",TRUE
"2134-CHL-PER-38925",2006-07-27,2005,"Peru","Veronica Michelle Bachelet Jeria",2.85999989509583,2001-07-28,2006-07-28,4.67000007629395,"Alejandro Celestino Toledo Manrique","Izquierda","Centro",FALSE
"2556-CHL-PER-40507",2010-11-25,2010,"Peru","Sebastian Pinera",5.69999980926514,2006-07-28,2011-07-28,5.67000007629395,"Alan Gabriel Ludwig Garcia Perez2","Derecha","Derecha",TRUE
"2134-CHL-PER-42922",2017-07-06,2015,"Peru","Michelle Bachelet",2.9,2016-07-28,2018-03-23,6.4,"Pedro Pablo Kuczynski","Izquierda","Derecha",FALSE
"2556-CHL-PER-43687",2019-08-10,2015,"Peru","Sebastián Piñera2",5.81,2018-03-23,2020-11-09,4.5,"Martín Vizcarra","Derecha","Centro",FALSE
"2556-CHL-PER-43748",2019-10-10,2015,"Peru","Sebastián Piñera2",5.81,2018-03-23,2020-11-09,4.5,"Martín Vizcarra","Derecha","Centro",FALSE
"1516-CHL-URY-36831",2000-11-01,2000,"Uruguay","Ricardo Froilin Lagos Escobar",3.5699999332428,2000-03-01,2005-03-01,5.44999980926514,"Jorge Luis Batlle Ibanez","Centro","Derecha",FALSE
"2134-CHL-URY-38798",2006-03-22,2005,"Uruguay","Veronica Michelle Bachelet Jeria",2.85999989509583,2005-03-01,2010-03-01,3,"Tabare Ramon Vazquez Rosas","Izquierda","Centro",FALSE
"2134-CHL-URY-39635",2008-07-06,2005,"Uruguay","Veronica Michelle Bachelet Jeria",2.85999989509583,2005-03-01,2010-03-01,3,"Tabare Ramon Vazquez Rosas","Izquierda","Centro",FALSE
"2134-CHL-URY-41894",2014-09-12,2010,"Uruguay","Michelle Bachelet",2.9,2010-03-01,2015-03-01,2.5,"Jose Alberto Mujica Cordano","Izquierda","Izquierda",TRUE
"2556-CHL-URY-43891",2020-03-01,2020,"Uruguay","Sebastián Piñera2",5.81,2020-03-01,2025-03-01,5.83,"Luis Alberto Lacalle Pou","Derecha","Derecha",TRUE
"2556-CHL-URY-44465",2021-09-26,2020,"Uruguay","Sebastián Piñera2",5.81,2020-03-01,2025-03-01,5.83,"Luis Alberto Lacalle Pou","Derecha","Derecha",TRUE
"1516-CHL-VEN-38461",2005-04-20,2005,"Venezuela","Ricardo Froilin Lagos Escobar",3.5699999332428,2000-08-19,2007-01-10,1.62999999523163,"Hugo Chavez2","Centro","Izquierda",FALSE
"1746-COL-ARG-37768",2003-05-27,2000,"Argentina","Alvaro Uribe Velez1",6.8600001335144,2003-05-25,2007-12-10,2.79999995231628,"Nestor Carlos Kirchner","Derecha","Izquierda",FALSE
"1746-COL-ARG-40030",2009-08-05,2005,"Argentina","Alvaro Uribe Velez2",6.8600001335144,2007-12-10,2011-12-10,2.5,"Cristina Fernandez1","Derecha","Izquierda",FALSE
"2597-COL-ARG-40772",2011-08-17,2010,"Argentina","Juan Manuel Santos Calderon",4.57000017166138,2007-12-10,2011-12-10,2.5,"Cristina Fernandez1","Centro","Izquierda",FALSE
"3477-COL-ARG-43625",2019-06-09,2015,"Argentina","Iván Duque Márquez",6,2015-12-10,2019-12-10,6.3,"Mauricio Macri","Derecha","Derecha",TRUE
"1746-COL-BOL-38738",2006-01-22,2005,"Bolivia","Alvaro Uribe Velez1",6.8600001335144,2006-01-22,2010-01-22,2.20000004768372,"Juan Evo Morales Ayma1","Derecha","Izquierda",FALSE
"1746-COL-BOL-40029",2009-08-04,2005,"Bolivia","Alvaro Uribe Velez2",6.8600001335144,2006-01-22,2010-01-22,2.20000004768372,"Juan Evo Morales Ayma1","Derecha","Izquierda",FALSE
"3477-COL-BOL-44142",2020-11-08,2020,"Bolivia","Iván Duque Márquez",6,2020-11-08,2025-11-08,5,"Luis Arce","Derecha","Derecha",TRUE
"1746-COL-BRA-37687",2003-03-07,2000,"Brazil","Alvaro Uribe Velez1",6.8600001335144,2003-01-01,2007-01-01,2.44000005722046,"Luiz Inacio Lula da Silva1","Derecha","Izquierda",FALSE
"1746-COL-BRA-38159",2004-06-21,2000,"Brazil","Alvaro Uribe Velez1",6.8600001335144,2003-01-01,2007-01-01,2.44000005722046,"Luiz Inacio Lula da Silva1","Derecha","Izquierda",FALSE
"1746-COL-BRA-38832",2006-04-25,2005,"Brazil","Alvaro Uribe Velez1",6.8600001335144,2003-01-01,2007-01-01,2.44000005722046,"Luiz Inacio Lula da Silva1","Derecha","Izquierda",FALSE
"1746-COL-BRA-39860",2009-02-16,2005,"Brazil","Alvaro Uribe Velez2",6.8600001335144,2007-01-01,2011-01-01,2.55999994277954,"Luiz Inacio Lula da Silva2","Derecha","Izquierda",FALSE
"1746-COL-BRA-40031",2009-08-06,2005,"Brazil","Alvaro Uribe Velez2",6.8600001335144,2007-01-01,2011-01-01,2.55999994277954,"Luiz Inacio Lula da Silva2","Derecha","Izquierda",FALSE
"1746-COL-BRA-40104",2009-10-18,2005,"Brazil","Alvaro Uribe Velez2",6.8600001335144,2007-01-01,2011-01-01,2.55999994277954,"Luiz Inacio Lula da Silva2","Derecha","Izquierda",FALSE
"2597-COL-BRA-40422",2010-09-01,2010,"Brazil","Juan Manuel Santos Calderon",4.57000017166138,2007-01-01,2011-01-01,2.55999994277954,"Luiz Inacio Lula da Silva2","Centro","Izquierda",FALSE
"2597-COL-BRA-40543",2010-12-31,2010,"Brazil","Juan Manuel Santos Calderon",4.57000017166138,2007-01-01,2011-01-01,2.55999994277954,"Luiz Inacio Lula da Silva2","Centro","Izquierda",FALSE
"2597-COL-BRA-41809",2014-06-19,2010,"Brazil","Juan Manuel Santos Calderon",4.57000017166138,2011-01-01,2015-01-01,3,"Dilma Rousseff","Centro","Centro",TRUE
"2597-COL-BRA-43178",2018-03-19,2015,"Brazil","Juan Manuel Santos Calderon2",5,2016-08-31,2019-01-01,5.1,"Michel Temmer","Derecha","Derecha",TRUE
"3477-COL-BRA-44486",2021-10-17,2020,"Brazil","Iván Duque Márquez",6,2019-01-01,2023-01-01,6.6,"Jair Messias Bolsonaro","Derecha","Derecha",TRUE
"1337-COL-CHL-36595",2000-03-10,2000,"Chile","Andres Pastrana Arango",6,1994-03-11,2000-03-11,4.1399998664856,"Eduardo Frei Ruiz-Tagle","Derecha","Centro",FALSE
"1746-COL-CHL-40030",2009-08-05,2005,"Chile","Alvaro Uribe Velez2",6.8600001335144,2006-03-11,2010-03-11,2.85999989509583,"Veronica Michelle Bachelet Jeria","Derecha","Izquierda",FALSE
"2597-COL-CHL-40769",2011-08-14,2010,"Chile","Juan Manuel Santos Calderon",4.57000017166138,2010-03-11,2014-03-11,5.69999980926514,"Sebastian Pinera","Centro","Derecha",FALSE
"3477-COL-CHL-44142",2020-11-08,2020,"Chile","Iván Duque Márquez",6,2018-03-11,2022-03-11,5.81,"Sebastián Piñera2","Derecha","Derecha",TRUE
"949-COL-ECU-35685",1997-09-12,1995,"Ecuador","Ernesto Samper Pizano",4.1399998664856,1997-02-11,1998-08-10,5,"Fabian Ernesto Alarcon Rivera","Centro","Derecha",FALSE
"1337-COL-ECU-36797",2000-09-28,2000,"Ecuador","Andres Pastrana Arango",6,2000-01-22,2003-01-15,6.32999992370605,"Gustavo Jose Joaquin Noboa Bejarano","Derecha","Derecha",TRUE
"1746-COL-ECU-37855",2003-08-22,2000,"Ecuador","Alvaro Uribe Velez1",6.8600001335144,2003-01-15,2005-04-20,5.32999992370605,"Lucio Edwin Gutierrez Borba","Derecha","Derecha",TRUE
"1746-COL-ECU-38281",2004-10-21,2000,"Ecuador","Alvaro Uribe Velez1",6.8600001335144,2003-01-15,2005-04-20,5.32999992370605,"Lucio Edwin Gutierrez Borba","Derecha","Derecha",TRUE
"1746-COL-ECU-38648",2005-10-23,2005,"Ecuador","Alvaro Uribe Velez1",6.8600001335144,2005-04-20,2007-01-15,4.5,"Luis Alfredo Palacio Gonzalez","Derecha","Centro",FALSE
"2597-COL-ECU-40896",2011-12-19,2010,"Ecuador","Juan Manuel Santos Calderon",4.57000017166138,2009-08-10,2013-05-24,2.82999992370606,"Rafael Vicente Correa Delgado2","Centro","Izquierda",FALSE
"2597-COL-ECU-42484",2016-04-24,2015,"Ecuador","Juan Manuel Santos Calderon2",5,2013-05-24,2017-05-24,3.5,"Rafael Vicente Correa Delgado3","Derecha","Centro",FALSE
"2597-COL-ECU-42781",2017-02-15,2015,"Ecuador","Juan Manuel Santos Calderon2",5,2013-05-24,2017-05-24,3.5,"Rafael Vicente Correa Delgado3","Derecha","Centro",FALSE
"3477-COL-ECU-43438",2018-12-04,2015,"Ecuador","Iván Duque Márquez",6,2017-05-24,2021-05-24,6,"Lenín Moreno Garcés","Derecha","Derecha",TRUE
"3477-COL-ECU-44206",2021-01-10,2020,"Ecuador","Iván Duque Márquez",6,2017-05-24,2021-05-24,6,"Lenín Moreno Garcés","Derecha","Derecha",TRUE
"1746-COL-PRY-40030",2009-08-05,2005,"Paraguay","Alvaro Uribe Velez2",6.8600001335144,2008-08-15,2012-06-22,2.59999990463257,"Fernando Armindo Lugo Mendez","Derecha","Izquierda",FALSE
"2597-COL-PRY-42848",2017-04-23,2015,"Paraguay","Juan Manuel Santos Calderon2",5,2013-08-15,2018-08-15,5.59999990463257,"Horacio Manuel Cartes Jara","Derecha","Derecha",TRUE
"3477-COL-PRY-43327",2018-08-14,2015,"Paraguay","Iván Duque Márquez",6,2013-08-15,2018-08-15,5.59999990463257,"Horacio Manuel Cartes Jara","Derecha","Derecha",TRUE
"1746-COL-PER-38925",2006-07-28,2005,"Peru","Alvaro Uribe Velez1",6.8600001335144,2006-07-28,2011-07-28,5.67000007629395,"Alan Gabriel Ludwig Garcia Perez2","Derecha","Derecha",TRUE
"1746-COL-PER-39313",2007-08-19,2005,"Peru","Alvaro Uribe Velez2",6.8600001335144,2006-07-28,2011-07-28,5.67000007629395,"Alan Gabriel Ludwig Garcia Perez2","Derecha","Derecha",TRUE
"1746-COL-PER-40029",2009-08-04,2005,"Peru","Alvaro Uribe Velez2",6.8600001335144,2006-07-28,2011-07-28,5.67000007629395,"Alan Gabriel Ludwig Garcia Perez2","Derecha","Derecha",TRUE
"2597-COL-PER-41914",2014-10-02,2010,"Peru","Juan Manuel Santos Calderon2",5,2011-07-28,2016-07-28,4.55999994277954,"Ollanta Moises Humala Tasso","Derecha","Centro",FALSE
"2597-COL-PER-42761",2017-01-26,2015,"Peru","Juan Manuel Santos Calderon2",5,2016-07-28,2018-03-23,6.4,"Pedro Pablo Kuczynski","Derecha","Derecha",TRUE
"3477-COL-PER-43703",2019-08-26,2015,"Peru","Iván Duque Márquez",6,2018-03-23,2020-11-09,4.5,"Martín Vizcarra","Derecha","Centro",FALSE
"1746-COL-URY-40031",2009-08-06,2005,"Uruguay","Alvaro Uribe Velez2",6.8600001335144,2005-03-01,2010-03-01,3,"Tabare Ramon Vazquez Rosas","Derecha","Centro",FALSE
"1746-COL-URY-40238",2010-03-01,2010,"Uruguay","Alvaro Uribe Velez2",6.8600001335144,2010-03-01,2015-03-01,2.5,"Jose Alberto Mujica Cordano","Derecha","Izquierda",FALSE
"1337-COL-VEN-36284",1999-05-04,1995,"Venezuela","Andres Pastrana Arango",6,1999-02-02,2000-08-19,2.13000011444092,"Hugo Chavez1","Derecha","Izquierda",FALSE
"1337-COL-VEN-36973",2001-03-23,2000,"Venezuela","Andres Pastrana Arango",6,2000-08-19,2007-01-10,1.62999999523163,"Hugo Chavez2","Derecha","Izquierda",FALSE
"1746-COL-VEN-37734",2003-04-23,2000,"Venezuela","Alvaro Uribe Velez1",6.8600001335144,2000-08-19,2007-01-10,1.62999999523163,"Hugo Chavez2","Derecha","Izquierda",FALSE
"1746-COL-VEN-38182",2004-07-14,2000,"Venezuela","Alvaro Uribe Velez1",6.8600001335144,2000-08-19,2007-01-10,1.62999999523163,"Hugo Chavez2","Derecha","Izquierda",FALSE
"1746-COL-VEN-38398",2005-02-15,2005,"Venezuela","Alvaro Uribe Velez1",6.8600001335144,2000-08-19,2007-01-10,1.62999999523163,"Hugo Chavez2","Derecha","Izquierda",FALSE
"1746-COL-VEN-39640",2008-07-11,2005,"Venezuela","Alvaro Uribe Velez2",6.8600001335144,2007-01-10,2013-03-05,1.25,"Hugo Chavez3","Derecha","Izquierda",FALSE
"1746-COL-VEN-39917",2009-04-14,2005,"Venezuela","Alvaro Uribe Velez2",6.8600001335144,2007-01-10,2013-03-05,1.25,"Hugo Chavez3","Derecha","Izquierda",FALSE
"2597-COL-VEN-40484",2010-11-02,2010,"Venezuela","Juan Manuel Santos Calderon",4.57000017166138,2007-01-10,2013-03-05,1.25,"Hugo Chavez3","Centro","Izquierda",FALSE
"2597-COL-VEN-41477",2013-07-22,2010,"Venezuela","Juan Manuel Santos Calderon",4.57000017166138,2013-04-19,2019-01-10,1.37999999523163,"Nicolas Maduro Moros","Centro","Izquierda",FALSE
"2597-COL-VEN-42593",2016-08-11,2015,"Venezuela","Juan Manuel Santos Calderon2",5,2013-04-19,2019-01-10,1.37999999523163,"Nicolas Maduro Moros","Derecha","Izquierda",FALSE
"720-ECU-ARG-34736",1995-02-06,1995,"Argentina","Sixto Alfonso Duran Ballen Cordovez",6.5,1989-07-08,1995-07-08,6.09999990463257,"Carlos Saul Menem1","Derecha","Derecha",TRUE
"2223-ECU-ARG-39344",2007-09-19,2005,"Argentina","Rafael Vicente Correa Delgado1",1.83000004291534,2003-05-25,2007-12-10,2.79999995231628,"Nestor Carlos Kirchner","Izquierda","Izquierda",TRUE
"2223-ECU-BOL-41550",2013-10-03,2010,"Bolivia","Rafael Vicente Correa Delgado3",3.5,2010-01-22,2015-01-22,2.90000009536743,"Juan Evo Morales Ayma2","Centro","Izquierda",FALSE
"720-ECU-BRA-34735",1995-02-05,1995,"Brazil","Sixto Alfonso Duran Ballen Cordovez",6.5,1995-01-01,1999-01-01,4.78000020980835,"Fernando Henrique Cardoso1","Derecha","Centro",FALSE
"1495-ECU-BRA-37768",2003-05-27,2000,"Brazil","Lucio Edwin Gutierrez Borba",5.32999992370605,2003-01-01,2007-01-01,2.44000005722046,"Luiz Inacio Lula da Silva1","Derecha","Izquierda",FALSE
"2223-ECU-BRA-39175",2007-04-03,2005,"Brazil","Rafael Vicente Correa Delgado1",1.83000004291534,2007-01-01,2011-01-01,2.55999994277954,"Luiz Inacio Lula da Silva2","Izquierda","Izquierda",TRUE
"2223-ECU-BRA-39345",2007-09-20,2005,"Brazil","Rafael Vicente Correa Delgado1",1.83000004291534,2007-01-01,2011-01-01,2.55999994277954,"Luiz Inacio Lula da Silva2","Izquierda","Izquierda",TRUE
"2223-ECU-BRA-39511",2008-03-04,2005,"Brazil","Rafael Vicente Correa Delgado1",1.83000004291534,2007-01-01,2011-01-01,2.55999994277954,"Luiz Inacio Lula da Silva2","Izquierda","Izquierda",TRUE
"720-ECU-CHL-34736",1995-02-06,1995,"Chile","Sixto Alfonso Duran Ballen Cordovez",6.5,1994-03-11,2000-03-11,4.1399998664856,"Eduardo Frei Ruiz-Tagle","Derecha","Centro",FALSE
"1499-ECU-CHL-36835",2000-11-05,2000,"Chile","Gustavo Jose Joaquin Noboa Bejarano",6.32999992370605,2000-03-11,2006-03-11,3.5699999332428,"Ricardo Froilin Lagos Escobar","Derecha","Centro",FALSE
"1495-ECU-CHL-38098",2004-04-21,2000,"Chile","Lucio Edwin Gutierrez Borba",5.32999992370605,2000-03-11,2006-03-11,3.5699999332428,"Ricardo Froilin Lagos Escobar","Derecha","Centro",FALSE
"2053-ECU-CHL-38740",2006-01-23,2005,"Chile","Luis Alfredo Palacio Gonzalez",4.5,2000-03-11,2006-03-11,3.5699999332428,"Ricardo Froilin Lagos Escobar","Centro","Centro",TRUE
"2223-ECU-CHL-39517",2008-03-10,2005,"Chile","Rafael Vicente Correa Delgado1",1.83000004291534,2006-03-11,2010-03-11,2.85999989509583,"Veronica Michelle Bachelet Jeria","Izquierda","Izquierda",TRUE
"2223-ECU-CHL-41772",2014-05-13,2010,"Chile","Rafael Vicente Correa Delgado3",3.5,2014-03-11,2018-03-11,2.9,"Michelle Bachelet","Centro","Izquierda",FALSE
"1499-ECU-COL-36761",2000-08-23,2000,"Colombia","Gustavo Jose Joaquin Noboa Bejarano",6.32999992370605,1998-08-07,2002-08-07,6,"Andres Pastrana Arango","Derecha","Derecha",TRUE
"1495-ECU-COL-38062",2004-03-16,2000,"Colombia","Lucio Edwin Gutierrez Borba",5.32999992370605,2002-08-07,2006-08-07,6.8600001335144,"Alvaro Uribe Velez1","Derecha","Derecha",TRUE
"2053-ECU-COL-38733",2006-01-16,2005,"Colombia","Luis Alfredo Palacio Gonzalez",4.5,2002-08-07,2006-08-07,6.8600001335144,"Alvaro Uribe Velez1","Centro","Derecha",FALSE
"2223-ECU-COL-39367",2007-10-12,2005,"Colombia","Rafael Vicente Correa Delgado1",1.83000004291534,2006-08-07,2010-08-07,6.8600001335144,"Alvaro Uribe Velez2","Izquierda","Derecha",FALSE
"2223-ECU-COL-40397",2010-08-07,2010,"Colombia","Rafael Vicente Correa Delgado2",2.82999992370606,2010-08-07,2014-08-07,4.57000017166138,"Juan Manuel Santos Calderon","Izquierda","Centro",FALSE
"2223-ECU-COL-40527",2010-12-15,2010,"Colombia","Rafael Vicente Correa Delgado2",2.82999992370606,2010-08-07,2014-08-07,4.57000017166138,"Juan Manuel Santos Calderon","Izquierda","Centro",FALSE
"2223-ECU-COL-40668",2011-05-05,2010,"Colombia","Rafael Vicente Correa Delgado2",2.82999992370606,2010-08-07,2014-08-07,4.57000017166138,"Juan Manuel Santos Calderon","Izquierda","Centro",FALSE
"2223-ECU-COL-41603",2013-11-25,2010,"Colombia","Rafael Vicente Correa Delgado3",3.5,2010-08-07,2014-08-07,4.57000017166138,"Juan Manuel Santos Calderon","Centro","Centro",TRUE
"2223-ECU-COL-42353",2015-12-15,2015,"Colombia","Rafael Vicente Correa Delgado3",3.5,2014-08-07,2018-08-07,5,"Juan Manuel Santos Calderon2","Centro","Derecha",FALSE
"3334-ECU-COL-43319",2018-08-07,2015,"Colombia","Lenín Moreno Garcés",6,2018-08-07,2022-08-07,6,"Iván Duque Márquez","Derecha","Derecha",TRUE
"3334-ECU-COL-43810",2019-12-11,2015,"Colombia","Lenín Moreno Garcés",6,2018-08-07,2022-08-07,6,"Iván Duque Márquez","Derecha","Derecha",TRUE
"2223-ECU-PRY-39895",2009-03-23,2005,"Paraguay","Rafael Vicente Correa Delgado1",1.83000004291534,2008-08-15,2012-06-22,2.59999990463257,"Fernando Armindo Lugo Mendez","Izquierda","Izquierda",TRUE
"1190-ECU-PER-35832",1998-02-06,1995,"Peru","Fabian Ernesto Alarcon Rivera",5,1995-07-28,2000-07-28,5.44000005722046,"Alberto Kenya Fujimori Fujimori2","Derecha","Derecha",TRUE
"1340-ECU-PER-36296",1999-05-16,1995,"Peru","Jorge Jamil Mahuad Witt",6.17000007629395,1995-07-28,2000-07-28,5.44000005722046,"Alberto Kenya Fujimori Fujimori2","Derecha","Derecha",TRUE
"1340-ECU-PER-36383",1999-08-11,1995,"Peru","Jorge Jamil Mahuad Witt",6.17000007629395,1995-07-28,2000-07-28,5.44000005722046,"Alberto Kenya Fujimori Fujimori2","Derecha","Derecha",TRUE
"1499-ECU-PER-37322",2002-03-07,2000,"Peru","Gustavo Jose Joaquin Noboa Bejarano",6.32999992370605,2001-07-28,2006-07-28,4.67000007629395,"Alejandro Celestino Toledo Manrique","Derecha","Centro",FALSE
"2053-ECU-PER-38895",2006-06-27,2005,"Peru","Luis Alfredo Palacio Gonzalez",4.5,2001-07-28,2006-07-28,4.67000007629395,"Alejandro Celestino Toledo Manrique","Centro","Centro",TRUE
"2223-ECU-PER-39511",2008-03-04,2005,"Peru","Rafael Vicente Correa Delgado1",1.83000004291534,2006-07-28,2011-07-28,5.67000007629395,"Alan Gabriel Ludwig Garcia Perez2","Izquierda","Derecha",FALSE
"2223-ECU-PER-39703",2008-09-12,2005,"Peru","Rafael Vicente Correa Delgado1",1.83000004291534,2006-07-28,2011-07-28,5.67000007629395,"Alan Gabriel Ludwig Garcia Perez2","Izquierda","Derecha",FALSE
"2223-ECU-PER-40108",2009-10-22,2005,"Peru","Rafael Vicente Correa Delgado2",2.82999992370606,2006-07-28,2011-07-28,5.67000007629395,"Alan Gabriel Ludwig Garcia Perez2","Izquierda","Derecha",FALSE
"2223-ECU-PER-41592",2013-11-14,2010,"Peru","Rafael Vicente Correa Delgado3",3.5,2011-07-28,2016-07-28,4.55999994277954,"Ollanta Moises Humala Tasso","Centro","Centro",TRUE
"3334-ECU-PER-43775",2019-11-06,2015,"Peru","Lenín Moreno Garcés",6,2018-03-23,2020-11-09,4.5,"Martín Vizcarra","Derecha","Centro",FALSE
"2223-ECU-VEN-39512",2008-03-05,2005,"Venezuela","Rafael Vicente Correa Delgado1",1.83000004291534,2007-01-10,2013-03-05,1.25,"Hugo Chavez3","Izquierda","Izquierda",TRUE
"2223-ECU-VEN-39689",2008-08-29,2005,"Venezuela","Rafael Vicente Correa Delgado1",1.83000004291534,2007-01-10,2013-03-05,1.25,"Hugo Chavez3","Izquierda","Izquierda",TRUE
"2223-ECU-VEN-41484",2013-07-29,2010,"Venezuela","Rafael Vicente Correa Delgado3",3.5,2013-04-19,2019-01-10,1.37999999523163,"Nicolas Maduro Moros","Centro","Izquierda",FALSE
"844-PRY-ARG-35030",1995-11-27,1995,"Argentina","Juan Carlos Maria Wasmosy Monti",5.75,1995-07-08,1999-12-10,6.30000019073486,"Carlos Saul Menem2","Derecha","Derecha",TRUE
"844-PRY-ARG-35202",1996-05-17,1995,"Argentina","Juan Carlos Maria Wasmosy Monti",5.75,1995-07-08,1999-12-10,6.30000019073486,"Carlos Saul Menem2","Derecha","Derecha",TRUE
"844-PRY-ARG-35915",1998-04-30,1995,"Argentina","Juan Carlos Maria Wasmosy Monti",5.75,1995-07-08,1999-12-10,6.30000019073486,"Carlos Saul Menem2","Derecha","Derecha",TRUE
"1849-PRY-ARG-37972",2003-12-17,2000,"Argentina","Oscar Nicanor Duarte Frutos",3.79999995231628,2003-05-25,2007-12-10,2.79999995231628,"Nestor Carlos Kirchner","Centro","Izquierda",FALSE
"2386-PRY-ARG-40599",2011-02-25,2010,"Argentina","Fernando Armindo Lugo Mendez",2.59999990463257,2007-12-10,2011-12-10,2.5,"Cristina Fernandez1","Izquierda","Izquierda",TRUE
"2931-PRY-ARG-41527",2013-09-10,2010,"Argentina","Horacio Manuel Cartes Jara",5.59999990463257,2011-12-10,2015-12-10,1.89999997615814,"Cristina Fernandez2","Derecha","Izquierda",FALSE
"2931-PRY-ARG-42348",2015-12-10,2015,"Argentina","Horacio Manuel Cartes Jara",5.59999990463257,2015-12-10,2019-12-10,6.3,"Mauricio Macri","Derecha","Derecha",TRUE
"2931-PRY-ARG-42499",2016-05-09,2015,"Argentina","Horacio Manuel Cartes Jara",5.59999990463257,2015-12-10,2019-12-10,6.3,"Mauricio Macri","Derecha","Derecha",TRUE
"2931-PRY-ARG-42990",2017-09-12,2015,"Argentina","Horacio Manuel Cartes Jara",5.59999990463257,2015-12-10,2019-12-10,6.3,"Mauricio Macri","Derecha","Derecha",TRUE
"3481-PRY-ARG-44995",2023-03-10,2020,"Argentina","Mario Abdo Beníte",6.6,2019-12-10,2023-12-10,3,"Alberto Fernandez","Derecha","Centro",FALSE
"2931-PRY-BOL-41614",2013-12-06,2010,"Bolivia","Horacio Manuel Cartes Jara",5.59999990463257,2010-01-22,2015-01-22,2.90000009536743,"Juan Evo Morales Ayma2","Derecha","Izquierda",FALSE
"2931-PRY-BOL-42240",2015-08-24,2015,"Bolivia","Horacio Manuel Cartes Jara",5.59999990463257,2015-01-22,2019-11-10,4,"Juan Evo Morales Ayma3","Derecha","Centro",FALSE
"3481-PRY-BOL-43526",2019-03-02,2015,"Bolivia","Mario Abdo Beníte",6.6,2015-01-22,2019-11-10,4,"Juan Evo Morales Ayma3","Derecha","Centro",FALSE
"3481-PRY-BOL-43628",2019-06-12,2015,"Bolivia","Mario Abdo Beníte",6.6,2015-01-22,2019-11-10,4,"Juan Evo Morales Ayma3","Derecha","Centro",FALSE
"3481-PRY-BOL-44726",2022-06-14,2020,"Bolivia","Mario Abdo Beníte",6.6,2020-11-08,2025-11-08,5,"Luis Arce","Derecha","Derecha",TRUE
"844-PRY-BRA-34575",1994-08-29,1990,"Brazil","Juan Carlos Maria Wasmosy Monti",5.75,1992-12-29,1995-01-01,4.44000005722046,"Itamar Augusto Cautiero Franco","Derecha","Centro",FALSE
"844-PRY-BRA-34954",1995-09-12,1995,"Brazil","Juan Carlos Maria Wasmosy Monti",5.75,1995-01-01,1999-01-01,4.78000020980835,"Fernando Henrique Cardoso1","Derecha","Centro",FALSE
"844-PRY-BRA-34975",1995-10-03,1995,"Brazil","Juan Carlos Maria Wasmosy Monti",5.75,1995-01-01,1999-01-01,4.78000020980835,"Fernando Henrique Cardoso1","Derecha","Centro",FALSE
"844-PRY-BRA-35175",1996-04-20,1995,"Brazil","Juan Carlos Maria Wasmosy Monti",5.75,1995-01-01,1999-01-01,4.78000020980835,"Fernando Henrique Cardoso1","Derecha","Centro",FALSE
"844-PRY-BRA-35201",1996-05-16,1995,"Brazil","Juan Carlos Maria Wasmosy Monti",5.75,1995-01-01,1999-01-01,4.78000020980835,"Fernando Henrique Cardoso1","Derecha","Centro",FALSE
"1395-PRY-BRA-36567",2000-02-11,2000,"Brazil","Luis Angel Gonzalez Macchi",5.75,1999-01-01,2003-01-01,4.78000020980835,"Fernando Henrique Cardoso2","Derecha","Centro",FALSE
"1849-PRY-BRA-38225",2004-08-26,2000,"Brazil","Oscar Nicanor Duarte Frutos",3.79999995231628,2003-01-01,2007-01-01,2.44000005722046,"Luiz Inacio Lula da Silva1","Centro","Izquierda",FALSE
"2386-PRY-BRA-39708",2008-09-17,2005,"Brazil","Fernando Armindo Lugo Mendez",2.59999990463257,2007-01-01,2011-01-01,2.55999994277954,"Luiz Inacio Lula da Silva2","Izquierda","Izquierda",TRUE
"2386-PRY-BRA-39940",2009-05-07,2005,"Brazil","Fernando Armindo Lugo Mendez",2.59999990463257,2007-01-01,2011-01-01,2.55999994277954,"Luiz Inacio Lula da Silva2","Izquierda","Izquierda",TRUE
"2386-PRY-BRA-40301",2010-05-03,2010,"Brazil","Fernando Armindo Lugo Mendez",2.59999990463257,2007-01-01,2011-01-01,2.55999994277954,"Luiz Inacio Lula da Silva2","Izquierda","Izquierda",TRUE
"2931-PRY-BRA-41547",2013-09-30,2010,"Brazil","Horacio Manuel Cartes Jara",5.59999990463257,2011-01-01,2015-01-01,3,"Dilma Rousseff","Derecha","Centro",FALSE
"2931-PRY-BRA-42968",2017-08-21,2015,"Brazil","Horacio Manuel Cartes Jara",5.59999990463257,2016-08-31,2019-01-01,5.1,"Michel Temmer","Derecha","Derecha",TRUE
"3481-PRY-BRA-43536",2019-03-12,2015,"Brazil","Mario Abdo Beníte",6.6,2019-01-01,2023-01-01,6.6,"Jair Messias Bolsonaro","Derecha","Derecha",TRUE
"3481-PRY-BRA-43595",2019-05-10,2015,"Brazil","Mario Abdo Beníte",6.6,2019-01-01,2023-01-01,6.6,"Jair Messias Bolsonaro","Derecha","Derecha",TRUE
"3481-PRY-BRA-44166",2020-12-01,2020,"Brazil","Mario Abdo Beníte",6.6,2019-01-01,2023-01-01,6.6,"Jair Messias Bolsonaro","Derecha","Derecha",TRUE
"3481-PRY-BRA-44524",2021-11-24,2020,"Brazil","Mario Abdo Beníte",6.6,2019-01-01,2023-01-01,6.6,"Jair Messias Bolsonaro","Derecha","Derecha",TRUE
"844-PRY-CHL-34743",1995-02-13,1995,"Chile","Juan Carlos Maria Wasmosy Monti",5.75,1994-03-11,2000-03-11,4.1399998664856,"Eduardo Frei Ruiz-Tagle","Derecha","Centro",FALSE
"1849-PRY-CHL-38594",2005-08-30,2005,"Chile","Oscar Nicanor Duarte Frutos",3.79999995231628,2000-03-11,2006-03-11,3.5699999332428,"Ricardo Froilin Lagos Escobar","Centro","Centro",TRUE
"2386-PRY-CHL-40156",2009-12-09,2005,"Chile","Fernando Armindo Lugo Mendez",2.59999990463257,2006-03-11,2010-03-11,2.85999989509583,"Veronica Michelle Bachelet Jeria","Izquierda","Izquierda",TRUE
"2931-PRY-CHL-41533",2013-09-16,2010,"Chile","Horacio Manuel Cartes Jara",5.59999990463257,2010-03-11,2014-03-11,5.69999980926514,"Sebastian Pinera","Derecha","Derecha",TRUE
"2931-PRY-CHL-42643",2016-09-30,2015,"Chile","Horacio Manuel Cartes Jara",5.59999990463257,2014-03-11,2018-03-11,2.9,"Michelle Bachelet","Derecha","Izquierda",FALSE
"1849-PRY-COL-38417",2005-03-06,2005,"Colombia","Oscar Nicanor Duarte Frutos",3.79999995231628,2002-08-07,2006-08-07,6.8600001335144,"Alvaro Uribe Velez1","Centro","Derecha",FALSE
"2386-PRY-COL-39719",2008-09-28,2005,"Colombia","Fernando Armindo Lugo Mendez",2.59999990463257,2006-08-07,2010-08-07,6.8600001335144,"Alvaro Uribe Velez2","Izquierda","Derecha",FALSE
"3481-PRY-COL-44675",2022-04-24,2020,"Colombia","Mario Abdo Beníte",6.6,2018-08-07,2022-08-07,6,"Iván Duque Márquez","Derecha","Derecha",TRUE
"2931-PRY-ECU-41964",2014-11-21,2010,"Ecuador","Horacio Manuel Cartes Jara",5.59999990463257,2013-05-24,2017-05-24,3.5,"Rafael Vicente Correa Delgado3","Derecha","Centro",FALSE
"844-PRY-PER-34365",1994-01-31,1990,"Peru","Juan Carlos Maria Wasmosy Monti",5.75,1990-07-28,1995-07-28,4.78000020980835,"Alberto Kenya Fujimori Fujimori1","Derecha","Centro",FALSE
"2386-PRY-PER-40365",2010-07-06,2010,"Peru","Fernando Armindo Lugo Mendez",2.59999990463257,2006-07-28,2011-07-28,5.67000007629395,"Alan Gabriel Ludwig Garcia Perez2","Izquierda","Derecha",FALSE
"844-PRY-URY-35203",1996-05-18,1995,"Uruguay","Juan Carlos Maria Wasmosy Monti",5.75,1995-03-01,2000-03-01,4.82000017166138,"Julio Maria Sanguinetti Coirolo2","Derecha","Centro",FALSE
"1849-PRY-URY-38499",2005-05-27,2005,"Uruguay","Oscar Nicanor Duarte Frutos",3.79999995231628,2005-03-01,2010-03-01,3,"Tabare Ramon Vazquez Rosas","Centro","Centro",TRUE
"2931-PRY-URY-41572",2013-10-25,2010,"Uruguay","Horacio Manuel Cartes Jara",5.59999990463257,2010-03-01,2015-03-01,2.5,"Jose Alberto Mujica Cordano","Derecha","Izquierda",FALSE
"2931-PRY-URY-42180",2015-06-25,2015,"Uruguay","Horacio Manuel Cartes Jara",5.59999990463257,2015-03-01,2020-03-01,2.83,"Tabaré Vázquez","Derecha","Izquierda",FALSE
"3481-PRY-URY-43891",2020-03-01,2020,"Uruguay","Mario Abdo Beníte",6.6,2020-03-01,2025-03-01,5.83,"Luis Alberto Lacalle Pou","Derecha","Derecha",TRUE
"3481-PRY-URY-44243",2021-02-16,2020,"Uruguay","Mario Abdo Beníte",6.6,2020-03-01,2025-03-01,5.83,"Luis Alberto Lacalle Pou","Derecha","Derecha",TRUE
"1849-PRY-VEN-38308",2004-11-17,2000,"Venezuela","Oscar Nicanor Duarte Frutos",3.79999995231628,2000-08-19,2007-01-10,1.62999999523163,"Hugo Chavez2","Centro","Izquierda",FALSE
"448-PER-ARG-34687",1994-12-19,1990,"Argentina","Alberto Kenya Fujimori Fujimori1",4.78000020980835,1989-07-08,1995-07-08,6.09999990463257,"Carlos Saul Menem1","Centro","Derecha",FALSE
"2703-PER-ARG-41240",2012-11-27,2010,"Argentina","Ollanta Moises Humala Tasso",4.55999994277954,2011-12-10,2015-12-10,1.89999997615814,"Cristina Fernandez2","Centro","Izquierda",FALSE
"3245-PER-ARG-43041",2017-11-02,2015,"Argentina","Pedro Pablo Kuczynski",6.4,2015-12-10,2019-12-10,6.3,"Mauricio Macri","Derecha","Derecha",TRUE
"448-PER-BOL-34588",1994-09-11,1990,"Bolivia","Alberto Kenya Fujimori Fujimori1",4.78000020980835,1993-08-06,1997-08-06,5.90000009536743,"Gonzalo Sanchez de Lozada","Centro","Derecha",FALSE
"448-PER-BOL-34966",1995-09-24,1995,"Bolivia","Alberto Kenya Fujimori Fujimori2",5.44000005722046,1993-08-06,1997-08-06,5.90000009536743,"Gonzalo Sanchez de Lozada","Derecha","Derecha",TRUE
"448-PER-BOL-35210",1996-05-25,1995,"Bolivia","Alberto Kenya Fujimori Fujimori2",5.44000005722046,1993-08-06,1997-08-06,5.90000009536743,"Gonzalo Sanchez de Lozada","Derecha","Derecha",TRUE
"448-PER-BOL-35524",1997-04-04,1995,"Bolivia","Alberto Kenya Fujimori Fujimori2",5.44000005722046,1993-08-06,1997-08-06,5.90000009536743,"Gonzalo Sanchez de Lozada","Derecha","Derecha",TRUE
"448-PER-BOL-35938",1998-05-23,1995,"Bolivia","Alberto Kenya Fujimori Fujimori2",5.44000005722046,1997-08-06,2001-08-06,6.5,"Hugo Banzer Suarez","Derecha","Derecha",TRUE
"3245-PER-BOL-42678",2016-11-04,2015,"Bolivia","Pedro Pablo Kuczynski",6.4,2015-01-22,2019-11-10,4,"Juan Evo Morales Ayma3","Derecha","Centro",FALSE
"3432-PER-BOL-43218",2018-04-28,2015,"Bolivia","Martín Vizcarra",4.5,2015-01-22,2019-11-10,4,"Juan Evo Morales Ayma3","Centro","Centro",TRUE
"3432-PER-BOL-43346",2018-09-03,2015,"Bolivia","Martín Vizcarra",4.5,2015-01-22,2019-11-10,4,"Juan Evo Morales Ayma3","Centro","Centro",TRUE
"448-PER-BRA-34335",1995-01-01,1995,"Brazil","Alberto Kenya Fujimori Fujimori1",4.78000020980835,1995-01-01,1999-01-01,4.78000020980835,"Fernando Henrique Cardoso1","Centro","Centro",TRUE
"448-PER-BRA-35120",1996-02-25,1995,"Brazil","Alberto Kenya Fujimori Fujimori2",5.44000005722046,1995-01-01,1999-01-01,4.78000020980835,"Fernando Henrique Cardoso1","Derecha","Centro",FALSE
"448-PER-BRA-35214",1996-05-29,1995,"Brazil","Alberto Kenya Fujimori Fujimori2",5.44000005722046,1995-01-01,1999-01-01,4.78000020980835,"Fernando Henrique Cardoso1","Derecha","Centro",FALSE
"448-PER-BRA-35930",1998-05-15,1995,"Brazil","Alberto Kenya Fujimori Fujimori2",5.44000005722046,1995-01-01,1999-01-01,4.78000020980835,"Fernando Henrique Cardoso1","Derecha","Centro",FALSE
"448-PER-BRA-36020",1998-08-13,1995,"Brazil","Alberto Kenya Fujimori Fujimori2",5.44000005722046,1995-01-01,1999-01-01,4.78000020980835,"Fernando Henrique Cardoso1","Derecha","Centro",FALSE
"448-PER-BRA-36075",1998-10-07,1995,"Brazil","Alberto Kenya Fujimori Fujimori2",5.44000005722046,1995-01-01,1999-01-01,4.78000020980835,"Fernando Henrique Cardoso1","Derecha","Centro",FALSE
"448-PER-BRA-36497",1999-12-03,1995,"Brazil","Alberto Kenya Fujimori Fujimori2",5.44000005722046,1999-01-01,2003-01-01,4.78000020980835,"Fernando Henrique Cardoso2","Derecha","Centro",FALSE
"1654-PER-BRA-37610",2002-12-20,2000,"Brazil","Alejandro Celestino Toledo Manrique",4.67000007629395,1999-01-01,2003-01-01,4.78000020980835,"Fernando Henrique Cardoso2","Centro","Centro",TRUE
"1654-PER-BRA-37721",2003-04-10,2000,"Brazil","Alejandro Celestino Toledo Manrique",4.67000007629395,2003-01-01,2007-01-01,2.44000005722046,"Luiz Inacio Lula da Silva1","Centro","Izquierda",FALSE
"198-PER-BRA-39030",2006-11-09,2005,"Brazil","Alan Gabriel Ludwig Garcia Perez2",5.67000007629395,2003-01-01,2007-01-01,2.44000005722046,"Luiz Inacio Lula da Silva1","Derecha","Izquierda",FALSE
"3432-PER-BRA-43465",2018-12-31,2015,"Brazil","Martín Vizcarra",4.5,2016-08-31,2019-01-01,5.1,"Michel Temmer","Centro","Derecha",FALSE
"448-PER-CHL-36493",1999-11-29,1995,"Chile","Alberto Kenya Fujimori Fujimori2",5.44000005722046,1994-03-11,2000-03-11,4.1399998664856,"Eduardo Frei Ruiz-Tagle","Derecha","Centro",FALSE
"1654-PER-CHL-37490",2002-08-22,2000,"Chile","Alejandro Celestino Toledo Manrique",4.67000007629395,2000-03-11,2006-03-11,3.5699999332428,"Ricardo Froilin Lagos Escobar","Centro","Centro",TRUE
"198-PER-CHL-40562",2011-01-19,2010,"Chile","Alan Gabriel Ludwig Garcia Perez2",5.67000007629395,2010-03-11,2014-03-11,5.69999980926514,"Sebastian Pinera","Derecha","Derecha",TRUE
"2703-PER-CHL-41708",2014-03-10,2010,"Chile","Ollanta Moises Humala Tasso",4.55999994277954,2010-03-11,2014-03-11,5.69999980926514,"Sebastian Pinera","Centro","Derecha",FALSE
"3245-PER-CHL-43169",2018-03-10,2015,"Chile","Pedro Pablo Kuczynski",6.4,2014-03-11,2018-03-11,2.9,"Michelle Bachelet","Derecha","Izquierda",FALSE
"3432-PER-CHL-43431",2018-11-27,2015,"Chile","Martín Vizcarra",4.5,2018-03-11,2022-03-11,5.81,"Sebastián Piñera2","Centro","Derecha",FALSE
"448-PER-COL-34379",1994-02-14,1990,"Colombia","Alberto Kenya Fujimori Fujimori1",4.78000020980835,1990-08-07,1994-08-07,5.42999982833862,"Cesar Augusto Gaviria Trujillo","Centro","Derecha",FALSE
"448-PER-COL-34553",1994-08-07,1990,"Colombia","Alberto Kenya Fujimori Fujimori1",4.78000020980835,1994-08-07,1998-08-07,4.1399998664856,"Ernesto Samper Pizano","Centro","Centro",TRUE
"1654-PER-COL-38093",2004-04-16,2000,"Colombia","Alejandro Celestino Toledo Manrique",4.67000007629395,2002-08-07,2006-08-07,6.8600001335144,"Alvaro Uribe Velez1","Centro","Derecha",FALSE
"1654-PER-COL-38214",2004-08-15,2000,"Colombia","Alejandro Celestino Toledo Manrique",4.67000007629395,2002-08-07,2006-08-07,6.8600001335144,"Alvaro Uribe Velez1","Centro","Derecha",FALSE
"198-PER-COL-40625",2011-03-23,2010,"Colombia","Alan Gabriel Ludwig Garcia Perez2",5.67000007629395,2010-08-07,2014-08-07,4.57000017166138,"Juan Manuel Santos Calderon","Derecha","Centro",FALSE
"2703-PER-COL-42307",2015-10-30,2015,"Colombia","Ollanta Moises Humala Tasso",4.55999994277954,2014-08-07,2018-08-07,5,"Juan Manuel Santos Calderon2","Centro","Derecha",FALSE
"3245-PER-COL-43157",2018-02-26,2015,"Colombia","Pedro Pablo Kuczynski",6.4,2014-08-07,2018-08-07,5,"Juan Manuel Santos Calderon2","Derecha","Derecha",TRUE
"448-PER-ECU-35830",1998-02-04,1995,"Ecuador","Alberto Kenya Fujimori Fujimori2",5.44000005722046,1997-02-11,1998-08-10,5,"Fabian Ernesto Alarcon Rivera","Derecha","Derecha",TRUE
"448-PER-ECU-36459",1999-10-26,1995,"Ecuador","Alberto Kenya Fujimori Fujimori2",5.44000005722046,1998-08-10,2000-01-21,6.17000007629395,"Jorge Jamil Mahuad Witt","Derecha","Derecha",TRUE
"1654-PER-ECU-37118",2001-08-15,2000,"Ecuador","Alejandro Celestino Toledo Manrique",4.67000007629395,2000-01-22,2003-01-15,6.32999992370605,"Gustavo Jose Joaquin Noboa Bejarano","Centro","Derecha",FALSE
"1654-PER-ECU-37180",2001-10-16,2000,"Ecuador","Alejandro Celestino Toledo Manrique",4.67000007629395,2000-01-22,2003-01-15,6.32999992370605,"Gustavo Jose Joaquin Noboa Bejarano","Centro","Derecha",FALSE
"198-PER-ECU-39746",2008-10-25,2005,"Ecuador","Alan Gabriel Ludwig Garcia Perez2",5.67000007629395,2007-01-15,2009-08-10,1.83000004291534,"Rafael Vicente Correa Delgado1","Derecha","Izquierda",FALSE
"198-PER-ECU-40477",2010-10-26,2010,"Ecuador","Alan Gabriel Ludwig Garcia Perez2",5.67000007629395,2009-08-10,2013-05-24,2.82999992370606,"Rafael Vicente Correa Delgado2","Derecha","Izquierda",FALSE
"198-PER-ECU-40683",2011-05-20,2010,"Ecuador","Alan Gabriel Ludwig Garcia Perez2",5.67000007629395,2009-08-10,2013-05-24,2.82999992370606,"Rafael Vicente Correa Delgado2","Derecha","Izquierda",FALSE
"2703-PER-ECU-41236",2012-11-23,2010,"Ecuador","Ollanta Moises Humala Tasso",4.55999994277954,2009-08-10,2013-05-24,2.82999992370606,"Rafael Vicente Correa Delgado2","Centro","Izquierda",FALSE
"3432-PER-ECU-43398",2018-10-25,2015,"Ecuador","Martín Vizcarra",4.5,2017-05-24,2021-05-24,6,"Lenín Moreno Garcés","Centro","Derecha",FALSE
"2703-PER-PRY-41501",2013-08-15,2010,"Paraguay","Ollanta Moises Humala Tasso",4.55999994277954,2013-08-15,2018-08-15,5.59999990463257,"Horacio Manuel Cartes Jara","Centro","Derecha",FALSE
"448-PER-VEN-34766",1995-03-08,1995,"Venezuela","Alberto Kenya Fujimori Fujimori1",4.78000020980835,1994-02-02,1999-02-02,4.13000011444092,"Rafael Antonio Caldera Rodriguez","Centro","Centro",TRUE
"448-PER-VEN-35074",1996-01-10,1995,"Venezuela","Alberto Kenya Fujimori Fujimori2",5.44000005722046,1994-02-02,1999-02-02,4.13000011444092,"Rafael Antonio Caldera Rodriguez","Derecha","Centro",FALSE
"2703-PER-VEN-40914",2012-01-06,2010,"Venezuela","Ollanta Moises Humala Tasso",4.55999994277954,2007-01-10,2013-03-05,1.25,"Hugo Chavez3","Centro","Izquierda",FALSE
"191-URY-ARG-36117",1998-11-18,1995,"Argentina","Julio Maria Sanguinetti Coirolo2",4.82000017166138,1995-07-08,1999-12-10,6.30000019073486,"Carlos Saul Menem2","Centro","Derecha",FALSE
"1514-URY-ARG-37411",2002-06-04,2000,"Argentina","Jorge Luis Batlle Ibanez",5.44999980926514,2002-01-01,2003-05-25,4.59999990463257,"Eduardo Alberto Duhalde","Derecha","Centro",FALSE
"1514-URY-ARG-37766",2003-05-25,2000,"Argentina","Jorge Luis Batlle Ibanez",5.44999980926514,2003-05-25,2007-12-10,2.79999995231628,"Nestor Carlos Kirchner","Derecha","Izquierda",FALSE
"2029-URY-ARG-38477",2005-05-05,2005,"Argentina","Tabare Ramon Vazquez Rosas",3,2003-05-25,2007-12-10,2.79999995231628,"Nestor Carlos Kirchner","Centro","Izquierda",FALSE
"2029-URY-ARG-38777",2006-03-01,2005,"Argentina","Tabare Ramon Vazquez Rosas",3,2003-05-25,2007-12-10,2.79999995231628,"Nestor Carlos Kirchner","Centro","Izquierda",FALSE
"2552-URY-ARG-40273",2010-04-05,2010,"Argentina","Jose Alberto Mujica Cordano",2.5,2007-12-10,2011-12-10,2.5,"Cristina Fernandez1","Izquierda","Izquierda",TRUE
"2552-URY-ARG-40296",2010-04-28,2010,"Argentina","Jose Alberto Mujica Cordano",2.5,2007-12-10,2011-12-10,2.5,"Cristina Fernandez1","Izquierda","Izquierda",TRUE
"2552-URY-ARG-40323",2010-05-25,2010,"Argentina","Jose Alberto Mujica Cordano",2.5,2007-12-10,2011-12-10,2.5,"Cristina Fernandez1","Izquierda","Izquierda",TRUE
"2552-URY-ARG-40387",2010-07-28,2010,"Argentina","Jose Alberto Mujica Cordano",2.5,2007-12-10,2011-12-10,2.5,"Cristina Fernandez1","Izquierda","Izquierda",TRUE
"2552-URY-ARG-40757",2011-08-02,2010,"Argentina","Jose Alberto Mujica Cordano",2.5,2007-12-10,2011-12-10,2.5,"Cristina Fernandez1","Izquierda","Izquierda",TRUE
"2552-URY-ARG-41546",2013-09-29,2010,"Argentina","Jose Alberto Mujica Cordano",2.5,2011-12-10,2015-12-10,1.89999997615814,"Cristina Fernandez2","Izquierda","Izquierda",TRUE
"2029-URY-ARG-42667",2016-10-24,2015,"Argentina","Tabaré Vázquez",2.83,2015-12-10,2019-12-10,6.3,"Mauricio Macri","Izquierda","Derecha",FALSE
"2029-URY-ARG-43012",2017-10-04,2015,"Argentina","Tabaré Vázquez",2.83,2015-12-10,2019-12-10,6.3,"Mauricio Macri","Izquierda","Derecha",FALSE
"2029-URY-ARG-43270",2018-06-19,2015,"Argentina","Tabaré Vázquez",2.83,2015-12-10,2019-12-10,6.3,"Mauricio Macri","Izquierda","Derecha",FALSE
"3698-URY-ARG-44421",2021-08-13,2020,"Argentina","Luis Alberto Lacalle Pou",5.83,2019-12-10,2023-12-10,3,"Alberto Fernandez","Derecha","Centro",FALSE
"2029-URY-BOL-38788",2006-03-12,2005,"Bolivia","Tabare Ramon Vazquez Rosas",3,2006-01-22,2010-01-22,2.20000004768372,"Juan Evo Morales Ayma1","Centro","Izquierda",FALSE
"392-URY-BRA-34701",1995-01-02,1995,"Brazil","Luis Alberto Lacalle de Herrera",5.3600001335144,1995-01-01,1999-01-01,4.78000020980835,"Fernando Henrique Cardoso1","Derecha","Centro",FALSE
"191-URY-BRA-35554",1997-05-04,1995,"Brazil","Julio Maria Sanguinetti Coirolo2",4.82000017166138,1995-01-01,1999-01-01,4.78000020980835,"Fernando Henrique Cardoso1","Centro","Centro",TRUE
"191-URY-BRA-36194",1999-02-03,1995,"Brazil","Julio Maria Sanguinetti Coirolo2",4.82000017166138,1999-01-01,2003-01-01,4.78000020980835,"Fernando Henrique Cardoso2","Centro","Centro",TRUE
"1514-URY-BRA-37347",2002-04-01,2000,"Brazil","Jorge Luis Batlle Ibanez",5.44999980926514,1999-01-01,2003-01-01,4.78000020980835,"Fernando Henrique Cardoso2","Derecha","Centro",FALSE
"1514-URY-BRA-37753",2003-05-12,2000,"Brazil","Jorge Luis Batlle Ibanez",5.44999980926514,2003-01-01,2007-01-01,2.44000005722046,"Luiz Inacio Lula da Silva1","Derecha","Izquierda",FALSE
"2029-URY-BRA-38443",2005-03-31,2005,"Brazil","Tabare Ramon Vazquez Rosas",3,2003-01-01,2007-01-01,2.44000005722046,"Luiz Inacio Lula da Silva1","Centro","Izquierda",FALSE
"2029-URY-BRA-38792",2006-03-16,2005,"Brazil","Tabare Ramon Vazquez Rosas",3,2003-01-01,2007-01-01,2.44000005722046,"Luiz Inacio Lula da Silva1","Centro","Izquierda",FALSE
"2029-URY-BRA-38968",2006-09-08,2005,"Brazil","Tabare Ramon Vazquez Rosas",3,2003-01-01,2007-01-01,2.44000005722046,"Luiz Inacio Lula da Silva1","Centro","Izquierda",FALSE
"2029-URY-BRA-39882",2009-03-10,2005,"Brazil","Tabare Ramon Vazquez Rosas",3,2007-01-01,2011-01-01,2.55999994277954,"Luiz Inacio Lula da Silva2","Centro","Izquierda",FALSE
"2552-URY-BRA-40266",2010-03-29,2010,"Brazil","Jose Alberto Mujica Cordano",2.5,2007-01-01,2011-01-01,2.55999994277954,"Luiz Inacio Lula da Silva2","Izquierda","Izquierda",TRUE
"2552-URY-BRA-40389",2010-07-30,2010,"Brazil","Jose Alberto Mujica Cordano",2.5,2007-01-01,2011-01-01,2.55999994277954,"Luiz Inacio Lula da Silva2","Izquierda","Izquierda",TRUE
"2552-URY-BRA-40544",2011-01-01,2010,"Brazil","Jose Alberto Mujica Cordano",2.5,2011-01-01,2015-01-01,3,"Dilma Rousseff","Izquierda","Centro",FALSE
"2552-URY-BRA-41950",2014-11-06,2010,"Brazil","Jose Alberto Mujica Cordano",2.5,2011-01-01,2015-01-01,3,"Dilma Rousseff","Izquierda","Centro",FALSE
"2029-URY-BRA-42143",2015-05-19,2015,"Brazil","Tabaré Vázquez",2.83,2015-01-01,2016-08-31,2.6,"Dilma Rousseff2","Izquierda","Izquierda",TRUE
"3698-URY-BRA-44230",2021-02-03,2020,"Brazil","Luis Alberto Lacalle Pou",5.83,2019-01-01,2023-01-01,6.6,"Jair Messias Bolsonaro","Derecha","Derecha",TRUE
"1514-URY-CHL-37165",2001-10-01,2000,"Chile","Jorge Luis Batlle Ibanez",5.44999980926514,2000-03-11,2006-03-11,3.5699999332428,"Ricardo Froilin Lagos Escobar","Derecha","Centro",FALSE
"2029-URY-CHL-38665",2005-11-09,2005,"Chile","Tabare Ramon Vazquez Rosas",3,2000-03-11,2006-03-11,3.5699999332428,"Ricardo Froilin Lagos Escobar","Centro","Centro",TRUE
"2029-URY-CHL-39181",2007-04-09,2005,"Chile","Tabare Ramon Vazquez Rosas",3,2006-03-11,2010-03-11,2.85999989509583,"Veronica Michelle Bachelet Jeria","Centro","Izquierda",FALSE
"2552-URY-CHL-41708",2014-03-11,2010,"Chile","Jose Alberto Mujica Cordano",2.5,2014-03-11,2018-03-11,2.9,"Michelle Bachelet","Izquierda","Izquierda",TRUE
"2029-URY-CHL-42342",2015-12-04,2015,"Chile","Tabaré Vázquez",2.83,2014-03-11,2018-03-11,2.9,"Michelle Bachelet","Izquierda","Izquierda",TRUE
"3698-URY-CHL-44630",2022-03-10,2020,"Chile","Luis Alberto Lacalle Pou",5.83,2018-03-11,2022-03-11,5.81,"Sebastián Piñera2","Derecha","Derecha",TRUE
"1514-URY-COL-37956",2003-12-01,2000,"Colombia","Jorge Luis Batlle Ibanez",5.44999980926514,2002-08-07,2006-08-07,6.8600001335144,"Alvaro Uribe Velez1","Derecha","Derecha",TRUE
"2029-URY-COL-38613",2005-09-18,2005,"Colombia","Tabare Ramon Vazquez Rosas",3,2002-08-07,2006-08-07,6.8600001335144,"Alvaro Uribe Velez1","Centro","Derecha",FALSE
"3698-URY-COL-44742",2022-06-30,2020,"Colombia","Luis Alberto Lacalle Pou",5.83,2018-08-07,2022-08-07,6,"Iván Duque Márquez","Derecha","Derecha",TRUE
"2029-URY-ECU-39310",2007-08-16,2005,"Ecuador","Tabare Ramon Vazquez Rosas",3,2007-01-15,2009-08-10,1.83000004291534,"Rafael Vicente Correa Delgado1","Centro","Izquierda",FALSE
"2552-URY-ECU-40498",2010-11-16,2010,"Ecuador","Jose Alberto Mujica Cordano",2.5,2009-08-10,2013-05-24,2.82999992370606,"Rafael Vicente Correa Delgado2","Izquierda","Izquierda",TRUE
"2029-URY-PRY-38793",2006-03-17,2005,"Paraguay","Tabare Ramon Vazquez Rosas",3,2003-08-15,2008-08-15,3.79999995231628,"Oscar Nicanor Duarte Frutos","Centro","Centro",TRUE
"2029-URY-PRY-39946",2009-05-13,2005,"Paraguay","Tabare Ramon Vazquez Rosas",3,2008-08-15,2012-06-22,2.59999990463257,"Fernando Armindo Lugo Mendez","Centro","Izquierda",FALSE
"2552-URY-PRY-40405",2010-08-15,2010,"Paraguay","Jose Alberto Mujica Cordano",2.5,2008-08-15,2012-06-22,2.59999990463257,"Fernando Armindo Lugo Mendez","Izquierda","Izquierda",TRUE
"2552-URY-PRY-40529",2010-12-17,2010,"Paraguay","Jose Alberto Mujica Cordano",2.5,2008-08-15,2012-06-22,2.59999990463257,"Fernando Armindo Lugo Mendez","Izquierda","Izquierda",TRUE
"2552-URY-PRY-41838",2014-07-18,2010,"Paraguay","Jose Alberto Mujica Cordano",2.5,2013-08-15,2018-08-15,5.59999990463257,"Horacio Manuel Cartes Jara","Izquierda","Derecha",FALSE
"3698-URY-PRY-44694",2022-05-13,2020,"Paraguay","Luis Alberto Lacalle Pou",5.83,2018-08-15,2023-08-15,6.6,"Mario Abdo Beníte","Derecha","Derecha",TRUE
"2552-URY-PER-40568",2011-01-25,2010,"Peru","Jose Alberto Mujica Cordano",2.5,2006-07-28,2011-07-28,5.67000007629395,"Alan Gabriel Ludwig Garcia Perez2","Izquierda","Derecha",FALSE
"2029-URY-VEN-38789",2006-03-13,2005,"Venezuela","Tabare Ramon Vazquez Rosas",3,2000-08-19,2007-01-10,1.62999999523163,"Hugo Chavez2","Centro","Izquierda",FALSE
"2552-URY-VEN-40275",2010-04-07,2010,"Venezuela","Jose Alberto Mujica Cordano",2.5,2007-01-10,2013-03-05,1.25,"Hugo Chavez3","Izquierda","Izquierda",TRUE
"2552-URY-VEN-40569",2011-01-26,2010,"Venezuela","Jose Alberto Mujica Cordano",2.5,2007-01-10,2013-03-05,1.25,"Hugo Chavez3","Izquierda","Izquierda",TRUE
"2552-URY-VEN-41012",2012-04-13,2010,"Venezuela","Jose Alberto Mujica Cordano",2.5,2007-01-10,2013-03-05,1.25,"Hugo Chavez3","Izquierda","Izquierda",TRUE
"2552-URY-VEN-41590",2013-11-12,2010,"Venezuela","Jose Alberto Mujica Cordano",2.5,2013-04-19,2019-01-10,1.37999999523163,"Nicolas Maduro Moros","Izquierda","Izquierda",TRUE
"2552-URY-VEN-41976",2014-12-03,2010,"Venezuela","Jose Alberto Mujica Cordano",2.5,2013-04-19,2019-01-10,1.37999999523163,"Nicolas Maduro Moros","Izquierda","Izquierda",TRUE
"1383-VEN-ARG-37766",2003-05-25,2000,"Argentina","Hugo Chavez2",1.62999999523163,2003-05-25,2007-12-10,2.79999995231628,"Nestor Carlos Kirchner","Izquierda","Izquierda",TRUE
"1383-VEN-ARG-37850",2003-08-17,2000,"Argentina","Hugo Chavez2",1.62999999523163,2003-05-25,2007-12-10,2.79999995231628,"Nestor Carlos Kirchner","Izquierda","Izquierda",TRUE
"1383-VEN-ARG-38383",2005-01-31,2005,"Argentina","Hugo Chavez2",1.62999999523163,2003-05-25,2007-12-10,2.79999995231628,"Nestor Carlos Kirchner","Izquierda","Izquierda",TRUE
"1383-VEN-ARG-38575",2005-08-11,2005,"Argentina","Hugo Chavez2",1.62999999523163,2003-05-25,2007-12-10,2.79999995231628,"Nestor Carlos Kirchner","Izquierda","Izquierda",TRUE
"1383-VEN-ARG-39058",2006-12-07,2005,"Argentina","Hugo Chavez2",1.62999999523163,2003-05-25,2007-12-10,2.79999995231628,"Nestor Carlos Kirchner","Izquierda","Izquierda",TRUE
"1383-VEN-ARG-39150",2007-03-09,2005,"Argentina","Hugo Chavez3",1.25,2003-05-25,2007-12-10,2.79999995231628,"Nestor Carlos Kirchner","Izquierda","Izquierda",TRUE
"1383-VEN-ARG-39300",2007-08-06,2005,"Argentina","Hugo Chavez3",1.25,2003-05-25,2007-12-10,2.79999995231628,"Nestor Carlos Kirchner","Izquierda","Izquierda",TRUE
"1383-VEN-ARG-39425",2007-12-09,2005,"Argentina","Hugo Chavez3",1.25,2003-05-25,2007-12-10,2.79999995231628,"Nestor Carlos Kirchner","Izquierda","Izquierda",TRUE
"1383-VEN-ARG-39664",2008-08-04,2005,"Argentina","Hugo Chavez3",1.25,2007-12-10,2011-12-10,2.5,"Cristina Fernandez1","Izquierda","Izquierda",TRUE
"1383-VEN-ARG-40630",2011-03-28,2010,"Argentina","Hugo Chavez3",1.25,2007-12-10,2011-12-10,2.5,"Cristina Fernandez1","Izquierda","Izquierda",TRUE
"2179-VEN-ARG-41402",2013-05-08,2010,"Argentina","Nicolas Maduro Moros",1.37999999523163,2011-12-10,2015-12-10,1.89999997615814,"Cristina Fernandez2","Izquierda","Izquierda",TRUE
"1383-VEN-BOL-36766",2000-08-28,2000,"Bolivia","Hugo Chavez2",1.62999999523163,1997-08-06,2001-08-06,6.5,"Hugo Banzer Suarez","Izquierda","Derecha",FALSE
"1383-VEN-BOL-38862",2006-05-25,2005,"Bolivia","Hugo Chavez2",1.62999999523163,2006-01-22,2010-01-22,2.20000004768372,"Juan Evo Morales Ayma1","Izquierda","Izquierda",TRUE
"1383-VEN-BOL-39151",2007-03-10,2005,"Bolivia","Hugo Chavez3",1.25,2006-01-22,2010-01-22,2.20000004768372,"Juan Evo Morales Ayma1","Izquierda","Izquierda",TRUE
"1383-VEN-BOL-39303",2007-08-09,2005,"Bolivia","Hugo Chavez3",1.25,2006-01-22,2010-01-22,2.20000004768372,"Juan Evo Morales Ayma1","Izquierda","Izquierda",TRUE
"1383-VEN-BOL-40633",2011-03-31,2010,"Bolivia","Hugo Chavez3",1.25,2010-01-22,2015-01-22,2.90000009536743,"Juan Evo Morales Ayma2","Izquierda","Izquierda",TRUE
"2179-VEN-BOL-41419",2013-05-25,2010,"Bolivia","Nicolas Maduro Moros",1.37999999523163,2010-01-22,2015-01-22,2.90000009536743,"Juan Evo Morales Ayma2","Izquierda","Izquierda",TRUE
"2179-VEN-BOL-41459",2013-07-04,2010,"Bolivia","Nicolas Maduro Moros",1.37999999523163,2010-01-22,2015-01-22,2.90000009536743,"Juan Evo Morales Ayma2","Izquierda","Izquierda",TRUE
"898-VEN-BRA-35204",1996-05-19,1995,"Brazil","Rafael Antonio Caldera Rodriguez",4.13000011444092,1995-01-01,1999-01-01,4.78000020980835,"Fernando Henrique Cardoso1","Centro","Centro",TRUE
"898-VEN-BRA-35531",1997-04-11,1995,"Brazil","Rafael Antonio Caldera Rodriguez",4.13000011444092,1995-01-01,1999-01-01,4.78000020980835,"Fernando Henrique Cardoso1","Centro","Centro",TRUE
"1383-VEN-BRA-36286",1999-05-06,1995,"Brazil","Hugo Chavez1",2.13000011444092,1999-01-01,2003-01-01,4.78000020980835,"Fernando Henrique Cardoso2","Izquierda","Centro",FALSE
"1383-VEN-BRA-36984",2001-04-03,2000,"Brazil","Hugo Chavez2",1.62999999523163,1999-01-01,2003-01-01,4.78000020980835,"Fernando Henrique Cardoso2","Izquierda","Centro",FALSE
"1383-VEN-BRA-37622",2003-01-01,2000,"Brazil","Hugo Chavez2",1.62999999523163,2003-01-01,2007-01-01,2.44000005722046,"Luiz Inacio Lula da Silva1","Izquierda","Izquierda",TRUE
"1383-VEN-BRA-37736",2003-04-25,2000,"Brazil","Hugo Chavez2",1.62999999523163,2003-01-01,2007-01-01,2.44000005722046,"Luiz Inacio Lula da Silva1","Izquierda","Izquierda",TRUE
"1383-VEN-BRA-38245",2004-09-15,2000,"Brazil","Hugo Chavez2",1.62999999523163,2003-01-01,2007-01-01,2.44000005722046,"Luiz Inacio Lula da Silva1","Izquierda","Izquierda",TRUE
"1383-VEN-BRA-38575",2005-08-11,2005,"Brazil","Hugo Chavez2",1.62999999523163,2003-01-01,2007-01-01,2.44000005722046,"Luiz Inacio Lula da Silva1","Izquierda","Izquierda",TRUE
"1383-VEN-BRA-38702",2005-12-16,2005,"Brazil","Hugo Chavez2",1.62999999523163,2003-01-01,2007-01-01,2.44000005722046,"Luiz Inacio Lula da Silva1","Izquierda","Izquierda",TRUE
"1383-VEN-BRA-38827",2006-04-20,2005,"Brazil","Hugo Chavez2",1.62999999523163,2003-01-01,2007-01-01,2.44000005722046,"Luiz Inacio Lula da Silva1","Izquierda","Izquierda",TRUE
"1383-VEN-BRA-39057",2006-12-06,2005,"Brazil","Hugo Chavez2",1.62999999523163,2003-01-01,2007-01-01,2.44000005722046,"Luiz Inacio Lula da Silva1","Izquierda","Izquierda",TRUE
"1383-VEN-BRA-39345",2007-09-20,2005,"Brazil","Hugo Chavez3",1.25,2007-01-01,2011-01-01,2.55999994277954,"Luiz Inacio Lula da Silva2","Izquierda","Izquierda",TRUE
"1383-VEN-BRA-39533",2008-03-26,2005,"Brazil","Hugo Chavez3",1.25,2007-01-01,2011-01-01,2.55999994277954,"Luiz Inacio Lula da Silva2","Izquierda","Izquierda",TRUE
"1383-VEN-BRA-39959",2009-05-26,2005,"Brazil","Hugo Chavez3",1.25,2007-01-01,2011-01-01,2.55999994277954,"Luiz Inacio Lula da Silva2","Izquierda","Izquierda",TRUE
"1383-VEN-BRA-40296",2010-04-28,2010,"Brazil","Hugo Chavez3",1.25,2007-01-01,2011-01-01,2.55999994277954,"Luiz Inacio Lula da Silva2","Izquierda","Izquierda",TRUE
"1383-VEN-BRA-40700",2011-06-06,2010,"Brazil","Hugo Chavez3",1.25,2011-01-01,2015-01-01,3,"Dilma Rousseff","Izquierda","Centro",FALSE
"2179-VEN-BRA-41403",2013-05-09,2010,"Brazil","Nicolas Maduro Moros",1.37999999523163,2011-01-01,2015-01-01,3,"Dilma Rousseff","Izquierda","Centro",FALSE
"1383-VEN-CHL-38787",2006-03-11,2005,"Chile","Hugo Chavez2",1.62999999523163,2006-03-11,2010-03-11,2.85999989509583,"Veronica Michelle Bachelet Jeria","Izquierda","Izquierda",TRUE
"898-VEN-COL-34948",1995-09-06,1995,"Colombia","Rafael Antonio Caldera Rodriguez",4.13000011444092,1994-08-07,1998-08-07,4.1399998664856,"Ernesto Samper Pizano","Centro","Centro",TRUE
"1383-VEN-COL-37015",2001-05-04,2000,"Colombia","Hugo Chavez2",1.62999999523163,1998-08-07,2002-08-07,6,"Andres Pastrana Arango","Izquierda","Derecha",FALSE
"1383-VEN-COL-37475",2002-08-07,2000,"Colombia","Hugo Chavez2",1.62999999523163,2002-08-07,2006-08-07,6.8600001335144,"Alvaro Uribe Velez1","Izquierda","Derecha",FALSE
"1383-VEN-COL-37573",2002-11-13,2000,"Colombia","Hugo Chavez2",1.62999999523163,2002-08-07,2006-08-07,6.8600001335144,"Alvaro Uribe Velez1","Izquierda","Derecha",FALSE
"1383-VEN-COL-38300",2004-11-09,2000,"Colombia","Hugo Chavez2",1.62999999523163,2002-08-07,2006-08-07,6.8600001335144,"Alvaro Uribe Velez1","Izquierda","Derecha",FALSE
"1383-VEN-COL-38703",2005-12-17,2005,"Colombia","Hugo Chavez2",1.62999999523163,2002-08-07,2006-08-07,6.8600001335144,"Alvaro Uribe Velez1","Izquierda","Derecha",FALSE
"1383-VEN-COL-39325",2007-08-31,2005,"Colombia","Hugo Chavez3",1.25,2006-08-07,2010-08-07,6.8600001335144,"Alvaro Uribe Velez2","Izquierda","Derecha",FALSE
"1383-VEN-COL-39367",2007-10-12,2005,"Colombia","Hugo Chavez3",1.25,2006-08-07,2010-08-07,6.8600001335144,"Alvaro Uribe Velez2","Izquierda","Derecha",FALSE
"1383-VEN-COL-39837",2009-01-24,2005,"Colombia","Hugo Chavez3",1.25,2006-08-07,2010-08-07,6.8600001335144,"Alvaro Uribe Velez2","Izquierda","Derecha",FALSE
"1383-VEN-COL-40400",2010-08-10,2010,"Colombia","Hugo Chavez3",1.25,2010-08-07,2014-08-07,4.57000017166138,"Juan Manuel Santos Calderon","Izquierda","Centro",FALSE
"1383-VEN-COL-40642",2011-04-09,2010,"Colombia","Hugo Chavez3",1.25,2010-08-07,2014-08-07,4.57000017166138,"Juan Manuel Santos Calderon","Izquierda","Centro",FALSE
"2179-VEN-COL-41852",2014-08-01,2010,"Colombia","Nicolas Maduro Moros",1.37999999523163,2010-08-07,2014-08-07,4.57000017166138,"Juan Manuel Santos Calderon","Izquierda","Centro",FALSE
"1383-VEN-ECU-37589",2002-11-29,2000,"Ecuador","Hugo Chavez2",1.62999999523163,2000-01-22,2003-01-15,6.32999992370605,"Gustavo Jose Joaquin Noboa Bejarano","Izquierda","Derecha",FALSE
"1383-VEN-ECU-38867",2006-05-30,2005,"Ecuador","Hugo Chavez2",1.62999999523163,2005-04-20,2007-01-15,4.5,"Luis Alfredo Palacio Gonzalez","Izquierda","Centro",FALSE
"1383-VEN-ECU-39097",2007-01-15,2005,"Ecuador","Hugo Chavez3",1.25,2007-01-15,2009-08-10,1.83000004291534,"Rafael Vicente Correa Delgado1","Izquierda","Izquierda",TRUE
"1383-VEN-ECU-39303",2007-08-09,2005,"Ecuador","Hugo Chavez3",1.25,2007-01-15,2009-08-10,1.83000004291534,"Rafael Vicente Correa Delgado1","Izquierda","Izquierda",TRUE
"1383-VEN-ECU-39749",2008-10-28,2005,"Ecuador","Hugo Chavez3",1.25,2007-01-15,2009-08-10,1.83000004291534,"Rafael Vicente Correa Delgado1","Izquierda","Izquierda",TRUE
"1383-VEN-ECU-39956",2009-05-23,2005,"Ecuador","Hugo Chavez3",1.25,2007-01-15,2009-08-10,1.83000004291534,"Rafael Vicente Correa Delgado1","Izquierda","Izquierda",TRUE
"1383-VEN-ECU-40263",2010-03-26,2010,"Ecuador","Hugo Chavez3",1.25,2009-08-10,2013-05-24,2.82999992370606,"Rafael Vicente Correa Delgado2","Izquierda","Izquierda",TRUE
"1383-VEN-ECU-40701",2011-06-07,2010,"Ecuador","Hugo Chavez3",1.25,2009-08-10,2013-05-24,2.82999992370606,"Rafael Vicente Correa Delgado2","Izquierda","Izquierda",TRUE
"1383-VEN-PRY-37063",2001-06-21,2000,"Paraguay","Hugo Chavez2",1.62999999523163,1999-03-28,2003-08-15,5.75,"Luis Angel Gonzalez Macchi","Izquierda","Derecha",FALSE
"1383-VEN-PRY-38696",2005-12-10,2005,"Paraguay","Hugo Chavez2",1.62999999523163,2003-08-15,2008-08-15,3.79999995231628,"Oscar Nicanor Duarte Frutos","Izquierda","Centro",FALSE
"898-VEN-PER-35904",1998-04-19,1995,"Peru","Rafael Antonio Caldera Rodriguez",4.13000011444092,1995-07-28,2000-07-28,5.44000005722046,"Alberto Kenya Fujimori Fujimori2","Centro","Derecha",FALSE
"1383-VEN-URY-38412",2005-03-01,2005,"Uruguay","Hugo Chavez2",1.62999999523163,2005-03-01,2010-03-01,3,"Tabare Ramon Vazquez Rosas","Izquierda","Centro",FALSE
"1383-VEN-URY-38574",2005-08-10,2005,"Uruguay","Hugo Chavez2",1.62999999523163,2005-03-01,2010-03-01,3,"Tabare Ramon Vazquez Rosas","Izquierda","Centro",FALSE
"1383-VEN-URY-39059",2006-12-08,2005,"Uruguay","Hugo Chavez2",1.62999999523163,2005-03-01,2010-03-01,3,"Tabare Ramon Vazquez Rosas","Izquierda","Centro",FALSE
"1383-VEN-URY-39301",2007-08-07,2005,"Uruguay","Hugo Chavez3",1.25,2005-03-01,2010-03-01,3,"Tabare Ramon Vazquez Rosas","Izquierda","Centro",FALSE
"1383-VEN-URY-40632",2011-03-30,2010,"Uruguay","Hugo Chavez3",1.25,2010-03-01,2015-03-01,2.5,"Jose Alberto Mujica Cordano","Izquierda","Izquierda",TRUE
"2179-VEN-URY-41401",2013-05-07,2010,"Uruguay","Nicolas Maduro Moros",1.37999999523163,2010-03-01,2015-03-01,2.5,"Jose Alberto Mujica Cordano","Izquierda","Izquierda",TRUE
"PELATAM-ARG-174",2008-02-22,2005,"Brazil","Cristina Fernandez1",2.5,2007-01-01,2011-01-01,2.55999994277954,"Luiz Inacio Lula da Silva2","Izquierda","Izquierda",TRUE
"PELATAM-ARG-181",2008-06-01,2005,"Venezuela","Cristina Fernandez1",2.5,2007-01-10,2013-03-05,1.25,"Hugo Chavez3","Izquierda","Izquierda",TRUE
"PELATAM-ARG-325",2017-05-24,2015,"Ecuador","Mauricio Macri",6.3,2017-05-24,2021-05-24,6,"Lenín Moreno Garcés","Derecha","Derecha",TRUE
"PELATAM-ARG-337",2018-08-15,2015,"Paraguay","Mauricio Macri",6.3,2018-08-15,2023-08-15,6.6,"Mario Abdo Beníte","Derecha","Derecha",TRUE
"PELATAM-BRA-3",2000-03-29,2000,"Venezuela","Fernando Henrique Cardoso2",4.78000020980835,1999-02-02,2000-08-19,2.13000011444092,"Hugo Chavez1","Centro","Izquierda",FALSE
"PELATAM-BRA-189",2016-10-03,2015,"Argentina","Michel Temmer",5.1,2015-12-10,2019-12-10,6.3,"Mauricio Macri","Derecha","Derecha",TRUE
"PELATAM-BRA-201",2018-08-15,2015,"Paraguay","Michel Temmer",5.1,2018-08-15,2023-08-15,6.6,"Mario Abdo Beníte","Derecha","Derecha",TRUE
"PELATAM-BRA-349",2000-03-01,2000,"Uruguay","Fernando Henrique Cardoso2",4.78000020980835,2000-03-01,2005-03-01,5.44999980926514,"Jorge Luis Batlle Ibanez","Centro","Derecha",FALSE
"PELATAM-CHL-38",2007-01-15,2005,"Ecuador","Veronica Michelle Bachelet Jeria",2.85999989509583,2007-01-15,2009-08-10,1.83000004291534,"Rafael Vicente Correa Delgado1","Izquierda","Izquierda",TRUE
"PELATAM-CHL-82",2013-08-15,2010,"Paraguay","Sebastian Pinera",5.69999980926514,2013-08-15,2018-08-15,5.59999990463257,"Horacio Manuel Cartes Jara","Derecha","Derecha",TRUE
"PELATAM-CHL-89",2015-03-01,2015,"Uruguay","Michelle Bachelet",2.9,2015-03-01,2020-03-01,2.83,"Tabaré Vázquez","Izquierda","Izquierda",TRUE
"PELATAM-CHL-236",2003-05-25,2000,"Argentina","Ricardo Froilin Lagos Escobar",3.5699999332428,2003-05-25,2007-12-10,2.79999995231628,"Nestor Carlos Kirchner","Centro","Izquierda",FALSE
"PELATAM-CHL-262",2004-08-31,2000,"Argentina","Ricardo Froilin Lagos Escobar",3.5699999332428,2003-05-25,2007-12-10,2.79999995231628,"Nestor Carlos Kirchner","Centro","Izquierda",FALSE
"PELATAM-CHL-288",2005-09-01,2005,"Colombia","Ricardo Froilin Lagos Escobar",3.5699999332428,2002-08-07,2006-08-07,6.8600001335144,"Alvaro Uribe Velez1","Centro","Derecha",FALSE
"PELATAM-CHL-313",2010-05-25,2010,"Argentina","Sebastian Pinera",5.69999980926514,2007-12-10,2011-12-10,2.5,"Cristina Fernandez1","Derecha","Izquierda",FALSE
"PELATAM-CHL-314",2010-10-28,2010,"Argentina","Sebastian Pinera",5.69999980926514,2007-12-10,2011-12-10,2.5,"Cristina Fernandez1","Derecha","Izquierda",FALSE
"PELATAM-BOL-1",1994-04-26,1990,"Argentina","Gonzalo Sanchez de Lozada",5.90000009536743,1989-07-08,1995-07-08,6.09999990463257,"Carlos Saul Menem1","Derecha","Derecha",TRUE
"PELATAM-BOL-2",1995-06-09,1995,"Argentina","Gonzalo Sanchez de Lozada",5.90000009536743,1989-07-08,1995-07-08,6.09999990463257,"Carlos Saul Menem1","Derecha","Derecha",TRUE
"PELATAM-COL-5",2010-03-10,2010,"Chile","Alvaro Uribe Velez2",6.8600001335144,2006-03-11,2010-03-11,2.85999989509583,"Veronica Michelle Bachelet Jeria","Derecha","Izquierda",FALSE
"PELATAM-ECU-2",2010-01-22,2010,"Bolivia","Rafael Vicente Correa Delgado2",2.82999992370606,2010-01-22,2015-01-22,2.90000009536743,"Juan Evo Morales Ayma2","Izquierda","Izquierda",TRUE
