colt_TripID,veredicto,valor_original_o_notas_previas,campos_completados_o_accion,fuente,justificacion,fecha_aplicado,estado
334-ARG-FRA-35885,Descartado,French Polynesia,"(Notes flageado, fila no eliminada)",Sin fuente independiente encontrada; búsquedas sobre agenda de viajes de Menem en 1997-1998 no mencionan Francia ni Polinesia Francesa en ese período.,"Entrada de muy baja confianza en COLT (Confidence=1) y con datos internamente contradictorios: CountryVisited='France' pero Notes='French Polynesia', dos destinos geográfica y políticamente distintos. No se halló ninguna cobertura de prensa (abierta) de un viaje de Menem a Francia o a la Polinesia Francesa en marzo-abril de 1998, pese a que ese período está bien documentado (agenda de giras presidenciales publicada por LA NACION en oct-1997 no la menciona). Se marca como probable error/viaje fantasma de COLT.",2026-08-17,DESCARTADO_FLAGEADO
334-ARG-XKX-36483,Descartado,,"(Notes flageado, fila no eliminada)",Sin fuente independiente encontrada; búsquedas sobre despliegue de tropas argentinas en Kosovo (KFOR) en 1999 no mencionan visita presidencial.,"Entrada de muy baja confianza en COLT (Confidence=1). No hay ningún registro de prensa de una visita presidencial de Menem a Kosovo en noviembre de 1999 (mes en que, según fuentes, su agenda incluía Cumbre Iberoamericana en Venezuela, Brasil y México, sin mención de Europa/Balcanes). Una visita presidencial a un territorio bajo administración de la OTAN en pleno conflicto de posguerra, a un mes de dejar el cargo (10-dic-1999), habría sido un hecho de alta cobertura mediática que no se encontró en ninguna búsqueda. Se marca como probable error/viaje fantasma de COLT.",2026-08-17,DESCARTADO_FLAGEADO
1473-ARG-CHL-36595,Confirmado,,CityVisited=Valparaíso,https://www.bcn.cl/historiapolitica/resenas_biograficas/wiki/Ricardo_Lagos_Escobar,"La asunción de Ricardo Lagos como presidente de Chile ocurrió el 11 de marzo de 2000 en Valparaíso (sede del Congreso chileno). Es práctica protocolar estándar que los presidentes de países vecinos (incluida Argentina) asistan a estas ceremonias; el rango de fechas de COLT (10-12 de marzo) es consistente con viaje de ida, ceremonia y regreso. La mención en las notas de COLT sobre 'Francisco Labastida Ochoa' (candidato mexicano) parece un error de mezcla de datos dentro de la base de COLT y no afecta la verosimilitud del evento principal (la asunción de Lagos).",2026-08-17,CONFIRMADO_CAMPOS_COMPLETADOS
1473-ARG-CHL-36597,Dudoso_no_verificable,,(sin cambio),Sin fuente independiente encontrada.,"No se encontró confirmación independiente de una reunión multilateral Argentina-Brasil-Chile-Finlandia-Italia-Nueva Zelanda en Santiago los días 12-14 de marzo de 2000. Es una agrupación de países inusual y no se halló registro. Dado que es inmediatamente posterior a la asunción de Lagos (10-12/3, ítem anterior), podría tratarse de una extensión del mismo viaje o de una duplicación/confusión en COLT, pero no hay evidencia suficiente para confirmar ni descartar.",2026-08-17,DUDOSO_SIN_CAMBIO
1473-ARG-PRY-36661,Dudoso_no_verificable,,(sin cambio),Sin fuente independiente encontrada.,No se halló cobertura de prensa abierta sobre una visita de de la Rúa a tropas argentinas de paz en Paraguay en mayo de 2000. Los colt_links citados están todos bloqueados por acceso institucional.,2026-08-17,DUDOSO_SIN_CAMBIO
1473-ARG-URY-36719,Dudoso_no_verificable,,(sin cambio),Sin fuente independiente encontrada.,"No se halló cobertura de prensa abierta sobre una visita de de la Rúa a Uruguay el 12 de julio de 2000. Único colt_link disponible está bloqueado por acceso institucional. Dada la frecuencia de encuentros bilaterales breves Argentina-Uruguay en esa época, es plausible pero no se pudo confirmar.",2026-08-17,DUDOSO_SIN_CAMBIO
1473-ARG-MEX-36773,Confirmado,,,"Continuidad de gira presidencial confirmada por Cumbre del Milenio de la ONU (Nueva York, 6-8 sep 2000) y la escala en Canadá inmediatamente después (ver 1473-ARG-CAN-36777)","El viaje a México (4-5 de septiembre de 2000, con el entonces presidente Zedillo) encaja de forma coherente como primera etapa de una gira que continuó a Nueva York para la Cumbre del Milenio (6-8 sep, viaje id 89 de nuestra base) y culminó en Canadá (8-9 sep, ítem siguiente). La secuencia temporal sin superposiciones ni huecos entre los tres tramos, más las múltiples fuentes citadas por COLT (ProQuest, Getty), da razonable respaldo circunstancial a que el viaje ocurrió tal como está registrado.",2026-08-17,CONFIRMADO_SIN_CAMPOS_NUEVOS
1473-ARG-CAN-36777,Confirmado,,,"Continuidad de gira presidencial confirmada por Cumbre del Milenio de la ONU (Nueva York, 6-8 sep 2000)","Nuestra propia base ya tiene el tramo de EE.UU. terminando el 8 de septiembre de 2000 (ver discrepancia 1473-ARG-USA-36775, resuelta como Nuestro_correcto); un viaje a Canadá iniciando ese mismo día 8/9 encaja perfectamente como etapa final de la misma gira de septiembre de 2000 (México-EE.UU.-Canadá). Múltiples fuentes citadas por COLT (incluidas 3 imágenes de Getty) respaldan adicionalmente el evento.",2026-08-17,CONFIRMADO_SIN_CAMPOS_NUEVOS
1473-ARG-CHL-36816,Dudoso_no_verificable,,(sin cambio),Sin fuente independiente encontrada (no se pudo confirmar fecha exacta de la 56a Asamblea de la SIP en octubre de 2000).,"COLT cita un evento específico y verosímil (ceremonia inaugural de la Asamblea General de la Sociedad Interamericana de Prensa) con varias fuentes (incluida Getty Images), pero no se logró hallar confirmación independiente en fuentes abiertas de que la asamblea de la SIP se haya realizado en Santiago de Chile en octubre de 2000 ni de la asistencia de de la Rúa.",2026-08-17,DUDOSO_SIN_CAMBIO
1473-ARG-CHL-36969,Dudoso_no_verificable,,(sin cambio),Sin fuente independiente encontrada.,No se halló cobertura de prensa abierta sobre una visita de de la Rúa a Chile el 19-20 de marzo de 2001. Los colt_links están bloqueados por acceso institucional o llevan a Getty Images sin metadatos verificables.,2026-08-17,DUDOSO_SIN_CAMBIO
1473-ARG-BRA-37104,Dudoso_no_verificable,,(sin cambio),Sin fuente independiente encontrada.,No se halló cobertura de prensa abierta sobre una visita de de la Rúa a Brasil el 1 de agosto de 2001. Colt_links bloqueados por acceso institucional.,2026-08-17,DUDOSO_SIN_CAMBIO
1473-ARG-BRA-37172,Dudoso_no_verificable,,(sin cambio),Sin fuente independiente encontrada.,No se halló cobertura de prensa abierta sobre una visita de de la Rúa a Brasil el 8-9 de octubre de 2001. Colt_links bloqueados por acceso institucional.,2026-08-17,DUDOSO_SIN_CAMBIO
1473-ARG-PRT-37210,Dudoso_no_verificable,,(sin cambio),Sin fuente independiente encontrada.,"No se halló cobertura de prensa abierta sobre una visita de de la Rúa a Portugal el 15-17 de noviembre de 2001. Es cronológicamente plausible como escala previa a la Cumbre Iberoamericana de Lima (23-24 nov 2001, confirmada en otro ítem), pero no se encontró confirmación independiente.",2026-08-17,DUDOSO_SIN_CAMBIO
1689-ARG-MAR-37712,Descartado,"[VERIFICACION PE-LATAM 2026-08-15: este viaje fue CANCELADO por la guerra de Irak (confirmado por La Nacion); no ocurrio como indica COLT. Fila senalada, no se elimino.]","(Notes flageado, fila no eliminada)","Verificación previa de PE-Latam (15-ago-2026), confirmada por La Nación.","Se mantiene la conclusión de la verificación anterior (una de las 7 correcciones que sobrevivieron al incidente del 15-ago-2026): este viaje de Duhalde a Marruecos fue CANCELADO por el estallido de la guerra de Irak y no llegó a ocurrir, según confirmó La Nación en su momento. Fila señalada como no correspondiente a un viaje real, no se elimina del registro por trazabilidad.",2026-08-17,DESCARTADO_FLAGEADO
1689-ARG-URY-37755,Dudoso_no_verificable,,(sin cambio),Sin fuente independiente encontrada.,"No se halló cobertura de prensa abierta sobre una visita de Duhalde a Uruguay el 14-15 de mayo de 2003 (mes previo al traspaso de mando a Kirchner, 25 de mayo de 2003). Es cronológicamente plausible (posible despedida a Batlle) pero no se pudo confirmar con fuentes abiertas; colt_links bloqueados por acceso institucional.",2026-08-17,DUDOSO_SIN_CAMBIO
1826-ARG-VEN-37807,Dudoso_no_verificable,,(sin cambio),Busqueda en prensa,No se hallo evidencia de una visita de Kirchner a Venezuela en julio de 2003; las fuentes revisadas ubican el primer viaje documentado de Kirchner a Venezuela en 2004.,2026-08-17,DUDOSO_SIN_CAMBIO
1826-ARG-BEL-37817,Confirmado,,CityVisited=Bruselas,Ambito.com / prensa (gira europea),"Se confirma que Kirchner realizo una gira europea entre el 10 y 18 de julio de 2003 que incluyo Reino Unido, Belgica, Francia y España, tras la Cumbre de Gobiernos Progresistas en Surrey.",2026-08-17,CONFIRMADO_CAMPOS_COMPLETADOS
1826-ARG-FRA-37817,Confirmado,,CityVisited=Paris,Ambito.com / prensa (gira europea),Misma gira europea de julio 2003 (Reino Unido-Belgica-Francia-España) confirmada por prensa.,2026-08-17,CONFIRMADO_CAMPOS_COMPLETADOS
1826-ARG-ESP-37818,Confirmado,,CityVisited=Madrid,Ambito.com / prensa (gira europea),"Ultimo tramo de la gira europea de julio 2003, con intercambios con inversores españoles vinculados a empresas de servicios publicos.",2026-08-17,CONFIRMADO_CAMPOS_COMPLETADOS
1826-ARG-URY-37969,Dudoso_no_verificable,,(sin cambio),Busqueda en prensa,No se hallo cobertura especifica que confirme un viaje de Kirchner a Uruguay el 14-17 de diciembre de 2003.,2026-08-17,DUDOSO_SIN_CAMBIO
1826-ARG-CHL-38058,Dudoso_no_verificable,,(sin cambio),Busqueda en prensa,"Se confirma tension y encuentros Kirchner-Lagos por el tema del gas en ese periodo, pero no se hallo confirmacion de una visita presencial a Chile el 12-13 de marzo de 2004 con fecha precisa.",2026-08-17,DUDOSO_SIN_CAMBIO
1826-ARG-URY-38444,Dudoso_no_verificable,,(sin cambio),Busqueda en prensa,No se hallo cobertura que confirme un viaje de Kirchner a Uruguay el 2 de abril de 2005 (esa fecha coincide con la muerte del Papa Juan Pablo II).,2026-08-17,DUDOSO_SIN_CAMBIO
1826-ARG-CHL-38513,Dudoso_no_verificable,,(sin cambio),Busqueda en prensa,"No se hallo cobertura especifica que confirme un viaje de Kirchner a Chile el 10-11 de junio de 2005 (se hallo mencion a un compromiso sobre gas del 15 de marzo de 2005, fecha distinta).",2026-08-17,DUDOSO_SIN_CAMBIO
1826-ARG-BRA-38624,Dudoso_no_verificable,,(sin cambio),Busqueda en prensa,No se hallo cobertura especifica que confirme un viaje de Kirchner a Brasil el 29-30 de septiembre de 2005.,2026-08-17,DUDOSO_SIN_CAMBIO
1826-ARG-URY-38812,Dudoso_no_verificable,,(sin cambio),Busqueda en prensa,No se hallo cobertura especifica que confirme un viaje de Kirchner a Uruguay el 5 de abril de 2006.,2026-08-17,DUDOSO_SIN_CAMBIO
2320-ARG-ECU-39558,Confirmado,,CityVisited=Quito,Pagina/12 'Cristina cambia de aire y viaja a Ecuador' (20-abr-2008),"Confirmado viaje de CFK a Quito el 20/4/2008, invitada por Rafael Correa; participo del ELAP, fue condecorada por la Asamblea Nacional y firmo declaracion conjunta con Correa.",2026-08-17,CONFIRMADO_CAMPOS_COMPLETADOS
2320-ARG-VEN-39923,Dudoso_no_verificable,,(sin cambio),Busqueda en prensa,"No se hallo evidencia de un viaje de CFK a Venezuela el 20 de abril de 2009; existe un viaje bien documentado a Venezuela el 18-20 de abril de 2010 (bicentenario), por lo que es posible que se trate de un error de año en COLT.",2026-08-17,DUDOSO_SIN_CAMBIO
2320-ARG-BRA-40133,Dudoso_no_verificable,,(sin cambio),Busqueda en prensa,No se hallo cobertura especifica que confirme un viaje de CFK a Brasil el 16-17 de noviembre de 2009.,2026-08-17,DUDOSO_SIN_CAMBIO
2320-ARG-CAN-40355,Confirmado,,CityVisited=Toronto,Cumbre G20 Toronto,"El viaje coincide exactamente con la Cumbre del G20 en Toronto (26-27 junio 2010), que ya figura en nuestra base bajo el TripID 2320-ARG-CAN-40354. Es muy probable que se trate de un registro duplicado dentro de COLT para el mismo viaje, no de un viaje adicional no registrado.",2026-08-17,CONFIRMADO_CAMPOS_COMPLETADOS
3169-ARG-USA-43000,Descartado,"[VERIFICACION PE-LATAM 2026-08-15: Macri NO asistio a la AGNU 2017; en su lugar asistio la vicepresidenta Gabriela Michetti (confirmado por El Cronista, Politica Argentina). Fila senalada como posible viaje fantasma, no se elimino.]","(Notes flageado, fila no eliminada)","El Cronista (9/8/2017), Telam (agosto 2017), Politica Argentina, Perfil","Confirmado de forma independiente: Macri decidio NO viajar a la 72a Asamblea General de la ONU en septiembre de 2017 (razon oficial: recuperacion de cirugia de rodilla derecha, en medio de campana electoral); en su lugar encabezo la delegacion la vicepresidenta Gabriela Michetti junto al canciller Faurie. Fue la primera vez que un vicepresidente represento a la Argentina ante la ONU, rompiendo la asistencia perfecta del pais desde 2002. Coincide con la verificacion previa de PE-Latam (nota en el propio workpack). Viaje fantasma confirmado; no corresponde agregarlo a la base.",2026-08-17,DESCARTADO_FLAGEADO
3670-ARG-BOL-44144,Dudoso_no_verificable,,(sin cambio),"Infobae, Perfil, El Cronista, teleSUR (8-9/11/2020)","Confirmado que Alberto Fernandez viajo a La Quiaca (Jujuy, Argentina) y encabezo un acto de despedida a Evo Morales en el puente internacional Horacio Guzman, en la frontera con Villazon (Bolivia), el 9/11/2020. Sin embargo, no se pudo confirmar de forma independiente que Fernandez haya cruzado y pisado suelo boliviano (Villazon) -las fuentes describen el acto en el puente fronterizo sin precisar si el mandatario paso al lado boliviano-, por lo que no es posible verificar con certeza si corresponde a una 'visita a Bolivia' en sentido estricto de la metodologia COLT/PE-Latam.",2026-08-17,DUDOSO_SIN_CAMBIO
3670-ARG-VAT-44329,Confirmado,,CityVisited=Ciudad del Vaticano,"France24 (""gira europea, respaldo renegociacion deuda FMI""), Vatican News","Confirmado: como parte de la gira europea de mayo 2021, el 13/5/2021 (jueves) Alberto Fernandez visito al Papa Francisco en audiencia privada en el Palacio Apostolico del Vaticano, en el mismo dia en que tambien almorzo con el presidente italiano Mattarella y se reunio con el premier Draghi. Corresponde a la misma jornada que la entrada 'Italia' del 13/5/2021 ya presente en nuestra base (nuestro_Trip_ID 369), por lo que podria tratarse de una etapa adicional (Vaticano) del mismo viaje que conviene agregar o vincular explicitamente.",2026-08-17,CONFIRMADO_CAMPOS_COMPLETADOS
3670-ARG-ITA-44499,Confirmado,,CityVisited=Roma,"Infobae (30/10/2021), Telam, LA NACION (Cumbre del G20 en Roma)","Confirmado: Alberto Fernandez participo de la Cumbre de Lideres del G20 en Roma los dias 30 y 31 de octubre de 2021 (agenda oficial comenzando el sabado 30 a las 5hs hora argentina en el Centro La Nuvola), con bilaterales con Merkel, Charles Michel, Pedro Sanchez y Ursula von der Leyen. Nota sobre fechas: la evidencia indica que el G20 concluyo el 31/10 (no el 1/11 como propone COLT); el 1/11 Fernandez ya habia iniciado el tramo de Glasgow/COP26 en Escocia (ver item GBR-44501). Se recomienda TripEndDate=2021-10-31 en lugar de 2021-11-01 al incorporar este viaje.",2026-08-17,CONFIRMADO_CAMPOS_COMPLETADOS
3670-ARG-ARG-44979,Confirmado,,"CityVisited=Base Marambio, Antartida","Buenos Aires Times, Casa Rosada, Twitter/X @CasaRosada (22/2/2023)","Confirmado: Alberto Fernandez visito la Base Marambio en la Antartida Argentina el 22/2/2023, coincidiendo con el Dia de la Soberania Antartica, donde dio un discurso e inauguro laboratorios. Nota: por tratarse de territorio bajo reclamo de soberania argentina (no un pais extranjero), se recomienda que el equipo de PE-Latam evalue si corresponde incluirlo en la base de 'viajes presidenciales al exterior' segun el criterio metodologico del proyecto, dado que COLT si lo registra pero como 'Argentina' (no como viaje internacional a otro pais).",2026-08-17,CONFIRMADO_CAMPOS_COMPLETADOS
4053-ARG-ARG-45297,Confirmado,,CityVisited=Antartida Argentina,"Casa Rosada (comunicado oficial, fuente citada en el propio workpack)","Confirmado por fuente oficial (Casa Rosada): Javier Milei encabezo el 6-7/1/2024 el lanzamiento del Programa de Implementacion de Tecnologia Nuclear para el Control de la Contaminacion Plastica en la Antartida. Misma observacion que el item anterior (Antartida/Alberto Fernandez): al ser territorio de reclamo de soberania argentina, se recomienda que el equipo evalue si corresponde incluirlo como 'viaje presidencial al exterior' segun el criterio metodologico del proyecto.",2026-08-17,CONFIRMADO_CAMPOS_COMPLETADOS
