Trip_ID,President,Start_Date,End_Date,Destination_Country,Destination_City,Visit_Subtype,Counterpart_Event,Trip_Objective,Source_Verification,Source_Reliability
3,Fernando Henrique Cardoso,2000-03-29,2000-03-30,Venezuela,Caracas,Working Visit,Hugo Chávez,Visita a Venezuela; integracion sudamericana y energia. Condecoracion Orden Francisco de Miranda (29/03).,https://pt.wikipedia.org/wiki/Lista_de_viagens_presidenciais_de_Fernando_Henrique_Cardoso,Medium
6,Fernando Henrique Cardoso,2000-09-06,2000-09-08,United States,New York,Global Forum,Cúpula do Milênio da ONU,Cumbre del Milenio de la ONU (mayor reunion de jefes de Estado hasta entonces).,https://www.un.org/en/conferences/environment/newyork2000,High
7,Fernando Henrique Cardoso,2000-10-02,2000-10-05,France,Paris,Working Visit,Busca de investimentos europeus,Gira europea en busca de inversiones (Folha 03/10/2000).,https://www1.folha.uol.com.br/fsp/brasil/fc0310200007.htm,Medium
10,Fernando Henrique Cardoso,2001-03-29,2001-03-31,United States,Washington D.C.,Working Visit,George W. Bush,Primera reunion con Bush; ALCA y comercio. Planalto divulgo agenda (Folha 27/03).,https://www1.folha.uol.com.br/folha/brasil/ult96u17636.shtml,Medium
23,Fernando Henrique Cardoso,2002-03-21,2002-03-22,Mexico,Monterrey,Global Forum,Conferência da ONU sobre Financiamento para o Desenvolvimento,Conferencia de Monterrey (Consenso de Monterrey) sobre financiamiento al desarrollo.,https://www.un.org/es/conf/ffd/2002/,Medium
59,Luiz Inácio Lula da Silva,2004-11-18,2004-11-20,Costa Rica,San José,Regional Summit,XIV Cúpula Ibero-Americana,Cumbre Iberoamericana 'educar para progresar'.,https://segib.org/?summit=xiv-cumbre-iberoamericana-san-jose-2004,High
74,Luiz Inácio Lula da Silva,2006-09-19,2006-09-19,United States,New York,Global Forum,61ª AGNU,Apertura de la 61a Asamblea General de la ONU.,https://www.funag.gov.br/loja/download/505-discursos_selecionados_lula.pdf,Medium
75,Luiz Inácio Lula da Silva,2006-11-03,2006-11-05,Uruguay,Montevideo,Regional Summit,XVI Cúpula Ibero-Americana,Cumbre Iberoamericana de Montevideo (post-reeleccion).,https://segib.org/?summit=xvi-cumbre-iberoamericana-montevideo-2006,Medium
158,Dilma Rousseff,2012-06-18,2012-06-19,Mexico,Los Cabos,Global Forum,Cúpula do G20 de Los Cabos,G20 de Los Cabos.,https://en.wikipedia.org/wiki/2012_G20_Los_Cabos_summit,Medium
170,Dilma Rousseff,2014-06-14,2014-06-15,Bolivia,Santa Cruz de la Sierra,Global Forum,Cúpula do G77+China (50 anos),Cumbre extraordinaria del G77+China en Santa Cruz.,Search Query: Dilma G77 China Santa Cruz junho 2014,Low
184,Dilma Rousseff,2015-12-21,2015-12-21,Paraguay,Asunción,Regional Summit,Cúpula do MERCOSUL,Cumbre del Mercosur en Asuncion; primera con Macri.,http://www.biblioteca.presidencia.gov.br/presidencia/ex-presidentes/dilma-rousseff/discursos/discursos-da-presidenta/discurso-da-presidenta-da-republica-dilma-rousseff-durante-a-xlix-cupula-dos-estados-partes-do-mercosul-e-estados-associados-assuncao-paraguai,High
189,Michel Temer,2016-10-03,2016-10-03,Argentina,Buenos Aires,Working Visit,Mauricio Macri,Primera bilateral con Macri; relanzamiento del eje Brasil-Argentina y flexibilizacion del Mercosur.,https://www.gov.br/mre/pt-br/canais_atendimento/imprensa/notas-a-imprensa/visita-do-presidente-da-republica-a-argentina-buenos-aires-3-de-outubro-de-2016,High
201,Michel Temer,2018-08-15,2018-08-15,Paraguay,Asunción,Inauguration/Funeral,Posse de Mario Abdo Benítez,Asuncion de Mario Abdo Benitez en Paraguay.,https://agenciabrasil.ebc.com.br/politica/noticia/2018-08/temer-participa-da-cerimonia-de-posse-do-presidente-eleito-do-paraguai,High
272,Luiz Inácio Lula da Silva,2026-04-16,2026-04-18,Spain,Barcelona,Global Forum,I Cumbre Brasil-España + IV Foro Democracia Sempre,"Firma de acuerdos bilaterales; defensa de la democracia y del multilateralismo junto a Sanchez, Sheinbaum, Petro, Orsi y Ramaphosa.",https://www.gov.br/mre/pt-br/canais_atendimento/imprensa/notas-a-imprensa/declaracao-conjunta-por-ocasiao-da-i-cupula-espanha-brasil-barcelona-17-de-abril-de-2026,High
273,Luiz Inácio Lula da Silva,2026-04-19,2026-04-20,Germany,Hannover,State Visit,Friedrich Merz / Hannover Messe 2026,"Visita de Estado; honores del canciller Merz; ~10 acuerdos (defensa, IA, clima, minerales criticos); Brasil pais socio de la feria.",https://www.gov.br/mre/pt-br/canais_atendimento/imprensa/notas-a-imprensa/atos-adotados-por-ocasiao-da-visita-de-estado-do-presidente-luiz-inacio-lula-da-silva-a-hannover-alemanha-19-e-20-de-abril-de-2026-2,High
274,Luiz Inácio Lula da Silva,2026-04-21,2026-04-21,Portugal,Lisboa,Working Visit,PM Luís Montenegro / presidente António José Seguro,Cierre de gira europea; cooperacion bilateral con foco en la comunidad brasilenia y la CPLP.,https://www.gov.br/planalto/pt-br/acompanhe-o-planalto/noticias/2026/04/presidente-lula-cumpre-agenda-na-espanha-alemanha-e-portugal-entre-17-e-21-de-abril,High
275,Luiz Inácio Lula da Silva,2026-05-06,2026-05-08,United States,Washington DC,Working Visit,Donald Trump,"Reunion de casi tres horas en la Casa Blanca (7/5): tarifaço, Seccion 301/Pix, crimen organizado, minerales criticos, reforma de la ONU.",https://agenciabrasil.ebc.com.br/internacional/noticia/2026-05/lula-deixa-a-casa-branca-apos-reuniao-com-trump,High
276,Luiz Inácio Lula da Silva,2026-06-15,2026-06-15,Switzerland,Geneva,Working Visit,Guy Parmelin,"Bilateral con el presidente suizo sobre comercio y Acuerdo MERCOSUR-EFTA, al llegar a Ginebra rumbo al G7.",https://www.gov.br/planalto/pt-br/acompanhe-o-planalto/notas-oficiais/notas-a-imprensa/lula-tem-reuniao-bilateral-com-o-presidente-da-suica-guy-parmelin,High
277,Luiz Inácio Lula da Silva,2026-06-15,2026-06-17,France,Évian-les-Bains,Global Forum,Cumbre del G7 de Évian (invitado),"Decima participacion en el G7; parcerias internacionales, crecimiento e IA; bilaterales con Macron y la PM japonesa Takaichi.",https://www.gov.br/mre/pt-br/canais_atendimento/imprensa/notas-a-imprensa/participacao-do-presidente-luiz-inacio-lula-da-silva-na-cupula-do-g7-em-evian-les-bains-franca-2013-16-e-17-de-junho-de-2026,High
278,Luiz Inácio Lula da Silva,2026-06-30,2026-06-30,Paraguay,Asunción,Regional Summit,LXVIII Cúpula do MERCOSUL,Defensa del MERCOSUR como necesidad estrategica; aporte de USD 100 millones al FOCEM; bilateral con Kast.,https://www.gov.br/planalto/pt-br/acompanhe-o-planalto/noticias/2026/06/presidente-lula-participa-da-lxviii-cupula-do-mercosul-no-paraguai-em-30-de-junho,High
281,Luiz Inácio Lula da Silva,2026-01-27,2026-01-28,Panama,Panama City,Global Forum,Foro Económico CAF América Latina y Caribe / José Raúl Mulino,Abrio el Foro Economico de la CAF; visita de Estado y bilateral con Mulino; acuerdos comerciales y de inversion.,https://www.gov.br/planalto/pt-br/acompanhe-o-planalto/noticias/2026/01/201camerica-latina-e-caribe-sao-capazes-de-construir-um-projeto-autonomo-de-insercao-internacional201d-diz-lula-no-panama,High
282,Luiz Inácio Lula da Silva,2026-02-18,2026-02-22,India,New Delhi,State Visit,Narendra Modi / Cumbre sobre Impacto de la IA,Visita de Estado; cumbre global de IA; foro empresarial; 11 acuerdos; meta comercial de USD 20000 millones.,https://www.gov.br/planalto/pt-br/acompanhe-o-planalto/noticias/2026/02/lula-fortalece-parcerias-comerciais-e-economicas-em-viagem-a-india-e-a-coreia-do-sul,High
283,Luiz Inácio Lula da Silva,2026-02-22,2026-02-24,South Korea,Seoul,State Visit,Lee Jae-myung,Primera visita de Estado a Corea del Sur; Plan de Accion Trienal 2026-2029; Foro Empresarial Brasil-Corea.,https://agenciabrasil.ebc.com.br/internacional/noticia/2026-02/itamaraty-detalha-viagem-de-lula-india-e-coreia-do-sul,High
284,Luiz Inácio Lula da Silva,2026-02-24,2026-02-25,United Arab Emirates,Abu Dhabi,Working Visit,Mohammed bin Zayed Al Nahyan,Reunion con el emir de Abu Dhabi para cerrar el giro asiatico; sin visita de Estado ni firma de acuerdos.,https://www.poder360.com.br/poder-governo/lula-vai-a-abu-dhabi-em-escala-surpresa-para-encerrar-tour-pela-asia/,Medium
285,Luiz Inácio Lula da Silva,2026-03-21,2026-03-21,Colombia,Bogotá,Regional Summit,X Cumbre CELAC / I Foro CELAC-África,Cumbre de la CELAC y Foro CELAC-Africa; defensa de la soberania regional; baja adhesion de lideres.,https://www.correiobraziliense.com.br/politica/2026/03/7381003-lula-participa-de-cupula-da-celac-e-forum-com-paises-africanos.html,High
349,Fernando Henrique Cardoso,2000-03-01,2000-03-01,Uruguay,Montevideo,Inauguration/Funeral,Posse de Jorge Batlle,"Asuncao de Jorge Batlle como presidente do Uruguai; FHC entre os cinco presidentes convidados (De la Rua, Cardoso, Gonzalez Macchi, Banzer, Chavez).",https://www.lanacion.com.ar/el-mundo/jorge-batlle-asume-la-presidencia-de-uruguay-nid7337/,High
358,Fernando Henrique Cardoso,2002-07-04,2002-07-05,Argentina,Buenos Aires,Regional Summit,"XXII Cúpula de Chefes de Estado do MERCOSUL (Brasil assume a Presidência Pro Tempore, sucedendo a Argentina de Duhalde)",Participação na cúpula ordinária do Mercosul em Buenos Aires; Brasil assume a Presidência Pro Tempore do bloco a partir de 1/7/2002.,https://portal.stf.jus.br/textos/verTexto.asp?servico=bibliotecaConsultaProdutoBibliotecaPastaMinistro&pagina=ExercicionaPresidenciadaRepublica,High
