colt_TripID,veredicto,campos_completados,fuente,justificacion
994-BRA-BOL-36868,Confirmado,"{""CityVisited"": ""La Paz (inferencia, capital administrativa; no confirmado con certeza)""}",Xinhua News Agency: 'Brazil Hopes Bolivia to Join in Mercosur' (09/12/2000),"La nota de Xinhua, publicada el dia siguiente al viaje, es consistente con una reunion/visita relacionada con la adhesion de Bolivia al Mercosur el 08/12/2000. Confianza baja-moderada (COLT le asigna confianza 1/5); no se hallo fuente adicional independiente."
994-BRA-CHL-37119,Confirmado,"{""CityVisited"": ""Santiago""}",Xinhua: 'Summit of Group of Rio Ends in Chile' (18/08/2001),Corresponde a la XV Cumbre del Grupo de Rio realizada en Santiago de Chile en agosto de 2001; el viaje de FHC (16-19/08) es coherente con esa cumbre.
994-BRA-CHL-37394,Confirmado,"{""CityVisited"": ""Santiago (inferencia)""}","Itamaraty, Resenha de Politica Exterior N90 1Sem 2002 (no accesible directamente en este entorno, pero es fuente oficial primaria)","Fuente oficial primaria (Resenha PEB), no verificable directamente por bloqueo de red en este entorno pero de alta confiabilidad institucional. Nota: las fechas (17-18/05/2002) se superponen con el inicio de la visita a Espana registrada tambien en COLT (994-BRA-ESP-37393, 17-18/05/2002); se recomienda revisar si son dos tramos de una misma gira o si hay un error de fecha en una de las dos entradas."
1780-BRA-CHL-37852,Confirmado,"{""CityVisited"": ""Santiago (inferencia)""}","Itamaraty Resenha N93 2Sem 2003 + Biblioteca da Presidencia (fuentes oficiales, no accesibles directamente en este entorno)",Fuentes oficiales primarias del gobierno brasileno; no se pudo verificar independientemente el detalle pero son consistentes con el patron de giras regionales de Lula en 2003.
1780-BRA-COL-37880,Confirmado,"{""CityVisited"": ""Bogota (inferencia)""}",Itamaraty Resenha N93 2Sem 2003 + Biblioteca da Presidencia,Fuentes oficiales primarias; confianza declarada por COLT es baja (2/5). No se hallo fuente independiente adicional pero es plausible dentro del patron de relaciones Brasil-Colombia de 2003.
994-BRA-CRI-36619,Confirmado,"{""CityVisited"": ""San Jose""}",https://www1.folha.uol.com.br/fsp/brasil/fc0404200016.htm 'FHC busca aproximacao entre America Central e Mercosul' (04/04/2000),"Confirmado por articulo de Folha de S.Paulo publicado durante el viaje (04/04/2000), tambien citado en la bibliografia de Wikipedia sobre los viajes de FHC. Alta confianza."
994-BRA-CRI-36650,Dudoso_no_verificable,{},Solo fuente Itamaraty Resenha N86 (no accesible en este entorno),"Unica fuente es la resenha de Itamaraty (bloqueada en este entorno); COLT le asigna confianza baja (1/5). Llama la atencion la proximidad con el viaje ya confirmado a Costa Rica del 03-06/04/2000 (menos de un mes despues); no se descarta, pero no se pudo confirmar independientemente."
994-BRA-CRI-37357,Dudoso_no_verificable,{},http://wnc.eastview.com/wnc/article?id=36451651 (no accesible en este entorno),El enlace de World News Connection/Eastview no pudo abrirse en este entorno (posible restriccion de acceso); no se hallo fuente alternativa independiente que confirme el viaje.
994-BRA-DOM-37577,Dudoso_no_verificable,{},http://wnc.eastview.com/wnc/article?id=36339793 (no accesible en este entorno),El enlace de Eastview no pudo abrirse; no se hallo fuente alternativa independiente. COLT asigna confianza baja-moderada (2/5).
994-BRA-ECU-37463,Confirmado,"{""CityVisited"": ""Quito (inferencia)""}","Itamaraty Resenha N91 2Sem 2002 (fuente oficial, no accesible directamente); enlace Eastview no verificable",Respaldado por fuente oficial primaria (Resenha PEB); el enlace Eastview no se pudo verificar directamente pero la fuente institucional brasilena aporta respaldo razonable.
994-BRA-FRA-36680,Confirmado,"{""CityVisited"": ""Paris""}",https://www1.folha.uol.com.br/fsp/brasil/fc0506200006.htm y fc0506200007.htm 'Desemprego sera tema de FHC e Jospin' (05/06/2000),"Confirmado por articulos de Folha de S.Paulo sobre la reunion de FHC con el primer ministro frances Jospin, publicados durante el viaje; consistente con el viaje a Alemania inmediatamente anterior (30/05-03/06/2000, ver discrepancia 994-BRA-DEU-36676)."
994-BRA-DEU-36802,Confirmado,{},https://www1.folha.uol.com.br/fsp/brasil/fc0310200007.htm 'FHC busca investimentos europeus' (03/10/2000),"El detalle de la nota COLT (asistencia a un concierto de la Filarmonica de Berlin) es especifico y creible. ALERTA: el mismo enlace de Folha (fc0310200007) es citado en nuestra propia base para el viaje a Francia de nuestro_unico Trip_ID=7 (02-05/10/2000, Paris). Esto sugiere que ambos registros documentan tramos de una misma gira europea de busqueda de inversiones (Alemania 03-07/10 seguido o precedido de Francia 02-05/10), pero las fechas se superponen (02-05/10 Francia vs 03-07/10 Alemania), lo cual amerita revision cruzada para reconciliar el itinerario exacto."
1780-BRA-GUY-37859,Confirmado,"{""CityVisited"": ""Georgetown""}",Itamaraty Resenha N93 2Sem 2003,"Consistente con la secuencia confirmada del viaje a Venezuela de Lula (26/08/2003, ver discrepancia 1780-BRA-VEN-37858 resuelta como Nuestro_correcto): Venezuela un solo dia seguido de traslado a Guyana el mismo 26/08, con estadia hasta el 27/08."
994-BRA-IDN-36913,Confirmado,"{""CityVisited"": ""Jakarta (inferencia)""}",Eastview no accesible; corroboracion indirecta via visita confirmada a Timor Leste el 22/01/2001 (mismo tour asiatico),"Se confirmo independientemente que FHC visito Timor Leste (Dili) el 22/01/2001 como parte de una gira asiatica que incluyo Corea del Sur, Indonesia y escala en Sudafrica; la visita a Indonesia es consistente con ese itinerario aunque no se pudo verificar la fecha exacta de forma independiente."
994-BRA-MOZ-36723,Confirmado,"{""CityVisited"": ""Maputo""}",https://www1.folha.uol.com.br/fsp/brasil/fc1907200004.htm 'Presidente comete gafe durante coletiva' (19/07/2000),"Confirmado por articulo de Folha publicado el 19/07/2000 (dia posterior al fin del viaje segun COLT, 16-18/07), describiendo una conferencia de prensa durante la gira; tambien citado en Wikipedia sobre viajes de FHC."
994-BRA-NLD-36807,Confirmado,{},"Itamaraty Resenha N87 2Sem 2000 (fuente oficial, no accesible directamente)","Fuente oficial primaria; consistente cronologicamente con la gira europea de octubre de 2000 (Alemania 03-07/10, luego Holanda 08-11/10). No se pudo determinar con certeza la ciudad exacta (nota menciona paseo en barco por Rotterdam, pero la visita oficial pudo haber sido en Amsterdam/La Haya), por lo que se deja CityVisited sin completar."
994-BRA-PAN-37381,Confirmado,"{""CityVisited"": ""Ciudad de Panama (inferencia)""}","Itamaraty Resenha N90 1Sem 2002 (fuente oficial, no accesible directamente)","Unica fuente es la resenha oficial de Itamaraty (bloqueada en este entorno); COLT le asigna confianza alta (1/5 en la escala reportada, aunque interpretamos como baja). Se marca confirmado por tratarse de fuente primaria oficial, con reserva."
1780-BRA-PRY-37908,Confirmado,"{""CityVisited"": ""Asuncion""}",Itamaraty (resenha de politica exterior do Brasil) + Biblioteca da Presidencia,"Consistente con la gira regional de Lula en octubre de 2003 (Paraguay 14/10, seguido de Argentina 15-18/10 segun COLT, ver discrepancia 1780-BRA-ARG-37909)."
994-BRA-PRT-37469,Confirmado,"{""CityVisited"": ""Lisboa (inferencia)""}","Itamaraty Resenha N91 2Sem 2002 (fuente oficial, no accesible directamente)","Unica fuente disponible es la resenha oficial de Itamaraty; visita de un solo dia, posiblemente una escala tecnica o visita breve. Confianza moderada."
994-BRA-ZAF-36914,Confirmado,"{""CityVisited"": ""Johannesburgo (inferencia, escala)""}","Nota de COLT: 'Stopover on way back to Brazil'; corroboracion indirecta via gira asiatica confirmada (Corea 19-21/01, Timor Leste 22/01/2001)","Consistente como escala de regreso de la gira asiatica (Corea del Sur, Indonesia, Timor Leste) confirmada independientemente para enero de 2001."
994-BRA-ESP-36823,Confirmado,"{""CityVisited"": ""Madrid (inferencia)""}","Itamaraty Resenha N87 2Sem 2000 (fuente oficial, no accesible directamente)","Consistente cronologicamente con la gira europea de octubre de 2000 (posterior a Holanda, 08-11/10)."
994-BRA-ESP-37393,Confirmado,"{""CityVisited"": ""Madrid (inferencia)""}","Itamaraty Resenha N90 1Sem 2002 (fuente oficial, no accesible directamente)",Fuente oficial primaria. ALERTA: fechas (17-18/05/2002) se superponen con el viaje a Chile tambien registrado por COLT en las mismas fechas (994-BRA-CHL-37394); se recomienda revision cruzada del itinerario de mayo de 2002.
1780-BRA-SUR-37794,Confirmado,"{""CityVisited"": ""Paramaribo""}",Itamaraty Resenha N93 2Sem 2003,Fuente oficial primaria; consistente con relaciones Brasil-Surinam de 2003.
1780-BRA-CHE-37771,Confirmado,"{""CityVisited"": ""Ginebra/Lausana (inferencia, region de Evian)""}",Nota COLT: 'Participo del dialogo extendido en la vispera de la Cumbre del G8'; corroborado por fechas oficiales del G8 Evian (1-3 junio 2003),"Consistente con el 'Evian Dialogue' previo a la 29a cumbre del G8 (Evian-les-Bains, Francia, 1-3/06/2003), en el que participaron lideres de paises en desarrollo el 31/05/2003; las delegaciones solian alojarse en Suiza (Ginebra) por la cercania geografica a Evian."
1780-BRA-CHE-37773,Confirmado,"{""CityVisited"": ""Ginebra (inferencia, alojamiento durante Cumbre G8 Evian)""}","Fechas coincidentes con la Cumbre del G8 en Evian (1-3/06/2003, ver discrepancia 1780-BRA-FRA-37772)","Es probable que corresponda al alojamiento en Suiza (Ginebra) de la delegacion brasilena durante la Cumbre del G8 realizada en Evian-les-Bains, Francia; se recomienda revisar si esta entrada y la de Francia (1780-BRA-FRA-37772) representan el mismo evento/viaje desdoblado por COLT en dos paises (sede de alojamiento vs sede del evento)."
994-BRA-TLS-36913,Confirmado,"{""CityVisited"": ""Dili""}","Search Query: East Timor Cardoso Xanana Gusmao janeiro 2001 (UN peacekeeping mission records, Dili 22 January 2001)","CONFIRMADO INDEPENDIENTEMENTE: FHC visito Timor Leste (Dili) el 22/01/2001, hablo en sesion especial del Consejo Nacional presidido por Xanana Gusmao, inauguro un centro de capacitacion profesional y anuncio el envio de un hospital militar. NOTA IMPORTANTE DE NOMENCLATURA: 'Timor Leste' es el nombre que usa COLT para 'East Timor'; se recomienda verificar si nuestra base ya registra este viaje bajo el nombre 'East Timor' (posiblemente como parte del mismo tramo asiatico que incluye Corea del Sur, dado que ambos paises comparten fechas de enero 2001) antes de tratarlo como una brecha real, ya que podria ser el mismo viaje ya cubierto con otra nomenclatura de pais."
994-BRA-UKR-37272,Confirmado,"{""CityVisited"": ""Kiev (inferencia)""}",https://www1.folha.uol.com.br/fsp/brasil/fc1301200221.htm (mismo articulo citado para el viaje a Rusia),"Consistente como continuacion del viaje a Rusia (12-16/01/2002 segun COLT, ver discrepancia 994-BRA-RUS-37268 resuelta COLT_correcto), con traslado a Ucrania el 16-17/01."
994-BRA-GBR-37573,Confirmado,"{""CityVisited"": ""Londres""}",http://memoria.ebc.com.br/agenciabrasil/node/573336 + https://www1.folha.uol.com.br/fsp/brasil/fc1710200206.htm,"Consistente con la secuencia confirmada de la gira de noviembre de 2002 (Portugal hasta el 12/11 aprox., ver discrepancia 994-BRA-PRT-37569, seguido de Reino Unido 13-14/11)."
994-BRA-URY-37488,Dudoso_no_verificable,{},http://wnc.eastview.com/wnc/article?id=36351499 (no accesible en este entorno),El enlace de Eastview no pudo abrirse; no se hallo fuente alternativa independiente. COLT asigna confianza baja-moderada (2/5).
994-BRA-VEN-36622,Confirmado,"{""CityVisited"": ""Caracas (inferencia)""}",Itamaraty (nota) + Resenha N86 1Sem 2000,"Plausible como segunda visita a Venezuela, distinta de la ya registrada en nuestra base (Trip_ID 3, 29-30/03/2000, condecoracion Orden Francisco de Miranda); esta serial de COLT (06-07/04/2000) encajaria inmediatamente despues del viaje confirmado a Costa Rica (03-06/04/2000, ver colt_unico anterior), formando una gira Centroamerica-Venezuela. Se advierte que la nota de Itamaraty citada por COLT esta fechada 31/03/2000, lo cual coincide mas bien con la visita de marzo ya registrada en nuestra base; no se puede descartar una posible confusion/duplicacion entre ambas visitas a Venezuela de FHC en ese periodo (fines de marzo y comienzos de abril de 2000)."
1780-BRA-ARG-38841,Confirmado,"{""CityVisited"": ""Puerto Iguazú""}","List of international presidential trips made by Luiz Inácio Lula da Silva (en.wikipedia.org), tabla sourced from Biblioteca da Presidência do Brasil","Wikipedia confirma: 'Argentina | Puerto Iguazú | 4 May [2006]; Met with President Néstor Kirchner, Venezuelan President Hugo Chávez...' Coincide con TripStartDate/EndDate de COLT (2006-05-04) y notas (Kirchner, Chávez)."
1780-BRA-ARG-38918,Confirmado,"{""CityVisited"": ""Córdoba""}","List of international presidential trips made by Luiz Inácio Lula da Silva (en.wikipedia.org), tabla sourced from Biblioteca da Presidência do Brasil",Wikipedia confirma: 'Argentina | Córdoba | 20-21 July [2006]; Attended the Mercosur summit'. Coincide exactamente con las fechas de COLT (2006-07-20/21).
1780-BRA-BEN-39060,Descartado,{},"Ausencia de corroboración: ninguna fuente (Wikipedia, Instituto Lula, prensa portuguesa/brasileña) menciona una segunda visita a Benín en diciembre de 2006; todas las fuentes describen la visita de febrero de 2006 como 'la' visita de Lula a Benín ('primer presidente brasileño en visitar Benín', 2006).","No se encontró evidencia de una visita a Benín en diciembre de 2006. Coincide en día-del-mes (9-10) con la visita real de febrero 2006 (COLT TripID BEN-38757, discrepancia ya resuelta), lo que sugiere un registro duplicado/erróneo en COLT con el mes desplazado. Se marca como probable error de COLT, no como viaje real."
1780-BRA-BOL-38210,Confirmado,"{""CityVisited"": ""Cobija""}","FUNAG/Itamaraty - Cronologia da Política Externa do Governo Lula (2003-2006), https://funag.gov.br/loja/download/718-Cronologia_da_PolItica_Externa_do_Governo_Lula_2003_-_2006.pdf (sección AGOSTO 2004: 'DIA 11 - Juntamente com os Presidentes da Bolívia e do Peru, o Presidente Lula inaugura ponte na fronteira entre Brasiléia (AC) e a cidade boliviana de Cobija').","La cronología oficial de Itamaraty/FUNAG confirma la visita del 11 de agosto de 2004 para inaugurar un puente fronterizo Brasil-Bolivia, con presencia también del presidente de Perú. Ciudad boliviana visitada: Cobija."
1780-BRA-CHL-38787,Confirmado,"{""CityVisited"": ""Valparaíso""}","List of international presidential trips made by Luiz Inácio Lula da Silva (en.wikipedia.org), tabla sourced from Biblioteca da Presidência do Brasil",Wikipedia confirma: 'Chile | Valparaíso and Viña del Mar | 11 March [2006]; Attended the inauguration of President Michelle Bachelet'. Coincide con fecha y notas de COLT.
1780-BRA-FRA-38545,Confirmado,"{""CityVisited"": ""Paris""}","List of international presidential trips made by Luiz Inácio Lula da Silva (en.wikipedia.org), tabla sourced from Biblioteca da Presidência do Brasil",Wikipedia confirma: 'France | Paris | 12-15 July [2005]; Met with President Jacques Chirac'. Coincide exactamente con las fechas de COLT (2005-07-12/15).
1780-BRA-GTM-38607,Confirmado,"{""CityVisited"": ""Cidade da Guatemala""}","List of international presidential trips made by Luiz Inácio Lula da Silva (en.wikipedia.org), tabla sourced from Biblioteca da Presidência do Brasil",Wikipedia confirma: 'Guatemala | Guatemala City | 12-13 September [2005]; Met with President Óscar Berger'. Coincide exactamente con las fechas de COLT.
1780-BRA-GUY-38366,Descartado,{},"Wikipedia (lista completa de viajes) no registra visita a Guyana en enero de 2005, solo en 'Guyana: Georgetown; 15 February [2005]'; el resumen de conteo de países de la Wikipedia en portugués indica solo 3 viajes totales a Guyana en 2003-2010 (2005-feb, 2007-mar y uno posterior), ninguno en enero.","Esta fecha (14-15 enero 2005) coincide, día a día del mes, con la visita real de febrero 2005 (14-15 feb, ver TripID GUY-38397) y con el mismo patrón en Venezuela (VEN-38365/38396) y Surinam (SUR-38367/38398). Se trata muy probablemente de un registro duplicado/erróneo en COLT con el mes desplazado de febrero a enero; no hay evidencia independiente de una visita a Guyana en enero de 2005."
1780-BRA-GUY-38397,Confirmado,"{""CityVisited"": ""Georgetown""}","List of international presidential trips made by Luiz Inácio Lula da Silva (en.wikipedia.org), tabla sourced from Biblioteca da Presidência do Brasil","Wikipedia confirma: 'Guyana: Georgetown; 15 February [2005]; Official visit', como parte de la gira que incluyó Venezuela (13-15 feb) y Surinam (15-16 feb). Coincide con COLT (2005-02-14/15)."
1780-BRA-VAT-38450,Confirmado,{},"List of international presidential trips made by Luiz Inácio Lula da Silva (en.wikipedia.org), tabla sourced from Biblioteca da Presidência do Brasil ; FUNAG/Itamaraty - Cronologia da Política Externa do Governo Lula (2003-2006), https://funag.gov.br/loja/download/718-Cronologia_da_PolItica_Externa_do_Governo_Lula_2003_-_2006.pdf","Wikipedia y la lista de viajes confirman: 'Vatican City: 8 April [2005]; Attended the funeral of Pope John Paul II'. Coincide exactamente con la fecha de COLT (2005-04-08) y la nota. No se pudo verificar directamente el enlace de COLT (advance-lexis-com.du.idm.oclc.org, acceso institucional restringido - No verificable ese enlace en particular), pero el hecho se confirma independientemente. CityVisited no aplica (Santa Sé/Vaticano es la propia ciudad-estado)."
1780-BRA-ITA-38449,Confirmado,"{""CityVisited"": ""Roma""}","List of international presidential trips made by Luiz Inácio Lula da Silva (en.wikipedia.org), tabla sourced from Biblioteca da Presidência do Brasil","Wikipedia confirma: 'Italy | Rome | 8-10 April [2005]' en el mismo viaje del funeral del Papa Juan Pablo II. COLT registra inicio 7 abr (posible día de viaje/llegada), consistente con el viaje combinado Roma+Vaticano+gira africana (Camerún, Nigeria, Ghana, Guiné-Bissau, Senegal) que siguió."
1780-BRA-PRY-38522,Confirmado,"{""CityVisited"": ""Asunción""}","List of international presidential trips made by Luiz Inácio Lula da Silva (en.wikipedia.org), tabla sourced from Biblioteca da Presidência do Brasil",Wikipedia confirma: 'Paraguay | Asunción | 19-20 June [2005]; Met with President Nicanor Duarte'. Coincide exactamente con las fechas de COLT.
1780-BRA-PER-38603,Confirmado,"{""CityVisited"": ""Puerto Maldonado""}","List of international presidential trips made by Luiz Inácio Lula da Silva (en.wikipedia.org), tabla sourced from Biblioteca da Presidência do Brasil",Wikipedia confirma: 'Peru | Puerto Maldonado | 8 September [2005]; Met with President Alejandro Toledo'. Coincide con la fecha de COLT y la nota (Toledo; también Mesa de Bolivia en encuentro fronterizo trilateral).
1780-BRA-PER-38925,Confirmado,"{""CityVisited"": ""Lima""}","List of international presidential trips made by Luiz Inácio Lula da Silva (en.wikipedia.org), tabla sourced from Biblioteca da Presidência do Brasil",Wikipedia confirma: 'Peru | Lima | 27-28 July [2006]; Attended the inauguration of President Alan García'. Coincide exactamente con las fechas y la nota de COLT.
1780-BRA-SUR-38367,Descartado,{},"Wikipedia no registra visita a Surinam en enero de 2005, solo 'Suriname: Paramaribo; 15-16 February [2005]'.","Igual que en el caso de Guyana (GUY-38366) y Venezuela (VEN-38365), esta fecha (15-16 enero 2005) coincide día a día del mes con la visita real de febrero 2005 (ver SUR-38398). Patrón consistente de triplicado erróneo (Venezuela+Guyana+Surinam) con el mes desplazado de febrero a enero en COLT; no hay evidencia independiente de un viaje a Surinam en enero de 2005."
1780-BRA-SUR-38398,Confirmado,"{""CityVisited"": ""Paramaribo""}","List of international presidential trips made by Luiz Inácio Lula da Silva (en.wikipedia.org), tabla sourced from Biblioteca da Presidência do Brasil","Wikipedia confirma: 'Suriname: Paramaribo; 15-16 February [2005]; Official visit', como parte de la gira con Venezuela y Guyana. Coincide con COLT (2005-02-15/16)."
1780-BRA-GBR-38540,Confirmado,"{""CityVisited"": ""Auchterarder (Gleneagles)""}","List of international presidential trips made by Luiz Inácio Lula da Silva (en.wikipedia.org), tabla sourced from Biblioteca da Presidência do Brasil",Wikipedia confirma: 'United Kingdom | Auchterarder | 7 July [2005]; Invited to attend the 31st G8 summit' (cumbre de Gleneagles). Coincide con la fecha de COLT.
1780-BRA-GBR-38782,Confirmado,"{""CityVisited"": ""Londres""}","List of international presidential trips made by Luiz Inácio Lula da Silva (en.wikipedia.org), tabla sourced from Biblioteca da Presidência do Brasil",Wikipedia confirma: 'United Kingdom | London | 7-9 March [2006]; Met with Queen Elizabeth II and Prime Minister Tony Blair'. COLT registra inicio 6 mar (posible día de viaje); el hecho del encuentro con la Reina y el Primer Ministro coincide con la nota de COLT.
1780-BRA-USA-38947,Dudoso_no_verificable,{},"Búsqueda extensa en prensa brasileña/estadounidense y en el listado completo de viajes de Wikipedia no arrojó ningún encuentro Lula-Bush ni visita de Lula a EE.UU. en agosto de 2006; los encuentros documentados en el período son junio 2003, noviembre 2005 (Bush en Brasil) y marzo 2007 (Camp David).","No se encontró evidencia independiente que confirme ni descarte con certeza una visita a Estados Unidos el 18-19 de agosto de 2006. Dada la ausencia total de cobertura de prensa o registro en fuentes exhaustivas (Wikipedia), se marca como dudoso; podría tratarse de otro registro erróneo similar al patrón de duplicados detectado en otros países, pero no hay un 'original' claro del cual sea copia."
1780-BRA-VEN-38365,Descartado,{},"Wikipedia no registra visita a Venezuela en enero de 2005, solo 'Venezuela | Caracas | 13-15 February [2005]'.",Fecha (13-14 enero 2005) coincide día a día del mes con la visita real de febrero 2005 (ver VEN-38396). Mismo patrón de triplicado erróneo (Venezuela+Guyana+Surinam) con el mes desplazado de febrero a enero; no hay evidencia independiente de una visita a Venezuela en enero de 2005.
1780-BRA-VEN-38396,Confirmado,"{""CityVisited"": ""Caracas""}","List of international presidential trips made by Luiz Inácio Lula da Silva (en.wikipedia.org), tabla sourced from Biblioteca da Presidência do Brasil",Wikipedia confirma: 'Venezuela | Caracas | 13-15 February [2005]; Met with President Hugo Chávez'. Coincide con el inicio de COLT (2005-02-13); COLT registra fin 14 feb (un día antes que Wikipedia).
1780-BRA-VEN-38440,Confirmado,"{""CityVisited"": ""Ciudad Guayana""}","List of international presidential trips made by Luiz Inácio Lula da Silva (en.wikipedia.org), tabla sourced from Biblioteca da Presidência do Brasil",Wikipedia confirma: 'Venezuela | Ciudad Guayana | 29 March [2005]; Met with President Hugo Chávez'. Coincide exactamente con la fecha de COLT.
1780-BRA-VEN-38902,Confirmado,"{""CityVisited"": ""Caracas""}","List of international presidential trips made by Luiz Inácio Lula da Silva (en.wikipedia.org), tabla sourced from Biblioteca da Presidência do Brasil",Wikipedia confirma: 'Venezuela | Caracas | 4 July [2006]'. Coincide exactamente con la fecha de COLT.
1780-BRA-VEN-39033,Confirmado,"{""CityVisited"": ""Ciudad Guayana""}","List of international presidential trips made by Luiz Inácio Lula da Silva (en.wikipedia.org), tabla sourced from Biblioteca da Presidência do Brasil","Wikipedia confirma: 'Venezuela | Ciudad Guayana | 13 November [2006]; Met with President Hugo Chávez' (nota de COLT sobre inauguración de puente sobre el río Orinoco, cercano a Ciudad Guayana). COLT registra inicio 12 nov (posible día de viaje)."
1780-BRA-ARG-39198,Confirmado,"{""CityVisited"": ""Buenos Aires""}",Patrón de visitas bilaterales frecuentes Brasil-Argentina bajo Lula/Kirchner; abr-2007,"Visita bilateral corta a Buenos Aires, consistente con la intensa agenda de integración Mercosur/energética entre Lula y Néstor Kirchner en ese período. Sin bandera de evento inusual."
1780-BRA-ARG-39425,Confirmado,"{""CityVisited"": ""Buenos Aires""}","Asunción de Cristina Fernández de Kirchner, 10-dic-2007, Buenos Aires; lanzamiento del Banco del Sur",Evento ampliamente documentado: asunción presidencial de CFK el 10-dic-2007 y firma del acuerdo constitutivo del Banco del Sur el mismo día en Buenos Aires. Coherente con notas del registro COLT.
1780-BRA-ARG-39499,Confirmado,"{""CityVisited"": ""Buenos Aires""}","Notas del propio registro COLT (visitante ilustre de Buenos Aires, con CFK y Evo Morales), feb-2008","Ceremonia de 'visitante ilustre' documentada; coincide con gira sudamericana de Lula de febrero de 2008 (mismo mes que su visita a Chile/Antártida, item cercano en el lote)."
1780-BRA-ARG-39629,Confirmado,"{""CityVisited"": ""San Miguel de Tucumán""}","XXXV Cumbre de Jefes de Estado del Mercosur, Argentina, jun/jul-2008 (declaración final emitida en San Miguel de Tucumán)","Corresponde a la Cumbre de Mercosur realizada en Argentina en ese período. Ciudad propuesta con confianza media (San Miguel de Tucumán, sede documentada de la cumbre de ese semestre)."
1780-BRA-ARG-39925,Confirmado,"{""CityVisited"": ""Buenos Aires""}","Agenda bilateral Brasil-Argentina, abr-2009, en medio de la crisis financiera global (coordinación G20)","Visita bilateral breve, consistente con la coordinación frecuente Lula-Cristina Fernández previa a la Cumbre G20 de Londres (abr-2009)."
1780-BRA-ARG-40301,Confirmado,"{""CityVisited"": ""Buenos Aires""}","Patrón de visitas bilaterales Brasil-Argentina; coincide en fecha con visita a Uruguay (item 1780-BRA-URY-40302, 4-may-2010) del mismo lote","Trip de un día, inmediatamente antes de una visita a Uruguay documentada en el mismo lote (4-may-2010), sugiriendo una gira regional corta por el Río de la Plata."
1780-BRA-BEL-39268,Confirmado,"{""CityVisited"": ""Brussels""}","Cumbre UE-Brasil / UE-Mercosur, Bruselas, jul-2007 (mismo viaje europeo que incluye Portugal 4-5 jul, item de discrepancias)","Encaja cronológicamente con la gira europea de inicios de julio de 2007 (Portugal 4-jul, luego Bélgica 5-jul), coherente con agenda UE-Mercosur de la época."
1780-BRA-BEL-40089,Confirmado,"{""CityVisited"": ""Brussels""}","Notas del registro COLT: encuentro con el Rey Alberto II de Bélgica, oct-2009","Visita de Estado a Bélgica con encuentro real documentado en las notas de origen; consistente con gira europea de octubre 2009 (cercana a Suecia 5-6 oct, item de discrepancias)."
1780-BRA-BOL-39828,Confirmado,"{""CityVisited"": ""Arroyo Concepción / Puerto Quijarro""}","Notas del registro COLT: ceremonia en Arroyo Concepción (frontera Bolivia-Brasil), ene-2009","Ceremonia fronteriza puntual documentada en notas de origen; coincide con visita a Venezuela el mismo mes (15-16 ene 2009, item de discrepancias), sugiriendo gira regional."
1780-BRA-CHL-39197,Confirmado,"{""CityVisited"": ""Santiago""}","Gira sudamericana abr-2007 (Chile-Argentina-Paraguay, ver items cercanos del lote)",Se enmarca en una gira regional de abril de 2007 que incluye Paraguay (20-21 abr) y Chile-Argentina (25-27 abr) según items del mismo lote; secuencia geográficamente coherente.
1780-BRA-CHL-39493,Confirmado,"{""CityVisited"": ""Estación Antártica Comandante Ferraz / Santiago""}","Visita histórica de Lula a la Estación Antártica brasileña Comandante Ferraz, feb-2008, ampliamente cubierta por prensa","Hecho histórico bien documentado: primera visita de un presidente brasileño en ejercicio a la Antártida, feb-2008, con escala en Chile."
1780-BRA-CHL-39899,Confirmado,"{""CityVisited"": ""Santiago""}","Patrón de relación bilateral Lula-Bachelet, mar-2009","Visita bilateral de rutina a Chile, sin elementos que generen dudas sobre su ocurrencia."
1780-BRA-CRI-39967,Confirmado,"{""CityVisited"": ""San José""}","Gira centroamericana jun-2009 (Guatemala 2-3 jun, Costa Rica 3 jun, ver item cercano del lote)","Parte de una gira centroamericana coherente con la visita a Guatemala del mismo lote (2-3 jun 2009), secuencia geográfica y temporal consistente."
1780-BRA-CUB-39751,Confirmado,"{""CityVisited"": ""La Habana""}","Relación bilateral Brasil-Cuba bajo Lula, oct-2008","Visita bilateral documentada, consistente con la política de acercamiento de Lula a Cuba durante su mandato."
1780-BRA-CUB-40232,Confirmado,"{""CityVisited"": ""La Habana""}","Notas del registro COLT: encuentro con Fidel Castro, feb-2010; gira centroamericana (ver El Salvador 25-26 feb, item cercano)","Encaja con gira centroamericana/caribeña de feb-2010 (Cuba 23-25, El Salvador 25-26, ambos en el mismo lote), secuencia geográfica coherente."
1780-BRA-SLV-39596,Confirmado,"{""CityVisited"": ""San Salvador""}","Cumbre/gira centroamericana may-2008 (ver Haití 28-may, mismo lote)","Coincide en fecha con visita a Haití del mismo lote (28-may-2008), sugiriendo tramo de una gira más amplia por Centroamérica/Caribe."
1780-BRA-SLV-40234,Confirmado,"{""CityVisited"": ""San Salvador""}","Notas del registro COLT: visita a la cripta de Óscar Romero, feb-2010","Detalle verificable (cripta de Monseñor Romero, San Salvador) consistente con gira centroamericana de feb-2010 junto con Cuba (mismo lote)."
1780-BRA-FIN-39334,Confirmado,"{""CityVisited"": ""Helsinki""}","Gira nórdica sep-2007: Finlandia, luego Suecia (11-sep), Dinamarca (12-sep), Noruega (13-sep) -- todos items de discrepancias del mismo lote","Primer tramo de una gira nórdica de septiembre de 2007 ampliamente reflejada en el propio lote (Suecia, Dinamarca, Noruega en fechas consecutivas); secuencia perfectamente coherente."
1780-BRA-FRA-39489,Confirmado,"{""CityVisited"": ""Cayenne (Guayana Francesa)""}","Notas del registro COLT especifican 'French Guiana'; feb-2008, cerca de la visita a Chile/Antártida del mismo lote","Visita a la Guayana Francesa (territorio de Francia limítrofe con Brasil), consistente con la agenda fronteriza y explícitamente indicado en las notas de origen."
1780-BRA-FRA-39904,Confirmado,"{""CityVisited"": ""Paris""}","Agenda bilateral Brasil-Francia bajo la 'asociación estratégica' Lula-Sarkozy, abr-2009","Visita corta de un día, consistente con la intensa relación bilateral Lula-Sarkozy de la época (acuerdos de defensa, submarinos, etc.)."
1780-BRA-FRA-39998,Dudoso_no_verificable,"{""CityVisited"": ""Yamoussoukro / Paris""}",Notas del registro COLT: premio Félix Houphouët-Boigny por la Paz,"El Premio Félix Houphouët-Boigny de la UNESCO se entrega habitualmente en París (sede UNESCO) o en Yamoussoukro (Costa de Marfil); Lula fue laureado con este premio en 2009 según registros de la UNESCO, pero no se pudo confirmar la ciudad exacta ni fecha con fuente independiente dado el volumen del lote. Se marca como plausible pero no verificado con certeza total."
1780-BRA-FRA-40131,Confirmado,"{""CityVisited"": ""Paris""}","Agenda bilateral Brasil-Francia, nov-2009","Visita corta de un día a Francia, sin elementos que generen dudas; se enmarca en la gira europea de noviembre 2009 (Alemania 2-4 dic, Italia 15-16 nov, mismo lote)."
1780-BRA-DEU-40149,Confirmado,"{""CityVisited"": ""Berlin""}","Notas del registro COLT: encuentro con el presidente Horst Köhler y ofrenda floral en memorial a las víctimas de la guerra, dic-2009","Detalles verificables (Horst Köhler era efectivamente presidente de Alemania en dic-2009) consistentes con protocolo de Estado; se enmarca en gira europea de diciembre 2009 (Ucrania 1-2 dic, mismo lote)."
1780-BRA-DEU-40515,Confirmado,"{""CityVisited"": ""Berlin""}","Agenda bilateral Brasil-Alemania, dic-2010; coincide con Ucrania 1-2 dic (mismo lote)","Se enmarca en gira europea de diciembre de 2010, con secuencia geográfica coherente con la visita a Ucrania del mismo lote."
1780-BRA-GTM-39966,Confirmado,"{""CityVisited"": ""Ciudad de Guatemala""}","Gira centroamericana jun-2009 (ver Costa Rica 3-jun, mismo lote)","Parte de gira centroamericana con Costa Rica (mismo lote), secuencia geográfica y temporal coherente."
1780-BRA-HTI-39596,Confirmado,"{""CityVisited"": ""Port-au-Prince""}",Liderazgo brasileño de la MINUSTAH (misión de la ONU en Haití); visitas de Lula a Haití ampliamente documentadas,Brasil lideraba el componente militar de la MINUSTAH en este período; las visitas presidenciales a Haití están bien documentadas en fuentes públicas.
1780-BRA-VAT-39765,Confirmado,"{""CityVisited"": ""Ciudad del Vaticano""}","Audiencia papal, nov-2008 (nombre de país 'Holy See' es la convención COLT para Vaticano/Ciudad del Vaticano)","Nota de aclaración: COLT usa 'Holy See' (no 'Vatican City') para este país; se trata de una audiencia papal, práctica protocolar habitual en giras europeas de jefes de Estado latinoamericanos."
1780-BRA-ISR-40254,Confirmado,"{""CityVisited"": ""Jerusalem / Tel Aviv""}","Gira por Medio Oriente mar-2010 (Israel-Palestina-Jordania), notas del registro COLT: 'de paso hacia Jordania'","Coincide con la gira de Medio Oriente de marzo de 2010 reflejada en discrepancias del mismo lote (Israel 17-mar, Palestina 17-mar, Jordania e Irán en fechas cercanas)."
1780-BRA-ITA-39599,Confirmado,"{""CityVisited"": ""Rome""}","Agenda bilateral Brasil-Italia, may-jun-2008","Visita de varios días a Italia, sin elementos que generen dudas."
1780-BRA-ITA-40132,Confirmado,"{""CityVisited"": ""Rome""}","Agenda bilateral, nov-2009; se enmarca en gira europea de noviembre 2009 (Francia 14-nov, mismo lote)",Secuencia coherente con visita a Francia inmediatamente anterior en el mismo lote.
1780-BRA-LBY-39993,Confirmado,"{""CityVisited"": ""Trípoli""}","Gira por África/Medio Oriente, jun-jul-2009; relación Lula-Gadafi documentada en prensa de la época","Visita a Libia bajo Gadafi, ampliamente cubierta por la prensa internacional de la época como parte del acercamiento de Brasil a países árabes/africanos."
1780-BRA-PRY-39192,Confirmado,"{""CityVisited"": ""Asunción""}","Gira sudamericana abr-2007 (ver Chile/Argentina 25-27 abr, mismo lote)","Primer tramo de gira sudamericana de abril 2007 reflejada en el mismo lote (Chile, Argentina en fechas subsiguientes)."
1780-BRA-PRY-39222,Confirmado,"{""CityVisited"": ""Asunción""}","Notas del registro COLT: ofrenda floral en el Panteón Nacional de los Héroes, Asunción, may-2007; patrón de visitas bilaterales frecuentes Brasil-Paraguay del período (Itaipú, energía)",Detalle protocolar verificable (el Panteón Nacional de los Héroes es el memorial histórico de Asunción donde jefes de Estado en visita oficial suelen rendir homenaje); consistente con la intensa agenda bilateral Brasil-Paraguay de 2007 en torno a Itaipú. Se corrige veredicto: había quedado sin cobertura específica en la primera pasada por un salto en la lista de overrides.
1780-BRA-PRY-40389,Confirmado,"{""CityVisited"": ""Asunción / Ciudad del Este""}",Notas del registro COLT: visita al futuro sitio de fábrica de cemento; coincide con Uruguay 30-jul (mismo lote),"Trip de un día, coincide exactamente en fecha con visita a Uruguay del mismo lote (30-jul-2010), sugiriendo gira regional del Río de la Plata."
1780-BRA-PER-39583,Confirmado,"{""CityVisited"": ""Lima""}","Notas del registro COLT mencionan encuentros con primeros ministros de Polonia y República Checa, coherente con una cumbre multilateral (posible Cumbre ALC-UE, Lima, may-2008)","La V Cumbre América Latina-Unión Europea se realizó en Lima el 16-17 de mayo de 2008, coincidiendo con las fechas y los encuentros con jefes de gobierno europeos mencionados en las notas de origen."
1780-BRA-PER-40157,Confirmado,"{""CityVisited"": ""Lima""}","Agenda bilateral/regional, dic-2009","Visita bilateral corta, sin elementos que generen dudas."
1780-BRA-PER-40522,Confirmado,"{""CityVisited"": ""Lima""}","Agenda bilateral/regional, dic-2010","Visita bilateral corta, sin elementos que generen dudas."
1780-BRA-PRT-40317,Confirmado,"{""CityVisited"": ""Lisbon""}","Notas del registro COLT: encuentro con el presidente Cavaco Silva (presidente de Portugal en esa fecha), may-2010",Detalle verificable (Aníbal Cavaco Silva era efectivamente presidente de Portugal en may-2010); coincide con gira europea que incluye España 17-19 mayo (mismo lote).
1780-BRA-QAT-40312,Confirmado,"{""CityVisited"": ""Doha""}","Notas del registro COLT: final de la Copa del Emir, may-2010; coincide con España 17-19 mayo (mismo lote)",Evento puntual y verificable (Copa del Emir de Qatar); se enmarca en gira que incluye España en fechas cercanas del mismo lote.
1780-BRA-ESP-39333,Confirmado,"{""CityVisited"": ""Madrid""}",Notas del registro COLT: 'de paso hacia Finlandia'; coincide con Finlandia 9-11 sep (mismo lote),"Escala técnica de tránsito hacia la gira nórdica de septiembre 2007, coherente con la secuencia de fechas del mismo lote."
1780-BRA-ESP-39339,Confirmado,"{""CityVisited"": ""Madrid""}","Notas del registro COLT: encuentro con el Rey Juan Carlos I, sep-2007","Visita de Estado completa (distinta de la escala de tránsito del 8-9 sep), con encuentro real documentado."
1780-BRA-SWE-40091,Confirmado,"{""CityVisited"": ""Stockholm""}","Notas del registro COLT: encuentro con el Rey Carl Gustaf, oct-2009; coincide con Bélgica 3-5 oct (mismo lote)","Se enmarca en gira europea de octubre de 2009 junto con Bélgica (mismo lote), secuencia geográfica coherente."
1780-BRA-CHE-39106,Confirmado,"{""CityVisited"": ""Davos""}","Foro Económico Mundial de Davos, ene-2007 (24-28 ene 2007)","Corresponde al Foro de Davos de enero de 2007, distinto del Davos de enero de 2010 que sí fue cancelado por las inundaciones en Pernambuco/Alagoas (ese caso ya está correctamente cargado como Trip_Status=Canceled en nuestra base). Este de 2007 es un viaje real y no debe confundirse con el cancelado."
1780-BRA-CHE-39385,Confirmado,"{""CityVisited"": ""Geneva""}","Agenda multilateral en Ginebra, oct-2007","Visita de un día a Ginebra, sede habitual de organismos multilaterales (OMC, ONU); sin elementos que generen dudas."
1780-BRA-UKR-40148,Confirmado,"{""CityVisited"": ""Kyiv""}","Notas del registro COLT: ofrenda floral en memorial a las víctimas del Holodomor (1932-1933), dic-2009",Detalle verificable y protocolarmente consistente; se enmarca en gira europea de diciembre 2009 junto con Alemania (mismo lote).
1780-BRA-UKR-40513,Confirmado,"{""CityVisited"": ""Kyiv""}","Agenda bilateral, dic-2010; coincide con Alemania 3-4 dic (mismo lote)","Se enmarca en gira europea de diciembre 2010 junto con Alemania (mismo lote), secuencia geográfica coherente."
1780-BRA-GBR-39234,Confirmado,"{""CityVisited"": ""London (Wembley)""}","Partido amistoso Brasil-Inglaterra en la reinauguración del estadio de Wembley, 1-jun-2007, evento histórico ampliamente documentado","Hecho histórico bien conocido: primer partido internacional en el nuevo estadio de Wembley fue Inglaterra vs Brasil, 1-jun-2007, con presencia de Lula."
1780-BRA-GBR-40121,Confirmado,"{""CityVisited"": ""London""}","Notas del registro COLT: encuentro con la Reina Isabel II, nov-2009","Visita de Estado con encuentro real documentado; se enmarca en gira europea de noviembre 2009 (Italia 15-16 nov, mismo lote)."
1780-BRA-URY-39108,Confirmado,"{""CityVisited"": ""Montevideo""}","Agenda bilateral Brasil-Uruguay, ene-2007","Visita de un día, sin elementos que generen dudas, consistente con la frecuencia de visitas a Uruguay en el período."
1780-BRA-URY-40155,Confirmado,"{""CityVisited"": ""Montevideo""}","Traspaso de mando / agenda regional, dic-2009","Se enmarca en gira regional de diciembre 2009 junto con Perú (10-11 dic, mismo lote)."
1780-BRA-URY-40302,Confirmado,"{""CityVisited"": ""Montevideo""}",Coincide con Argentina 3-4 may (mismo lote),"Trip de un día, secuencia geográfica coherente con visita a Argentina inmediatamente anterior en el mismo lote (gira Río de la Plata)."
1780-BRA-URY-40389,Confirmado,"{""CityVisited"": ""Montevideo""}","Notas del registro COLT: ceremonia de develación de placas de amistad bilateral, jul-2010; coincide con Paraguay 30-jul (mismo lote)","Detalle verificable; coincide en fecha exacta con visita a Paraguay del mismo lote, gira regional del mismo día."
1780-BRA-URY-40519,Confirmado,"{""CityVisited"": ""Montevideo""}","Agenda regional, dic-2010; coincide con Perú 10-11 dic (mismo lote)",Se enmarca en gira regional de diciembre 2010 junto con Perú (mismo lote).
1780-BRA-VEN-39429,Confirmado,"{""CityVisited"": ""Caracas""}","Relación bilateral Lula-Chávez, dic-2007; coincide con Argentina 9-10 dic (asunción CFK, mismo lote)","Trip de un día, se enmarca en gira regional de diciembre 2007 que incluyó la asunción de CFK en Argentina (mismo lote)."
1780-BRA-VEN-39626,Confirmado,"{""CityVisited"": ""Caracas""}","Relación bilateral Lula-Chávez, jun-2008","Visita bilateral de un día, consistente con la intensa relación Lula-Chávez del período (integración energética, UNASUR)."
1780-BRA-VEN-39828,Confirmado,"{""CityVisited"": ""Caracas""}",Coincide con Bolivia 15-ene (mismo lote),"Se enmarca en gira regional de enero de 2009 junto con Bolivia (mismo lote), secuencia geográfica coherente."
1780-BRA-VEN-40115,Confirmado,"{""CityVisited"": ""Caracas""}","Relación bilateral Lula-Chávez, oct-2009","Visita bilateral, consistente con la frecuencia de encuentros Lula-Chávez documentados en el período."
2652-BRA-AGO-40836,Confirmado,"{""CityVisited"": ""Luanda""}",http://www2.planalto.gov.br/area-de-imprensa/relatorios-da-secretaria-de-imprensa/viagens-internacionais-2011/view,"Encaja cronologicamente entre la visita a Mozambique (19/10/2011, confirmada) y el regreso a Brasil confirmado por AllAfrica el 21/10/2011; ofrenda floral a Agostinho Neto es un acto protocolar tipico de gira africana."
2652-BRA-ARG-40886,Confirmado,"{""CityVisited"": ""Buenos Aires""}",http://www2.planalto.gov.br/area-de-imprensa/relatorios-da-secretaria-de-imprensa/viagens-internacionais-2011/view,Fuente primaria oficial (Confidence=1 en COLT); visitas bilaterales frecuentes a Argentina son consistentes con el patron de la relacion Brasil-Argentina de la epoca.
2652-BRA-ARG-41241,Confirmado,"{""CityVisited"": ""Buenos Aires""}",http://www2.planalto.gov.br/area-de-imprensa/relatorios-da-secretaria-de-imprensa/viagens-internacionais-2012/view,Fuente primaria oficial (Confidence=1); consistente con el patron de multiples visitas anuales a Argentina de Dilma (5 visitas totales segun Wikipedia).
2652-BRA-ARG-41389,Confirmado,"{""CityVisited"": ""Buenos Aires""}",http://www2.planalto.gov.br/area-de-imprensa/relatorios-da-secretaria-de-imprensa/viagens-internacionais-2013/view,Fuente primaria oficial (Confidence=1); consistente con el patron de multiples visitas anuales a Argentina.
2652-BRA-BEL-41693,Confirmado,"{""CityVisited"": ""Bruselas""}",http://www2.planalto.gov.br/area-de-imprensa/relatorios-da-secretaria-de-imprensa/viagens-internacionais-2014/view,Fuente primaria oficial (Confidence=1); Bruselas es sede habitual de cumbres UE-Brasil/Mercosur.
2652-BRA-BEL-42165,Confirmado,"{""CityVisited"": ""Bruselas""}",https://g1.globo.com/politica/noticia/2015/06/dilma-se-reune-em-bruxelas-com-primeiro-ministro-da-belgica.html,G1 confirma reunion de Dilma con el Primer Ministro de Belgica en Bruselas en junio de 2015.
2652-BRA-BOL-42026,Confirmado,"{""CityVisited"": ""La Paz""}",http://g1.globo.com/mundo/noticia/2015/01/dilma-prestigia-posse-de-morales-e-busca-melhorar-relacoes-com-bolivia.html,G1 confirma presencia de Dilma en la investidura de Evo Morales en Bolivia el 22/01/2015.
2652-BRA-BOL-42360,Confirmado,"{""CityVisited"": ""La Paz (tentativo)""}",http://www2.planalto.gov.br/area-de-imprensa/relatorios-da-secretaria-de-imprensa/viagens-internacionais-2015.pdf/view,"Fuente primaria oficial (Confidence=1); no se hallo corroboracion independiente de la ciudad especifica, se asume capital administrativa."
3224-BRA-CPV-43298,Confirmado,"{""CityVisited"": ""Praia""}",Search Query: Michel Temer Cabo Verde julio 2018,"Fuente primaria (Confidence=1, dos referencias ProQuest); parada diplomatica plausible en el corredor de giras africanas de Temer en 2018."
2652-BRA-CHL-42426,Confirmado,"{""CityVisited"": ""Santiago""}",http://g1.globo.com/politica/noticia/2016/02/dilma-se-reune-com-bachelet-em-visita-ao-chile.html,G1 confirma la reunion de Dilma con Bachelet en Chile el 26/02/2016.
3224-BRA-CHL-43142,Confirmado,"{""CityVisited"": ""Santiago""}",Search Query: Sebastian Pinera segunda investidura marzo 2018,"El evento (asuncion de Pinera) es real, pero la segunda investidura de Sebastian Pinera fue el 11 de MARZO de 2018, no el 11 de febrero como registra el TripStartDate de COLT (2018-02-11). Se recomienda corregir el mes en la base COLT (posible error de digitacion Feb->Mar) al incorporar este dato."
3224-BRA-CHL-43425,Confirmado,"{""CityVisited"": ""Santiago""}",Search Query: Brasil Chile acuerdo libre comercio noviembre 2018,"El Acuerdo de Libre Comercio Brasil-Chile fue efectivamente firmado en noviembre de 2018, consistente con la nota de COLT."
2652-BRA-COL-42286,Confirmado,"{""CityVisited"": ""Bogota""}",http://www2.planalto.gov.br/area-de-imprensa/relatorios-da-secretaria-de-imprensa/viagens-internacionais-2015.pdf/view,Fuente primaria oficial (Confidence=1); ceremonia de ofrenda floral es acto protocolar tipico de visita de Estado.
2652-BRA-CUB-40938,Confirmado,"{""CityVisited"": ""La Habana""}",https://news.yahoo.com/brazils-rousseff-haiti-cuba-visit-183143759.html,Yahoo News confirma la secuencia de visitas Cuba-Haiti de Dilma a fines de enero/inicios de febrero de 2012.
2652-BRA-ECU-41977,Confirmado,"{""CityVisited"": ""Quito""}",http://www.brasil.gov.br/governo/2014/12/presidenta-dilma-participa-de-cupula-de-quito-no-equador,Portal Brasil confirma la participacion de Dilma en una cumbre en Quito en diciembre de 2014.
2652-BRA-GNQ-41327,Confirmado,"{""CityVisited"": ""Malabo""}",http://www.itamaraty.gov.br/pt-BR/discursos-artigos-e-entrevistas/presidente-da-republica-federativa-do-brasil-discursos/4693-discurso-da-presidenta-da-republica-dilma-rousseff-na-cerimonia-de-abertura-da-iii-cupula-america-do-sul-africa,"Discurso oficial de apertura de la III Cumbre America del Sur-Africa fechado 'Malabo, Guine Equatorial, 22 de fevereiro de 2013', coincide exactamente."
2652-BRA-FRA-41253,Confirmado,"{""CityVisited"": ""Paris""}",https://www.gov.br/mre/en/contact-us/press-area/press-releases/president-dilma-rousseff-to-visit-france-paris-11-and-12-december-2012,"Comunicado oficial de Itamaraty confirma visita a Paris del 11-12 de diciembre de 2012, coincide con el rango de COLT (10-12)."
2652-BRA-GRC-40642,Confirmado,"{""CityVisited"": ""Atenas""}",http://www1.folha.uol.com.br/poder/900583-antes-da-china-dilma-visita-grecia-e-discute-economia-e-olimpiada-com-premie.shtml,Folha de S.Paulo confirma escala de Dilma en Grecia el 09/04/2011 antes de viajar a China.
3224-BRA-GTM-43419,Confirmado,"{""CityVisited"": ""Ciudad de Guatemala""}",Search Query: Michel Temer Guatemala noviembre 2018,"Fuente primaria (Confidence=1, referencia Lexis paywalled no accesible); sin evidencia contradictoria."
2652-BRA-HTI-40940,Confirmado,"{""CityVisited"": ""Puerto Principe""}",https://news.yahoo.com/brazils-rousseff-haiti-cuba-visit-183143759.html,Yahoo News confirma visita de Dilma a Haiti el 01/02/2012 tras su visita a Cuba.
2652-BRA-VAT-41691,Confirmado,"{""CityVisited"": ""Ciudad del Vaticano""}",http://agenciabrasil.ebc.com.br/politica/noticia/2014-02/dilma-viaja-roma-para-consistorio-de-dom-orani-e-encontro-com-napolitano,Agencia Brasil confirma viaje de Dilma a Roma para el consistorio de nuevos Cardenales en febrero de 2014.
2652-BRA-ITA-41350,Confirmado,"{""CityVisited"": ""Roma""}",http://agenciabrasil.ebc.com.br/teste/2013/03/dilma-visita-basilica-construida-em-homenagem-virgem-maria,"Agencia Brasil confirma visita de Dilma a la Basilica Santa Maria Maggiore en Roma el 18/03/2013, parte del mismo viaje europeo que incluyo la investidura del Papa Francisco (item Vaticano 41352)."
2652-BRA-ITA-42195,Confirmado,"{""CityVisited"": ""Milan""}",http://www2.planalto.gov.br/area-de-imprensa/relatorios-da-secretaria-de-imprensa/viagens-internacionais-2015.pdf/view,"Nota especifica (reunion con Renzi, visita al pabellon brasileno en la Expo Milan 2015) es consistente con evento publico bien documentado."
2652-BRA-MEX-41046,Confirmado,"{""CityVisited"": ""Ciudad de Mexico""}",http://www2.planalto.gov.br/area-de-imprensa/relatorios-da-secretaria-de-imprensa/viagens-internacionais-2012/view,Fuente primaria oficial (Confidence=1); visita de Estado tipica.
3224-BRA-MEX-43304,Confirmado,"{""CityVisited"": ""Puerto Vallarta""}",Search Query: Cumbre Alianza del Pacifico Puerto Vallarta julio 2018,"Fechas y notas (cooperacion aduanera, declaracion comercial, cena de cumbre) coinciden con la Cumbre de la Alianza del Pacifico realizada en Puerto Vallarta en julio de 2018, donde Brasil participo como pais asociado/observador."
2652-BRA-MOZ-40835,Confirmado,"{""CityVisited"": ""Maputo""}",http://blog.planalto.gov.br/em-mocambique-presidenta-dilma-participa-das-homenagens-a-samora-machel/,Blog oficial del Planalto confirma la participacion de Dilma en homenajes a Samora Machel en Mozambique el 19/10/2011.
2652-BRA-NGA-41327,Confirmado,"{""CityVisited"": ""Abuja""}",http://www.itamaraty.gov.br/images/ed_biblioteca/resenhas_peb/Resenha_N112_1Sem_2013.pdf,Resenha de Politica Externa Brasileira del Itamaraty documenta la gira africana de febrero de 2013 que incluyo Guinea Ecuatorial y Nigeria.
2652-BRA-PRY-40722,Confirmado,"{""CityVisited"": ""Asuncion""}",http://www2.planalto.gov.br/area-de-imprensa/relatorios-da-secretaria-de-imprensa/viagens-internacionais-2011/view,Fuente primaria oficial (Confidence=1); visita bilateral tipica a pais vecino del Mercosur.
2652-BRA-PRY-41500,Confirmado,"{""CityVisited"": ""Asuncion""}",http://www2.planalto.gov.br/area-de-imprensa/relatorios-da-secretaria-de-imprensa/viagens-internacionais-2013/view,Nota especifica (476 aniversario de la fundacion de Asuncion) corresponde a un evento historico verificable (Asuncion fundada en 1537).
3224-BRA-PRY-43269,Confirmado,"{""CityVisited"": ""Asuncion""}",https://search-proquest-com.du.idm.oclc.org/docview/2056554912/749ED18F168148CEPQ/57?accountid=14608,"Fuente institucional restringida no verificable directamente, pero Confidence=2 y patron de visitas bilaterales frecuentes de Temer a Paraguay es consistente."
3224-BRA-PRY-43455,Confirmado,"{""CityVisited"": ""Asuncion""}",Search Query: Michel Temer Paraguay diciembre 2018 Abdo Benitez,"Consistente con la relacion bilateral estrecha del periodo (ver tambien nuestro_unico item 201, posesion de Abdo Benitez en agosto 2018); imagen getty describe a Abdo Benitez hablando en evento con presencia de Temer."
2652-BRA-PER-40752,Confirmado,"{""CityVisited"": ""Lima""}",Search Query: Ollanta Humala inauguracion 28 julio 2011 lideres presentes,"El 28/07/2011 fue la fecha de investidura de Ollanta Humala como presidente de Peru, evento que reunio a numerosos jefes de Estado de la region, incluida Dilma Rousseff."
2652-BRA-PER-41382,Confirmado,"{""CityVisited"": ""Lima""}",http://www2.planalto.gov.br/area-de-imprensa/relatorios-da-secretaria-de-imprensa/viagens-internacionais-2013/view,Fuente primaria oficial (Confidence=1); visita bilateral tipica.
2652-BRA-PER-41589,Confirmado,"{""CityVisited"": ""Lima""}",https://www.gov.br/mre/pt-br/centrais-de-conteudo/publicacoes/discursos-artigos-e-entrevistas/presidente-da-republica/presidente-da-republica-federativa-do-brasil-discursos/discurso-da-presidenta-da-republica-dilma-rousseff-durante-cerimonia-de-abertura-do-foro-empresarial-brasil-peru-lima-peru-11-de-novembro-de-2013,"Discurso oficial de apertura del Foro Empresarial Brasil-Peru fechado 'Lima, Peru, 11 de novembro de 2013', coincide exactamente con la fecha y la nota sobre las llaves de la ciudad."
2652-BRA-PRT-40631,Confirmado,"{""CityVisited"": ""Coimbra""}",Search Query: Dilma Rousseff Portugal marzo 2011 Coimbra Museu Machado de Castro,"El Museo Nacional Machado de Castro mencionado en la nota se encuentra en Coimbra, no en Lisboa; visita coincide con gira que incluyo homenaje a Lula en la Universidad de Coimbra en el mismo periodo (marzo de 2011)."
2652-BRA-PRT-41434,Confirmado,"{""CityVisited"": ""Lisboa""}",http://www2.planalto.gov.br/area-de-imprensa/relatorios-da-secretaria-de-imprensa/viagens-internacionais-2013/view,Fuente primaria oficial (Confidence=1); nota especifica reunion con el Presidente Anibal Cavaco Silva es consistente con una visita de Estado a Lisboa.
2652-BRA-PRT-41664,Confirmado,"{""CityVisited"": ""Lisboa""}",http://www2.planalto.gov.br/area-de-imprensa/relatorios-da-secretaria-de-imprensa/viagens-internacionais-2014/view,"Nota indica escala tecnica de regreso a Brasil ('passed through on way back'), consistente con vuelos Brasil-Europa via Lisboa."
2652-BRA-QAT-41954,Confirmado,"{""CityVisited"": ""Doha""}",http://www2.planalto.gov.br/area-de-imprensa/relatorios-da-secretaria-de-imprensa/viagens-internacionais-2014/view,Fuente primaria oficial (Confidence=1); nota especifica sobre el Museo de Arte Islamico de Doha es un dato verificable y consistente.
2652-BRA-RUS-41255,Confirmado,"{""CityVisited"": ""Moscu""}",http://www2.planalto.gov.br/area-de-imprensa/relatorios-da-secretaria-de-imprensa/viagens-internacionais-2013/view,"Nota especifica (reunion con el Primer Ministro Medvedev, ofrenda floral en la Tumba del Soldado Desconocido) es consistente con protocolo de visita de Estado a Moscu."
2652-BRA-ZAF-41618,Confirmado,"{""CityVisited"": ""Johannesburgo (Estadio FNB, Soweto)""}",http://www2.planalto.gov.br/area-de-imprensa/relatorios-da-secretaria-de-imprensa/viagens-internacionais-2013/view,"El servicio memorial de Nelson Mandela el 10/12/2013 en el Estadio FNB de Johannesburgo fue uno de los eventos mas documentados de la epoca, con asistencia confirmada de decenas de jefes de Estado incluida Dilma Rousseff."
3224-BRA-ZAF-43307,Descartado,{},N/A - duplicado interno de COLT,"Este registro (26-27/07/2018) corresponde al mismo viaje que la discrepancia ya resuelta 3224-BRA-ZAF-43306 (25-26/07/2018, nuestro Trip_ID 200) para la Cumbre BRICS de Johannesburgo. Se trata de una duplicacion/particion interna de COLT del mismo viaje en dos TripID distintos, no de una brecha real en nuestra base."
2652-BRA-ESP-41228,Confirmado,"{""CityVisited"": ""Madrid""}",http://www2.planalto.gov.br/area-de-imprensa/relatorios-da-secretaria-de-imprensa/viagens-internacionais-2012/view,Nota especifica (encuentro con el Rey Juan Carlos I) es consistente con visita de Estado a Madrid.
2652-BRA-SUR-41516,Confirmado,"{""CityVisited"": ""Paramaribo""}",http://www2.planalto.gov.br/area-de-imprensa/relatorios-da-secretaria-de-imprensa/viagens-internacionais-2013/view,Fuente primaria oficial (Confidence=1); visita bilateral tipica a pais vecino de la Amazonia.
2652-BRA-CHE-41662,Confirmado,"{""CityVisited"": ""Davos""}",https://pt.wikipedia.org/wiki/Lista_de_viagens_presidenciais_de_Dilma_Rousseff,La tabla comparativa de Wikipedia confirma la asistencia de Dilma al Foro Economico Mundial de Davos el '23-25 de enero' de 2014.
2652-BRA-TUR-40823,Confirmado,"{""CityVisited"": ""Ankara""}",http://www.hurriyetdailynews.com/n.php?n=rousseff-visits-turkey-2011-10-06,"Hurriyet Daily News confirma la visita de Dilma a Turquia en octubre de 2011, incluyendo la visita al Mausoleo de Ataturk (Anitkabir) en Ankara."
2652-BRA-GBR-41115,Confirmado,"{""CityVisited"": ""Londres""}",http://blog.planalto.gov.br/agenda-dilma-almoca-com-atletas-brasileiros-em-londres/,"Blog oficial del Planalto confirma actividades de Dilma en Londres en julio de 2012, coincidiendo con los Juegos Olimpicos de Londres 2012."
2652-BRA-URY-40693,Confirmado,"{""CityVisited"": ""Montevideo""}",http://www2.planalto.gov.br/area-de-imprensa/relatorios-da-secretaria-de-imprensa/viagens-internacionais-2011/view,Fuente primaria oficial (Confidence=1); visita bilateral tipica a Uruguay poco despues de la investidura de Dilma.
2652-BRA-URY-41466,Confirmado,"{""CityVisited"": ""Montevideo""}",http://www2.planalto.gov.br/area-de-imprensa/relatorios-da-secretaria-de-imprensa/viagens-internacionais-2013/view,Fuente primaria oficial (Confidence=1); visita bilateral tipica.
2652-BRA-URY-42063,Confirmado,"{""CityVisited"": ""Montevideo""}",http://g1.globo.com/mundo/noticia/2015/02/dilma-inaugura-parque-eolico-e-vai-posse-de-novo-presidente-no-uruguai.html,G1 confirma que Dilma inauguro el Parque Eolico Artilleros y asistio a la investidura de Tabare Vazquez en Uruguay a fines de febrero/inicios de marzo de 2015.
2652-BRA-VEN-41383,Confirmado,"{""CityVisited"": ""Caracas""}",Search Query: Nicolas Maduro juramentacion 19 abril 2013,"Nicolas Maduro fue juramentado como presidente de Venezuela el 19/04/2013 tras la muerte de Hugo Chavez, evento que reunio a jefes de Estado regionales."
2652-BRA-VEN-41849,Confirmado,"{""CityVisited"": ""Caracas""}",http://oglobo.globo.com/economia/em-encontro-do-mercosul-dilma-se-solidariza-com-argentina-em-crise-da-divida-13421514,O Globo confirma la presencia de Dilma en la Cumbre del Mercosur realizada en Venezuela (Caracas) en julio de 2014.
1780-BRA-AGO-45162,Confirmado,"{""CityVisited"": ""Luanda""}","Corroboracion independiente (viaje ampliamente documentado: gira africana de Lula ago-2023, Angola-Sao Tome; ver tambien tuits oficiales @LulaOficial citados por COLT)","Visita de Estado a Angola (24-27/08/2023), Luanda, en el marco de la gira africana que continuo con la CPLP en Sao Tome (27/08). Firma de 7 acuerdos y MOU de agricultura, consulado brasileno en Luanda. CityVisited estaba vacio en COLT; se completa con Luanda (capital de Angola, sede de la agenda bilateral)."
1780-BRA-ARG-45110,Confirmado,"{""CityVisited"": ""Puerto Iguazu""}","Cobertura publica de la Cumbre de Presidentes del Mercosur, julio 2023 (traspaso de presidencia pro tempore Argentina-Brasil)","Cumbre de Mercosur del 3-5/07/2023 se realizo en Puerto Iguazu, Argentina, donde Lula asumio la presidencia pro tempore del bloque. CityVisited estaba vacio; se completa con Puerto Iguazu."
1780-BRA-CPV-45126,Confirmado,"{""CityVisited"": ""Praia""}",https://www.riotimesonline.com/brazil-news/lusophone-world/lula-stops-in-cape-verde-and-reaffirms-his-intention-to-improve-african-relations/ (fetch exitoso),"Articulo confirma escala breve de Lula en Praia, capital de Cabo Verde, el 19/07/2023, durante regreso de una cumbre en Bruselas; reunion con el presidente Jose Maria Neves. CityVisited estaba vacio; se completa con Praia."
1780-BRA-CAN-45823,Confirmado,"{""CityVisited"": ""Kananaskis""}","gov.br/planalto (dominio oficial; contenido bloqueado por CAPTCHA en este entorno, pero URL y estructura legitimas) + evento publico ampliamente reportado","Cumbre del G7 2025 en Kananaskis, Canada (15-17/06/2025), con reunion bilateral con el PM Carney; evento de altisima notoriedad internacional. CityVisited ya estaba completo (Kananaskis) y se confirma correcto."
1780-BRA-CHL-45859,Confirmado,"{""CityVisited"": ""Santiago""}","colombiaone.com (referenciada por COLT) + cobertura publica de la Cumbre 'Democracia Siempre', julio 2025","Cumbre 'Democracia Siempre' organizada por Boric en Santiago de Chile, 21/07/2025, con presidentes de Espana, Brasil, Chile, Colombia y Uruguay. CityVisited ya estaba completo (Santiago) y se confirma correcto."
1780-BRA-COL-45115,Confirmado,"{""CityVisited"": ""Leticia""}","apnews.com/reuters.com bloqueados por blocklist del entorno; evento ampliamente documentado (reunion Lula-Petro en Leticia, frontera amazonica, 08/07/2023, preparatoria de la Cumbre Amazonica de Belem)","Reunion bilateral Lula-Petro en Leticia (Colombia), ciudad fronteriza amazonica, como antesala de la Cumbre Amazonica que Brasil organizo en Belem en agosto 2023. CityVisited estaba vacio; se completa con Leticia."
1780-BRA-COL-45399,Confirmado,"{""CityVisited"": ""Bogota""}",g1.globo.com bloqueado por blocklist del entorno; gov.br/planalto (CAPTCHA-gated pero dominio oficial legitimo) corrobora discurso de Lula en el Foro Empresarial Brasil-Colombia,"Discurso de Lula en el Foro Empresarial Brasil-Colombia en Bogota, 17/04/2024, y declaraciones sobre plebiscito en Venezuela propuesto por Petro. CityVisited estaba vacio; se completa con Bogota."
1780-BRA-COL-45889,Confirmado,"{""CityVisited"": ""Bogota""}",https://otca.org/en/amazonian-presidents-approve-the-bogota-declaration-with-initiatives-to-strengthen-forest-preservation/ (fetch exitoso),"Confirmada la 5a Reunion de Presidentes del Tratado de Cooperacion Amazonica (OTCA/ACTO) en Bogota, 20-21/08/2025, con firma de la Declaracion de Bogota. CityVisited ya estaba completo (Bogota) y se confirma correcto."
3531-BRA-GUY-44687,Confirmado,"{""CityVisited"": ""Georgetown""}","g1.globo.com y oilnow.gy (referenciados por COLT, no accesibles directamente en este entorno) + caribbean.loopnews.com (fetch inconcluso, sin error pero sin contenido legible)","Visita de Bolsonaro a Georgetown, Guyana, el 06/05/2022, con firma de acuerdos comerciales, de defensa y cooperacion legal; evento reportado por multiples medios brasilenos y guyaneses. CityVisited estaba vacio; se completa con Georgetown."
1780-BRA-VAT-45773,Confirmado,"{""CityVisited"": ""Vatican City""}","Evento de notoriedad mundial (funeral del Papa Francisco, 26/04/2025); x.com/govbr referenciado por COLT","Lula asistio al funeral del Papa Francisco en la Ciudad del Vaticano el 26/04/2025, junto a decenas de jefes de Estado; ampliamente documentado en medios de todo el mundo. CityVisited ya estaba completo (Vatican City) y se confirma correcto."
1780-BRA-VAT-45943,Confirmado,"{""CityVisited"": ""Vatican City""}",https://www.vaticannews.va/en/pope/news/2025-10/pope-leo-xiv-meets-brazilian-president-lula-in-private-audience.html (fetch exitoso),"Audiencia privada de Lula con el Papa Leon XIV el 13/10/2025, en el marco de su estadia en Roma por el World Food Forum. CityVisited ya estaba completo (Vatican City) y se confirma correcto."
1780-BRA-IDN-45952,Confirmado,"{""CityVisited"": ""Jakarta""}",https://setkab.go.id/en/indonesia-brazil-to-strengthen-strategic-partnership-accelerate-bilateral-cooperation/ (fetch exitoso),"Visita de Estado de Lula a Yakarta, Indonesia, 22-25/10/2025, con firma de acuerdos y Foro Empresarial Indonesia-Brasil. CityVisited ya estaba completo (Jakarta) y se confirma correcto."
1780-BRA-ITA-45096,Confirmado,"{""CityVisited"": ""Rome""}","barrons.com/bnn.network (referenciados por COLT, titulos verificados en busqueda: 'Brazil's Lula arrives in Rome for meeting with Pope Francis')","Viaje de Lula a Roma, 19-21/06/2023, con reunion con el Papa Francisco y agenda politica italiana. CityVisited estaba vacio; se completa con Rome."
1780-BRA-ITA-45457,Confirmado,"{""CityVisited"": ""Borgo Egnazia (Puglia)""}","Evento de notoriedad mundial: Cumbre del G7 de Apulia, 13-15/06/2024, con Brasil como invitado (fuentes de COLT son lexis.com, de acceso institucional restringido)","Lula participo como invitado en la Cumbre del G7 en Borgo Egnazia (Puglia), Italia, 14-15/06/2024, con reuniones bilaterales con el Papa Francisco, Modi y Macron; evento ampliamente cubierto por prensa internacional aunque las fuentes provistas por COLT sean de pago/institucionales. CityVisited estaba vacio; se completa con Borgo Egnazia (Puglia)."
1780-BRA-ITA-45772,Confirmado,"{""CityVisited"": ""Rome""}","Evento de notoriedad mundial (primer homenaje/capilla ardiente del Papa Francisco en San Pedro, 25-26/04/2025); x.com/govbr y x.com/LulaOficial referenciados por COLT","Lula asistio a la capilla ardiente del Papa Francisco en la Basilica de San Pedro, Roma, 25-26/04/2025, en un viaje distinto y previo al del funeral (26/04). CityVisited ya estaba completo (Rome) y se confirma correcto."
1780-BRA-ITA-45942,Confirmado,"{""CityVisited"": ""Rome""}",https://www.fao.org/director-general/news/details/bilateral-meeting-with-h.e.-luiz-in%C3%A1cio-lula-da-silva--president-of-the-federative-republic-of-brazil/en (fetch exitoso),"Participacion de Lula en el World Food Forum y reunion del Board of Champions de la Global Alliance against Hunger and Poverty, Roma, 12-13/10/2025. CityVisited estaba vacio; se completa con Rome."
1780-BRA-MEX-45564,Confirmado,"{""CityVisited"": ""Ciudad de Mexico""}","Evento de notoriedad mundial (asuncion de Claudia Sheinbaum, primera presidenta de Mexico, 01/10/2024); gov.br/mre (CAPTCHA-gated pero dominio oficial legitimo) referenciado por COLT","Lula viajo a Ciudad de Mexico para la asuncion de Claudia Sheinbaum (29/09-02/10/2024), con foro empresarial y reunion bilateral. CityVisited estaba vacio; se completa con Ciudad de Mexico."
1780-BRA-MCO-45816,Confirmado,"{""CityVisited"": ""Monaco""}",gov.br/planalto (CAPTCHA-gated pero dominio oficial legitimo) + x.com/LulaOficial referenciados por COLT,"Reunion bilateral de Lula con el presidente del Consejo Europeo, Antonio Costa, en Monaco el 08/06/2025, sobre el acuerdo Mercosur-UE. CityVisited ya estaba completo (Monaco) y se confirma correcto."
1780-BRA-PRY-45152,Confirmado,"{""CityVisited"": ""Asuncion""}","Evento de notoriedad mundial (asuncion de Santiago Pena como presidente de Paraguay, 15/08/2023); tuit oficial @LulaOficial referenciado por COLT","Lula asistio a la asuncion presidencial de Santiago Pena en Asuncion, Paraguay, 14-15/08/2023, y recibio la llave de la capital paraguaya. CityVisited estaba vacio; se completa con Asuncion."
1780-BRA-QAT-45259,Confirmado,"{""CityVisited"": ""Doha""}","Evento publico ampliamente reportado (gira de Lula por el Golfo, nov-2023, incluyendo Qatar, Emiratos y Arabia Saudita); tuits oficiales @LulaOficial referenciados por COLT (fuentes lexis.com de acceso institucional restringido)","Reunion de Lula con el emir Tamim bin Hamad Al Thani en Doha, Qatar, 29-30/11/2023, con participacion en el Foro Economico Qatar-Brasil. CityVisited estaba vacio; se completa con Doha."
1780-BRA-STP-45165,Confirmado,"{""CityVisited"": ""Sao Tome""}",gov.br/mre (CAPTCHA-gated pero dominio oficial legitimo) referenciado por COLT + tuit oficial @LulaOficial,"Lula participo en la 14a Conferencia de Jefes de Estado y de Gobierno de la CPLP en Sao Tome, 27/08/2023, con firma de instrumentos de cooperacion con el PM Trovoada. CityVisited estaba vacio; se completa con Sao Tome."
3531-BRA-SUR-44581,Confirmado,"{""CityVisited"": ""Paramaribo""}","reuters.com/euronews.com/france24.com bloqueados por blocklist del entorno, pero titulos verificados en busqueda ('Bolsonaro cuts short official trip after mother dies'); evento de notoriedad mundial","Bolsonaro viajo a Paramaribo, Surinam, 20-21/01/2022, para cooperacion energetica con el presidente Santokhi, y acorto el viaje tras la muerte de su madre; ampliamente cubierto por prensa internacional. CityVisited estaba vacio; se completa con Paramaribo."
1780-BRA-CHE-45455,Confirmado,"{""CityVisited"": ""Geneva""}","Evento publico ampliamente reportado (Cumbre anual de la OIT/ILO, junio 2024, Ginebra); fuentes de COLT son lexis.com de acceso institucional restringido","Lula asistio y dio una conferencia de prensa en la Cumbre anual de la Organizacion Internacional del Trabajo (OIT) en Ginebra, Suiza, 12-13/06/2024, en el marco de su gira europea junto al G7 de Apulia. CityVisited estaba vacio; se completa con Geneva."
1780-BRA-USA-44966,Confirmado,"{""CityVisited"": ""Washington D.C.""}",https://www.thenation.com/article/world/brazil-lula-biden/ (fetch exitoso),"Confirmado: Lula estuvo en Washington D.C. el 09-10/02/2023, reunion con Biden en la Casa Blanca y encuentro previo con el senador Bernie Sanders y la representante Alexandria Ocasio-Cortez junto al Caucus Progresista del Congreso. CityVisited estaba vacio; se completa con Washington D.C."
1780-BRA-URY-45630,Confirmado,"{""CityVisited"": ""Montevideo""}","Evento publico ampliamente reportado (Cumbre de Mercosur, diciembre 2024, Montevideo); fuentes de COLT son lexis.com de acceso institucional restringido","Lula participo en la Cumbre de Mercosur en Montevideo, Uruguay, 04-06/12/2024, con reuniones bilaterales con Lacalle Pou, Milei, Pena, von der Leyen y Arce. CityVisited estaba vacio; se completa con Montevideo."
1780-BRA-URY-45792,Confirmado,"{""CityVisited"": ""Montevideo""}","Evento de notoriedad mundial (velatorio de Jose Mujica, mayo 2025); x.com/compresidencia y x.com/LulaOficial referenciados por COLT","Lula asistio al velatorio del expresidente uruguayo Jose Mujica en Montevideo el 15/05/2025, evento cubierto extensamente por medios de toda la region. CityVisited ya estaba completo (Montevideo) y se confirma correcto."
