colt_TripID,campo,valor_original,valor_nuevo,fuente,justificacion,fecha_aplicado,estado
1473-ARG-BRA-36770,TripStartDate,2000-09-01T00:00:00,2000-08-31,https://www.iirsa.org/Page/Detail?menuItemId=41 ; https://www.iri.edu.ar/publicaciones_iri/manual/Listos%20para%20subir%20III/Integraci%F3n-Latinoamerica/UNASUR/i_reunion_presidentes_america_Sur_2000.pdf,"La Primera Cumbre Sudamericana de Presidentes en Brasilia (con presencia confirmada de Fernando de la Rúa) se realizó los días 31 de agosto y 1 de septiembre de 2000, exactamente igual a nuestras fechas. Las fechas de COLT (1-2 de septiembre) están corridas un día.",2026-08-17,APLICADO
1473-ARG-BRA-36770,TripEndDate,2000-09-02T00:00:00,2000-09-01,https://www.iirsa.org/Page/Detail?menuItemId=41 ; https://www.iri.edu.ar/publicaciones_iri/manual/Listos%20para%20subir%20III/Integraci%F3n-Latinoamerica/UNASUR/i_reunion_presidentes_america_Sur_2000.pdf,"La Primera Cumbre Sudamericana de Presidentes en Brasilia (con presencia confirmada de Fernando de la Rúa) se realizó los días 31 de agosto y 1 de septiembre de 2000, exactamente igual a nuestras fechas. Las fechas de COLT (1-2 de septiembre) están corridas un día.",2026-08-17,APLICADO
1473-ARG-USA-36775,TripEndDate,2000-09-07T00:00:00,2000-09-08,https://www.un.org/en/conferences/environment/newyork2000 ; https://press.un.org/en/2000/20000901.note5619r1.doc.html,"La Cumbre del Milenio de la ONU en Nueva York se realizó del 6 al 8 de septiembre de 2000. Nuestra fecha de fin (8/9) coincide con el cierre oficial de la cumbre; además el viaje colt_unico 1473-ARG-CAN-36777 (Canadá) que COLT reporta inmediatamente después comienza el 8/9, lo que es consistente con que de la Rúa permaneciera en la cumbre hasta su cierre y viajara después a Canadá. La fecha de fin de COLT (7/9) corta la cumbre un día antes de su clausura.",2026-08-17,APLICADO
1473-ARG-CAN-37001,TripEndDate,2001-04-21T00:00:00,2001-04-22,https://www.everycrsreport.com/reports/RL30936.html ; https://en.wikipedia.org/wiki/3rd_Summit_of_the_Americas,La III Cumbre de las Américas en Quebec se realizó del 20 al 22 de abril de 2001. Nuestra fecha de cierre (22/4) coincide con el cierre oficial de la cumbre; la de COLT (21/4) corta el evento un día antes de su clausura.,2026-08-17,APLICADO
1473-ARG-USA-37205,TripStartDate,2001-11-10T00:00:00,2001-11-09,https://www.lanacion.com.ar/el-mundo/de-la-rua-visito-el-world-trade-center-nid350393/,"Nota de LA NACION confirma explícitamente que de la Rúa 'llegó el viernes 9 de noviembre de 2001' a Nueva York, visitó la Zona Cero acompañado por Cardoso y Lagos, y 'el domingo 11 a la mañana' se reunió con George Bush en el Waldorf Astoria. Esto coincide exactamente con nuestras fechas (9-11 de noviembre); las de COLT (10-13 de noviembre) no coinciden con ninguno de los hechos documentados.",2026-08-17,APLICADO
1473-ARG-USA-37205,TripEndDate,2001-11-13T00:00:00,2001-11-11,https://www.lanacion.com.ar/el-mundo/de-la-rua-visito-el-world-trade-center-nid350393/,"Nota de LA NACION confirma explícitamente que de la Rúa 'llegó el viernes 9 de noviembre de 2001' a Nueva York, visitó la Zona Cero acompañado por Cardoso y Lagos, y 'el domingo 11 a la mañana' se reunió con George Bush en el Waldorf Astoria. Esto coincide exactamente con nuestras fechas (9-11 de noviembre); las de COLT (10-13 de noviembre) no coinciden con ninguno de los hechos documentados.",2026-08-17,APLICADO
1473-ARG-PER-37217,TripStartDate,2001-11-22T00:00:00,2001-11-23,https://intranet.eulacfoundation.org/es/content/11%C2%AA-cumbre-iberoamericana-de-jefes-de-estado-y-de-gobierno-declaraci%C3%B3n-de-lima-per%C3%BA-23-24-de,"La XI Cumbre Iberoamericana en Lima, con la 'Declaración de Lima', se realizó los días 23 y 24 de noviembre de 2001, coincidiendo exactamente con nuestras fechas. Las fechas de COLT (22-23) están corridas un día.",2026-08-17,APLICADO
1473-ARG-PER-37217,TripEndDate,2001-11-23T00:00:00,2001-11-24,https://intranet.eulacfoundation.org/es/content/11%C2%AA-cumbre-iberoamericana-de-jefes-de-estado-y-de-gobierno-declaraci%C3%B3n-de-lima-per%C3%BA-23-24-de,"La XI Cumbre Iberoamericana en Lima, con la 'Declaración de Lima', se realizó los días 23 y 24 de noviembre de 2001, coincidiendo exactamente con nuestras fechas. Las fechas de COLT (22-23) están corridas un día.",2026-08-17,APLICADO
1689-ARG-MEX-37335,TripStartDate,2002-03-20T00:00:00,2002-03-21,https://www.un.org/es/conf/ffd/2002/ ; búsqueda web sobre segmento de Jefes de Estado del Consenso de Monterrey,"La Conferencia de Monterrey se desarrolló del 18 al 22 de marzo de 2002, pero el 'segmento de Jefes de Estado y de Gobierno' (al que asistió Duhalde) se realizó específicamente los días 21 y 22 de marzo de 2002. Nuestra fecha de inicio (21/3) coincide con el inicio de ese segmento presidencial; la de COLT (20/3) corresponde a los días previos de reuniones ministeriales, no de jefes de Estado.",2026-08-17,APLICADO
1689-ARG-CRI-37358,TripStartDate,2002-04-12T00:00:00,2002-04-11,https://www.lanacion.com.ar/el-mundo/condeno-el-grupo-rio-la-ruptura-democratica-nid388447/,"Nota de LA NACION del 13/4/2002 sobre la XVI Cumbre del Grupo de Río en San José de Costa Rica (con presencia confirmada de Duhalde) señala que la cumbre 'se desarrolló hasta ayer [12/4] en esta ciudad', lo que confirma que el cierre fue el 12 de abril, no el 13 como indica COLT. Consistente con un inicio el 11/4 (nuestra fecha) y no el 12/4 (COLT).",2026-08-17,APLICADO
1689-ARG-CRI-37358,TripEndDate,2002-04-13T00:00:00,2002-04-12,https://www.lanacion.com.ar/el-mundo/condeno-el-grupo-rio-la-ruptura-democratica-nid388447/,"Nota de LA NACION del 13/4/2002 sobre la XVI Cumbre del Grupo de Río en San José de Costa Rica (con presencia confirmada de Duhalde) señala que la cumbre 'se desarrolló hasta ayer [12/4] en esta ciudad', lo que confirma que el cierre fue el 12 de abril, no el 13 como indica COLT. Consistente con un inicio el 11/4 (nuestra fecha) y no el 12/4 (COLT).",2026-08-17,APLICADO
1689-ARG-BRA-37524,TripStartDate,2002-09-25T00:00:00,2002-09-26,"Cancillería argentina, comunicado 'Los presidentes Duhalde y Cardoso consolidan el Mercosur' (https://cancilleria.gob.ar/en/node/34021)","Fuente indica que la visita oficial de Duhalde a Brasil (reunión con Cardoso) fue el 26 de septiembre de 2002, consistente con un viaje de un solo día (patrón típico de las giras breves de Duhalde, ver también su visita 'por el día' a Chile). La fecha de inicio de COLT (25/9) no está respaldada.",2026-08-17,APLICADO
1689-ARG-CHL-37558,TripEndDate,2002-10-30T00:00:00,2002-10-29,https://www.ambito.com/politica/duhalde-el-dia-chile-n3195320 ; https://arle.udp.cl/index.php/visita-del-presidente-eduardo-duhalde-sintesis-informativa,"Título de la nota de Ámbito Financiero ('Duhalde, por el día a Chile') confirma que la visita a Santiago (para agradecer la apertura chilena a la carne argentina y firmar acuerdo de doble tributación) fue una visita de un solo día, el 29 de octubre de 2002. La fecha de fin de COLT (30/10) no está respaldada.",2026-08-17,APLICADO
1689-ARG-BRA-37596,TripStartDate,2002-12-06T00:00:00,2002-12-05,"Cumbre de Presidentes del Mercosur en Brasilia, diciembre 2002 (fuentes Mercociudades y Mercosur.int)","La Cumbre de Mercosur en Brasilia (con firma del tratado de libre tránsito de trabajadores) se realizó los días 5 y 6 de diciembre de 2002, coincidiendo con nuestras fechas. Las de COLT (6-7 de diciembre) están corridas un día.",2026-08-17,APLICADO
1689-ARG-BRA-37596,TripEndDate,2002-12-07T00:00:00,2002-12-06,"Cumbre de Presidentes del Mercosur en Brasilia, diciembre 2002 (fuentes Mercociudades y Mercosur.int)","La Cumbre de Mercosur en Brasilia (con firma del tratado de libre tránsito de trabajadores) se realizó los días 5 y 6 de diciembre de 2002, coincidiendo con nuestras fechas. Las de COLT (6-7 de diciembre) están corridas un día.",2026-08-17,APLICADO
1689-ARG-BRA-37635,TripEndDate,2003-01-15T00:00:00,2003-01-14,"Búsqueda web sobre reunión Duhalde-Lula y 'Declaración de Brasilia', enero 2003","Fuentes coinciden en que Duhalde y Lula se reunieron en Brasilia el 14 de enero de 2003 (visita de trabajo de un solo día, firma de la 'Declaración de Brasilia'). No hay indicio de que la visita se extendiera al 15/1 como indica COLT.",2026-08-17,APLICADO
1689-ARG-CHL-37734,TripEndDate,2003-04-25T00:00:00,2003-04-23,https://arle.udp.cl/index.php/visita-del-presidente-eduardo-duhalde-sintesis-informativa,"Fuente describe explícitamente la visita de Duhalde a Santiago el 23 de abril de 2003 como de 'tres horas y media' para firmar un protocolo de doble tributación y despedirse de Lagos. Es claramente una visita de un solo día; la fecha de fin de COLT (25/4, dos días después) no tiene respaldo.",2026-08-17,APLICADO
1826-ARG-BRA-37786,TripStartDate,2003-06-14T00:00:00,2003-06-11,Casa Rosada; La Nacion,"Kirchner visito Brasilia el 11/6/2003 (primer viaje oficial), confirmado por fuentes oficiales y prensa.",2026-08-17,APLICADO
1826-ARG-BRA-37786,TripEndDate,2003-06-15T00:00:00,2003-06-11,Casa Rosada; La Nacion,"Kirchner visito Brasilia el 11/6/2003 (primer viaje oficial), confirmado por fuentes oficiales y prensa.",2026-08-17,APLICADO
1826-ARG-GBR-37812,TripStartDate,2003-07-10T00:00:00,2003-07-13,Pagina/12 14-jul-2003,Cronica confirma encuentro informal con Blair el 13/7 tras cena inaugural Cumbre Progresista Surrey.,2026-08-17,APLICADO
1826-ARG-USA-37886,TripStartDate,2003-09-22T00:00:00,2003-09-23,Pagina/12 24-sep-2003,Nota confirma llegada 23/9 a NY y discurso ante Asamblea General el 25/9.,2026-08-17,APLICADO
1826-ARG-USA-37886,TripEndDate,2003-09-25T00:00:00,2003-09-25,Pagina/12 24-sep-2003,Nota confirma llegada 23/9 a NY y discurso ante Asamblea General el 25/9.,2026-08-17,APLICADO
1826-ARG-MEX-37998,TripEndDate,2004-01-14T00:00:00,2004-01-13,Wikipedia Cumbre Extraordinaria de las Americas de Monterrey,Cumbre en Monterrey fue 12-13 enero 2004.,2026-08-17,APLICADO
1826-ARG-USA-38111,TripEndDate,2004-05-05T00:00:00,2004-05-07,Pagina/12 03-may-2004,"Gira de 'cuatro dias' (mar-vier): NY miercoles 5/5, Washington jueves 6/5 (BID+AJC), regreso previsto viernes 7/5 temprano.",2026-08-17,APLICADO
1826-ARG-PRY-39260,TripStartDate,2007-06-27T00:00:00,2007-06-28,Real Instituto Elcano; prensa,"XXXIII Cumbre Mercosur en Asuncion se realizo el 29 de junio de 2007, coincidiendo con nuestra fecha de fin; COLT (27-28/6) no incluye el dia real de la cumbre.",2026-08-17,APLICADO
1826-ARG-PRY-39260,TripEndDate,2007-06-28T00:00:00,2007-06-29,Real Instituto Elcano; prensa,"XXXIII Cumbre Mercosur en Asuncion se realizo el 29 de junio de 2007, coincidiendo con nuestra fecha de fin; COLT (27-28/6) no incluye el dia real de la cumbre.",2026-08-17,APLICADO
1826-ARG-USA-39349,TripStartDate,2007-09-24T00:00:00,2007-09-22,"Pagina/12 22-sep-2007 'Kirchner parte a Nueva York con Iran en la cabeza'; Casa Rosada (discurso 62 Asamblea General, 25/9/2007, su ultimo mensaje como Presidente)",La nota del 22/9/2007 indica que Kirchner partia ese dia hacia Nueva York; su discurso final ante la ONU fue el 25/9/2007. Ni nuestra fecha (solo 25/9) ni la de COLT (24-26/9) reflejan con precision el inicio real del viaje.,2026-08-17,APLICADO
1826-ARG-USA-39349,TripEndDate,2007-09-26T00:00:00,2007-09-25,"Pagina/12 22-sep-2007 'Kirchner parte a Nueva York con Iran en la cabeza'; Casa Rosada (discurso 62 Asamblea General, 25/9/2007, su ultimo mensaje como Presidente)",La nota del 22/9/2007 indica que Kirchner partia ese dia hacia Nueva York; su discurso final ante la ONU fue el 25/9/2007. Ni nuestra fecha (solo 25/9) ni la de COLT (24-26/9) reflejan con precision el inicio real del viaje.,2026-08-17,APLICADO
2320-ARG-DOM-39514,TripEndDate,2008-03-09T00:00:00,2008-03-07,Cumbre de Rio (Grupo de Rio) Santo Domingo,"La cumbre de emergencia del Grupo de Rio en Santo Domingo por la crisis Colombia-Ecuador-Venezuela fue un evento de un solo dia, el 7 de marzo de 2008.",2026-08-17,APLICADO
2320-ARG-PER-39584,TripEndDate,2008-05-18T00:00:00,2008-05-17,V Cumbre UE-ALC Lima,La V Cumbre Union Europea-America Latina y Caribe se realizo en Lima los dias 16 y 17 de mayo de 2008.,2026-08-17,APLICADO
2320-ARG-ITA-39601,TripStartDate,2008-06-02T00:00:00,2008-06-03,"Cumbre Mundial sobre Seguridad Alimentaria FAO, Roma",La Cumbre de la FAO sobre seguridad alimentaria en Roma se realizo del 3 al 5 de junio de 2008.,2026-08-17,APLICADO
2320-ARG-BRA-39892,TripStartDate,2009-03-20T00:00:00,2009-03-19,Casa Rosada (conferencia de prensa San Pablo); Diario de Cuyo,CFK se reunio con Lula en San Pablo (FIESP) el 20/3/2009; prensa indica que arribo a Brasil el 19/3.,2026-08-17,APLICADO
2320-ARG-GBR-39904,TripEndDate,2009-04-03T00:00:00,2009-04-02,Cumbre G20 Londres,La Cumbre del G20 en Londres se realizo el 2 de abril de 2009.,2026-08-17,APLICADO
2320-ARG-URY-40238,TripEndDate,2010-03-02T00:00:00,2010-03-01,Mercopress; prensa internacional,"Asuncion de Jose Mujica confirmada para el 1 de marzo de 2010, con CFK entre los presidentes asistentes; no se hallo evidencia de una segunda jornada.",2026-08-17,APLICADO
2320-ARG-USA-40278,TripStartDate,2010-04-10T00:00:00,2010-04-12,"Cumbre de Seguridad Nuclear, Washington","La Cumbre de Seguridad Nuclear en Washington se realizo el 12-13 de abril de 2010, coincidiendo exactamente con nuestra fecha.",2026-08-17,APLICADO
2320-ARG-VEN-40287,TripStartDate,2010-04-19T00:00:00,2010-04-18,Diario de Cuyo 'La presidenta viaja hacia Venezuela' 17-abr-2010,CFK partio el 17/4 y llego a Caracas el 18/4/2010 para el bicentenario venezolano; bilateral con Chavez y firma de acuerdos el 20/4.,2026-08-17,APLICADO
2320-ARG-ESP-40315,TripEndDate,2010-05-19T00:00:00,2010-05-18,Cancilleria Argentina; VI Cumbre UE-ALC Madrid,La VI Cumbre Union Europea-America Latina y Caribe en Madrid se realizo el 18 de mayo de 2010.,2026-08-17,APLICADO
2320-ARG-CAN-40354,TripStartDate,2010-06-25T00:00:00,2010-06-26,Cumbre G20 Toronto,"La Cumbre del G20 en Toronto se realizo los dias 26 y 27 de junio de 2010, coincidiendo exactamente con nuestras fechas.",2026-08-17,APLICADO
2320-ARG-CAN-40354,TripEndDate,2010-06-28T00:00:00,2010-06-27,Cumbre G20 Toronto,"La Cumbre del G20 en Toronto se realizo los dias 26 y 27 de junio de 2010, coincidiendo exactamente con nuestras fechas.",2026-08-17,APLICADO
2320-ARG-FRA-40799,TripStartDate,2011-09-13T00:00:00,2011-09-12,Diario de Cuyo 'La presidenta llego a Paris para reunirse con Sarkozy' 12-sep-2011,CFK arribo a Paris el lunes 12/9/2011 (10hs) para una visita oficial de tres dias.,2026-08-17,APLICADO
2320-ARG-USA-40807,TripEndDate,2011-09-22T00:00:00,2011-09-21,Casa Rosada; CFKArgentina (discurso 66 Asamblea General ONU),El discurso de CFK ante la 66 Asamblea General de la ONU fue el 21/9/2011; no se hallo evidencia de permanencia hasta el 22/9.,2026-08-17,APLICADO
2320-ARG-VEN-40878,TripStartDate,2011-12-01T00:00:00,2011-12-02,"Cumbre fundacional CELAC, Caracas","La cumbre fundacional de la CELAC en Caracas se realizo los dias 2 y 3 de diciembre de 2011, coincidiendo con nuestras fechas.",2026-08-17,APLICADO
2320-ARG-VEN-40878,TripEndDate,2011-12-02T00:00:00,2011-12-03,"Cumbre fundacional CELAC, Caracas","La cumbre fundacional de la CELAC en Caracas se realizo los dias 2 y 3 de diciembre de 2011, coincidiendo con nuestras fechas.",2026-08-17,APLICADO
2320-ARG-BRA-41250,TripStartDate,2012-12-07T00:00:00,2012-12-06,Infobae; Perfil (Cumbre Mercosur Brasilia),Cumbre Mercosur en Brasilia (ingreso de Venezuela) se realizo el viernes 7/12/2012; prensa confirma que CFK llego antes de la cumbre y regreso a Argentina inmediatamente despues de que cerrara ese mismo dia.,2026-08-17,APLICADO
2320-ARG-BRA-41250,TripEndDate,2012-12-08T00:00:00,2012-12-07,Infobae; Perfil (Cumbre Mercosur Brasilia),Cumbre Mercosur en Brasilia (ingreso de Venezuela) se realizo el viernes 7/12/2012; prensa confirma que CFK llego antes de la cumbre y regreso a Argentina inmediatamente despues de que cerrara ese mismo dia.,2026-08-17,APLICADO
2320-ARG-CHL-41301,TripStartDate,2013-01-27T00:00:00,2013-01-26,CFKArgentina; Telam,"La I Cumbre CELAC-UE en Santiago de Chile se realizo el 26 y 27 de enero de 2013, coincidiendo con nuestras fechas.",2026-08-17,APLICADO
2320-ARG-CHL-41301,TripEndDate,2013-01-28T00:00:00,2013-01-27,CFKArgentina; Telam,"La I Cumbre CELAC-UE en Santiago de Chile se realizo el 26 y 27 de enero de 2013, coincidiendo con nuestras fechas.",2026-08-17,APLICADO
2320-ARG-VEN-41339,TripEndDate,2013-03-06T00:00:00,2013-03-07,Diario de Cuyo 'Cristina Kirchner y Mujica llegaron a Caracas' 06-mar-2013; La Capital,CFK llego a Caracas el 6/3/2013 para el funeral de Hugo Chavez y decidio regresar 'el jueves por la noche' (7/3/2013).,2026-08-17,APLICADO
2320-ARG-VAT-41350,TripStartDate,2013-03-17T00:00:00,2013-03-18,Vaticano (Misa inaugural del pontificado),La misa de inicio del pontificado del Papa Francisco fue el 19 de marzo de 2013; CFK habria llegado el dia previo.,2026-08-17,APLICADO
2320-ARG-VAT-41350,TripEndDate,2013-03-18T00:00:00,2013-03-19,Vaticano (Misa inaugural del pontificado),La misa de inicio del pontificado del Papa Francisco fue el 19 de marzo de 2013; CFK habria llegado el dia previo.,2026-08-17,APLICADO
2320-ARG-USA-41492,TripStartDate,2013-08-06T00:00:00,2013-08-05,Diario de Cuyo 'Cristina llego a Nueva York para nueva reunion de la ONU' 05-ago-2013,"Articulo del 5/8/2013 confirma llegada a Nueva York ese dia (sesion del Consejo de Seguridad, presidencia rotativa argentina).",2026-08-17,APLICADO
2320-ARG-RUS-41521,TripStartDate,2013-09-04T00:00:00,2013-09-05,Cumbre G20 San Petersburgo,"La Cumbre del G20 en San Petersburgo se realizo el 5 y 6 de septiembre de 2013, coincidiendo con nuestra fecha de inicio.",2026-08-17,APLICADO
2320-ARG-BRA-41836,TripStartDate,2014-07-16T00:00:00,2014-07-15,Cumbre BRICS Fortaleza,"La Cumbre de los BRICS en Fortaleza se realizo el 15 y 16 de julio de 2014, coincidiendo con nuestras fechas.",2026-08-17,APLICADO
2320-ARG-BRA-41836,TripEndDate,2014-07-17T00:00:00,2014-07-16,Cumbre BRICS Fortaleza,"La Cumbre de los BRICS en Fortaleza se realizo el 15 y 16 de julio de 2014, coincidiendo con nuestras fechas.",2026-08-17,APLICADO
2320-ARG-USA-41905,TripStartDate,2014-09-23T00:00:00,2014-09-24,CFKArgentina; Microjuris (discurso fondos buitre),"El discurso de CFK ante la 69 Asamblea General de la ONU fue el 24/9/2014, coincidiendo con nuestra fecha de inicio.",2026-08-17,APLICADO
2320-ARG-RUS-42114,TripStartDate,2015-04-20T00:00:00,2015-04-21,RT Actualidad; Infobae; Microjuris,"La visita oficial de CFK a Rusia (reunion con Putin en el Kremlin, firma de 20 acuerdos) fue del 21 al 23 de abril de 2015, segun multiples fuentes. Ni nuestra fecha (22-23/4) ni la de COLT (20-24/4) son exactas.",2026-08-17,APLICADO
2320-ARG-RUS-42114,TripEndDate,2015-04-24T00:00:00,2015-04-23,RT Actualidad; Infobae; Microjuris,"La visita oficial de CFK a Rusia (reunion con Putin en el Kremlin, firma de 20 acuerdos) fue del 21 al 23 de abril de 2015, segun multiples fuentes. Ni nuestra fecha (22-23/4) ni la de COLT (20-24/4) son exactas.",2026-08-17,APLICADO
2320-ARG-ITA-42162,TripEndDate,2015-06-08T00:00:00,2015-06-09,La Nacion; Diario Registrado; La Gaceta,"CFK inauguro el pabellon argentino en la Expo Milan el martes 9/6/2015, cerrando asi su visita a Italia.",2026-08-17,APLICADO
2320-ARG-CUB-42267,TripStartDate,2015-09-20T00:00:00,2015-09-19,Diario de Cuyo; La Nacion; Telam,CFK llego a La Habana el 19/9/2015 y permanecio 'dos dias' para presenciar la misa del Papa Francisco el domingo 20/9/2015.,2026-08-17,APLICADO
2320-ARG-CUB-42267,TripEndDate,2015-09-21T00:00:00,2015-09-20,Diario de Cuyo; La Nacion; Telam,CFK llego a La Habana el 19/9/2015 y permanecio 'dos dias' para presenciar la misa del Papa Francisco el domingo 20/9/2015.,2026-08-17,APLICADO
2320-ARG-USA-42275,TripStartDate,2015-09-28T00:00:00,2015-09-27,La Nacion; Casa Rosada,El ultimo discurso de CFK ante la Asamblea General de la ONU (70a sesion) fue el lunes 28/9/2015; la practica habitual de llegar el dia previo es consistente con nuestra fecha de inicio (27/9).,2026-08-17,APLICADO
2320-ARG-USA-42275,TripEndDate,2015-09-29T00:00:00,2015-09-28,La Nacion; Casa Rosada,El ultimo discurso de CFK ante la Asamblea General de la ONU (70a sesion) fue el lunes 28/9/2015; la practica habitual de llegar el dia previo es consistente con nuestra fecha de inicio (27/9).,2026-08-17,APLICADO
3169-ARG-VAT-42428,TripStartDate,2016-02-28T00:00:00,2016-02-27,Casa Rosada (agenda oficial); El Cronista 27/2/2016; Diario de Cuyo,"Prensa confirma que la audiencia de Macri con el Papa Francisco en el Vaticano fue el 27/2/2016 (unica actividad vaticana del viaje). Macri viajo el 26/2 y regreso el 28/2, pero no hay evidencia de actividad en el Vaticano el 28 o 29/2 como indica COLT.",2026-08-17,APLICADO
3169-ARG-VAT-42428,TripEndDate,2016-02-29T00:00:00,2016-02-27,Casa Rosada (agenda oficial); El Cronista 27/2/2016; Diario de Cuyo,"Prensa confirma que la audiencia de Macri con el Papa Francisco en el Vaticano fue el 27/2/2016 (unica actividad vaticana del viaje). Macri viajo el 26/2 y regreso el 28/2, pero no hay evidencia de actividad en el Vaticano el 28 o 29/2 como indica COLT.",2026-08-17,APLICADO
3169-ARG-COL-42535,TripStartDate,2016-06-14T00:00:00,2016-06-17,Comunicado conjunto Cancilleria Argentina; Cancilleria Colombia,"El comunicado conjunto confirma que el Foro Economico Mundial Capitulo Latinoamerica en Medellin se realizo los dias 16 y 17 de junio; por lo tanto el 17/6 corresponde a agenda real de Macri en Colombia, dia que el rango de COLT (14-16) no cubre. Nota: nuestra base separa en dos entradas (303 y 304) un viaje que en la realidad fue continuo (14 al 17/6); se recomienda revisar la estructura de ambas entradas en conjunto.",2026-08-17,APLICADO
3169-ARG-COL-42535,TripEndDate,2016-06-16T00:00:00,2016-06-17,Comunicado conjunto Cancilleria Argentina; Cancilleria Colombia,"El comunicado conjunto confirma que el Foro Economico Mundial Capitulo Latinoamerica en Medellin se realizo los dias 16 y 17 de junio; por lo tanto el 17/6 corresponde a agenda real de Macri en Colombia, dia que el rango de COLT (14-16) no cubre. Nota: nuestra base separa en dos entradas (303 y 304) un viaje que en la realidad fue continuo (14 al 17/6); se recomienda revisar la estructura de ambas entradas en conjunto.",2026-08-17,APLICADO
3169-ARG-BRA-42586,TripStartDate,2016-08-04T00:00:00,2016-08-04,Prensa sobre ceremonia inaugural Juegos Olimpicos Rio 2016,"Macri llego a Rio de Janeiro la tarde-noche del 4/8/2016 (antes de la ceremonia inaugural) y asistio a una gala del COI esa noche; la ceremonia inaugural fue el 5/8. No se hallo evidencia de actividad presidencial argentina en Brasil el 6/8 (COLT); dado que las visitas protocolares a ceremonias inaugurales suelen ser de un dia, es mas probable que el regreso haya sido el 5/8, aunque no se pudo confirmar con certeza absoluta la fecha exacta de regreso.",2026-08-17,APLICADO
3169-ARG-BRA-42586,TripEndDate,2016-08-06T00:00:00,2016-08-05,Prensa sobre ceremonia inaugural Juegos Olimpicos Rio 2016,"Macri llego a Rio de Janeiro la tarde-noche del 4/8/2016 (antes de la ceremonia inaugural) y asistio a una gala del COI esa noche; la ceremonia inaugural fue el 5/8. No se hallo evidencia de actividad presidencial argentina en Brasil el 6/8 (COLT); dado que las visitas protocolares a ceremonias inaugurales suelen ser de un dia, es mas probable que el regreso haya sido el 5/8, aunque no se pudo confirmar con certeza absoluta la fecha exacta de regreso.",2026-08-17,APLICADO
3169-ARG-QAT-42616,TripStartDate,2016-09-03T00:00:00,2016-09-01,Ambito.com (31/8/2016); La Nacion,"La escala de Macri en Doha (camino al G20 de Hangzhou) ocurrio entre el 31/8 y el 1/9/2016; para el 3/9 ya se encontraba en agenda oficial en Hangzhou con reunion bilateral con Xi Jinping, por lo que la fecha de COLT (3/9) es incompatible con la evidencia disponible.",2026-08-17,APLICADO
3169-ARG-QAT-42616,TripEndDate,2016-09-03T00:00:00,2016-09-01,Ambito.com (31/8/2016); La Nacion,"La escala de Macri en Doha (camino al G20 de Hangzhou) ocurrio entre el 31/8 y el 1/9/2016; para el 3/9 ya se encontraba en agenda oficial en Hangzhou con reunion bilateral con Xi Jinping, por lo que la fecha de COLT (3/9) es incompatible con la evidencia disponible.",2026-08-17,APLICADO
3169-ARG-COL-42640,TripEndDate,2016-09-27T00:00:00,2016-09-26,La Nacion (26/9/2016); Cancilleria,Macri viajo a Cartagena la manana del 26/9/2016 para la firma del Acuerdo de Paz (ceremonia a las 17hs) y no hay evidencia de actividad en Colombia el 27/9; parece haber sido un viaje de un solo dia.,2026-08-17,APLICADO
3169-ARG-BRA-42773,TripEndDate,2017-02-08T00:00:00,2017-02-07,Gobierno de Brasil (comunicado oficial); Casa Rosada,"La Visita de Estado de Macri a Brasilia (reunion con Temer en el Palacio del Planalto) fue exclusivamente el 7/2/2017, segun comunicado oficial del gobierno brasileno. No hay evidencia de actividad el 8/2.",2026-08-17,APLICADO
3169-ARG-ESP-42790,TripStartDate,2017-02-24T00:00:00,2017-02-20,"Infobae (19/2/2017): ""Macri viaja manana a Espana""","Infobae confirmo el 19/2/2017 que Macri viajaba 'manana' (lunes 20/2) a Espana; la visita incluyo agenda cultural (ARCO) desde el 20/2 y Visita de Estado formal el 22-24/2, con regreso el 25/2. COLT capta solo el tramo final de la visita de Estado.",2026-08-17,APLICADO
3169-ARG-PRY-42810,TripEndDate,2017-03-17T00:00:00,2017-03-16,Gobernacion de Itapua (fuente oficial paraguaya),"La II Reunion Binacional de Ministros y Gobernadores con participacion de Macri se realizo el 16/3/2017 en Asuncion, segun fuente oficial paraguaya. No hay evidencia de actividad presidencial argentina en Paraguay el 17/3; fue una visita de un solo dia.",2026-08-17,APLICADO
3169-ARG-NLD-42822,TripStartDate,2017-03-28T00:00:00,2017-03-27,"Infobae, El Cronista, Rosario3 (27/3/2017)","La Visita de Estado formal a los Paises Bajos comenzo el lunes 27/3/2017 con la recepcion oficial de los reyes en la plaza Dam, seguida de actividades el 28/3 (Rotterdam, ballet en La Haya) que cerraron la visita. No hay evidencia de actividad el 29/3.",2026-08-17,APLICADO
3169-ARG-NLD-42822,TripEndDate,2017-03-29T00:00:00,2017-03-28,"Infobae, El Cronista, Rosario3 (27/3/2017)","La Visita de Estado formal a los Paises Bajos comenzo el lunes 27/3/2017 con la recepcion oficial de los reyes en la plaza Dam, seguida de actividades el 28/3 (Rotterdam, ballet en La Haya) que cerraron la visita. No hay evidencia de actividad el 29/3.",2026-08-17,APLICADO
3169-ARG-JPN-42874,TripStartDate,2017-05-19T00:00:00,2017-05-18,"Télam, Infobae, La Nacion, Diario de Cuyo (mayo 2017)","Macri llego a Tokio el 18/5/2017 para iniciar una visita oficial de dos dias; se reunio con el PM Abe el 19/5 y cerro la visita con audiencia con el Emperador Akihito el sabado 20/5, partiendo de regreso ese mismo dia. Ni nuestra fecha de fin (19) ni la de COLT (19 inicio, 21 fin) coinciden exactamente con la evidencia.",2026-08-17,APLICADO
3169-ARG-JPN-42874,TripEndDate,2017-05-21T00:00:00,2017-05-20,"Télam, Infobae, La Nacion, Diario de Cuyo (mayo 2017)","Macri llego a Tokio el 18/5/2017 para iniciar una visita oficial de dos dias; se reunio con el PM Abe el 19/5 y cerro la visita con audiencia con el Emperador Akihito el sabado 20/5, partiendo de regreso ese mismo dia. Ni nuestra fecha de fin (19) ni la de COLT (19 inicio, 21 fin) coinciden exactamente con la evidencia.",2026-08-17,APLICADO
3169-ARG-CHE-43125,TripStartDate,2018-01-25T00:00:00,2018-01-24,"Infobae (17 al 25/1/2018), Casa Rosada","Macri llego a Davos el 24/1/2018 con una agenda completa esa tarde (Bill Gates, Trudeau, Maxima, Berset), dio su discurso de cierre ante el plenario del Foro el 25/1 al mediodia y viajo a Paris ese mismo dia. No hay evidencia de actividad el 26/1.",2026-08-17,APLICADO
3169-ARG-CHE-43125,TripEndDate,2018-01-26T00:00:00,2018-01-25,"Infobae (17 al 25/1/2018), Casa Rosada","Macri llego a Davos el 24/1/2018 con una agenda completa esa tarde (Bill Gates, Trudeau, Maxima, Berset), dio su discurso de cierre ante el plenario del Foro el 25/1 al mediodia y viajo a Paris ese mismo dia. No hay evidencia de actividad el 26/1.",2026-08-17,APLICADO
3169-ARG-CAN-43259,TripEndDate,2018-06-09T00:00:00,2018-06-10,"Ambito.com, Perfil (""De Canada a Tortuguitas sin escalas"")","Macri partio del aeropuerto de Quebec el domingo 10/6/2018 a las 19:18 hora argentina, tras un vuelo de 11 horas de regreso. Permanecio en Canada hasta el 10/6, no solo hasta el 9/6 como indica COLT.",2026-08-17,APLICADO
3169-ARG-IDN-43641,TripStartDate,2019-06-25T00:00:00,2019-06-26,"Cancilleria Argentina, LA NACION, Perfil (26/6/2019)",La Visita de Estado a Indonesia (Yakarta/Bogor) fue un viaje de un solo dia: Macri llego la manana del miercoles 26/6/2019 y esa misma noche partio hacia Osaka para el G20. No hay evidencia de actividad el 25/6.,2026-08-17,APLICADO
3169-ARG-JPN-43642,TripStartDate,2019-06-26T00:00:00,2019-06-27,"A24, El Cronista, Diario de Cuyo (27/6/2019)","Macri arribo al aeropuerto de Kansai (Osaka) a las 8am hora de Japon del jueves 27/6/2019, procedente de Yakarta. El 26/6 aun se encontraba en Indonesia (ver item Indonesia).",2026-08-17,APLICADO
3169-ARG-CHE-43645,TripStartDate,2019-06-29T00:00:00,2019-06-30,"Pagina/12 (""Que fue a hacer Macri realmente a Francia y Suiza"")",El 30/6/2019 Macri recibio en Zurich el premio 'Living Football' de manos de Gianni Infantino (FIFA); el 29/6 aun se encontraba en Japon en la clausura del G20 de Osaka.,2026-08-17,APLICADO
3169-ARG-CHE-43802,TripEndDate,2019-12-04T00:00:00,2019-12-03,"Casa Rosada (""Macri se reunio en Suiza con autoridades de la Cruz Roja y de la OMC"")","Confirmado que el 3/12/2019 Macri viajo a Ginebra (desde Madrid) para reunirse con el CICR y la OMC, y regreso a la Argentina esa misma noche. No hay evidencia de actividad en Suiza el 4/12.",2026-08-17,APLICADO
3169-ARG-BRA-43803,TripStartDate,2019-12-04T00:00:00,2019-12-05,"Infobae, La Nacion, Cronica (diciembre 2019)","Macri viajo a Bento Goncalves (Brasil) el 5/12/2019 para la Cumbre de Jefes de Estado del Mercosur, en su ultimo viaje internacional como presidente; la cumbre ministerial se extendio desde el 4/12 pero la participacion presidencial de Macri fue el 5/12.",2026-08-17,APLICADO
3670-ARG-ISR-43852,TripEndDate,2020-01-25T00:00:00,2020-01-24,"Infobae (25/1/2020, Roman Lejtman): ""estuvo cincuenta horas en Jerusalen""; ""en su despedida de Israel"" (24/1/2020)","Alberto Fernandez llego a Israel el 22/1 y permanecio 'cincuenta horas' en Jerusalen; hay un articulo especifico titulado 'en su despedida de Israel' fechado 24/1/2020. El avion de regreso aterrizo en Buenos Aires la manana del 25/1, pero ese ya es el dia de arribo a la Argentina, no de estadia en Israel. Ni nuestra fecha (23) ni la de COLT (25) coinciden con el ultimo dia real en Israel (24).",2026-08-17,APLICADO
3670-ARG-ITA-43861,TripEndDate,2020-02-01T00:00:00,2020-01-31,"Telam, France24 (""pais por pais, la agenda de Alberto Fernandez por Europa"")","La gira comenzo el viernes 31/1/2020 con misa y reunion con el Papa Francisco en el Vaticano, luego con el PM Conte y el presidente Mattarella esa misma tarde. El lunes siguiente (3/2) ya estaba en Alemania. No hay evidencia de actividad en Italia el 1/2.",2026-08-17,APLICADO
3670-ARG-DEU-43863,TripStartDate,2020-02-02T00:00:00,2020-02-03,"Telam, France24","Segun el itinerario de la gira europea, el encuentro con la canciller alemana Angela Merkel fue 'el lunes' (3/2/2020); el fin de semana previo (1-2/2) no registra actividad en Alemania.",2026-08-17,APLICADO
3670-ARG-ESP-43864,TripStartDate,2020-02-03T00:00:00,2020-02-04,"Telam, France24","El encuentro con el presidente del gobierno espanol Pedro Sanchez fue 'el martes' (4/2/2020), inmediatamente despues de la etapa alemana (3/2). No hay evidencia de actividad en Espana el 3/2.",2026-08-17,APLICADO
3670-ARG-CHL-44222,TripEndDate,2021-01-28T00:00:00,2021-01-27,"LA NACION (""Fernandez viajara a Chile el 26 y 27 de enero"")",La visita de Estado a Chile (reunion con Pinera) fue confirmada para los dias 26 y 27 de enero de 2021. No hay evidencia de actividad en Chile el 28/1.,2026-08-17,APLICADO
3670-ARG-PRT-44325,TripEndDate,2021-05-09T00:00:00,2021-05-10,"Ambito, LA NACION, teleSUR (itinerario detallado gira europea mayo 2021)","Fernandez arribo a Portugal el domingo 9/5/2021 y permanecio hasta el lunes 10/5, dia en que almorzo con el PM Antonio Costa y partio hacia Madrid a las 16hs. COLT solo capta el dia de llegada.",2026-08-17,APLICADO
3670-ARG-ESP-44325,TripStartDate,2021-05-09T00:00:00,2021-05-10,"Ambito, LA NACION (itinerario gira europea mayo 2021)","Fernandez partio de Portugal hacia Madrid el lunes 10/5/2021 a las 16hs (12hs argentina), llegando esa tarde/noche; las actividades formales en Espana (Rey Felipe VI, Pedro Sanchez) fueron el martes 11/5. El 9/5 aun se encontraba en Portugal.",2026-08-17,APLICADO
3670-ARG-FRA-44327,TripEndDate,2021-05-13T00:00:00,2021-05-12,"Ambito, LA NACION (itinerario gira europea mayo 2021)","La reunion con Macron en el Palacio del Eliseo fue el miercoles 12/5/2021; el 13/5 ya se encontraba en el Vaticano/Italia (audiencia con el Papa Francisco y reuniones con Mattarella y Draghi), por lo que no pudo estar en Francia ese dia.",2026-08-17,APLICADO
3670-ARG-ITA-44329,TripEndDate,2021-05-15T00:00:00,2021-05-14,"Ambito.com (""Alberto Fernandez cerro su gira en Europa y regresa a la Argentina""), France24","La gira europea 'concluyo el 13 de mayo' segun France24 (Vaticano, almuerzo con Mattarella, reunion con Draghi), y el vuelo de regreso (AR1090) partio de Roma a las 0.23 hora local (ya entrada la madrugada del 14/5), aterrizando en Buenos Aires ese mismo dia. No hay evidencia de actividad en Italia el 15/5.",2026-08-17,APLICADO
3670-ARG-GBR-44501,TripStartDate,2021-11-01T00:00:00,2021-11-01,"Casa Rosada, Perfil, Ambito (COP26 Glasgow, noviembre 2021)","Fernandez inicio el tramo de Glasgow (COP26) el lunes 1/11/2021 (tras el G20 de Roma que concluyo el 31/10), y partio de regreso a la Argentina desde el aeropuerto de Glasgow Prestwick el 2/11/2021, aterrizando en Ezeiza la madrugada del 3/11. Nuestra fecha de inicio (31/10) es incorrecta -ese dia aun estaba en Roma-, y la fecha de fin de COLT (4/11) tampoco tiene sustento: ya habia regresado al pais el 3/11.",2026-08-17,APLICADO
3670-ARG-GBR-44501,TripEndDate,2021-11-04T00:00:00,2021-11-02,"Casa Rosada, Perfil, Ambito (COP26 Glasgow, noviembre 2021)","Fernandez inicio el tramo de Glasgow (COP26) el lunes 1/11/2021 (tras el G20 de Roma que concluyo el 31/10), y partio de regreso a la Argentina desde el aeropuerto de Glasgow Prestwick el 2/11/2021, aterrizando en Ezeiza la madrugada del 3/11. Nuestra fecha de inicio (31/10) es incorrecta -ese dia aun estaba en Roma-, y la fecha de fin de COLT (4/11) tampoco tiene sustento: ya habia regresado al pais el 3/11.",2026-08-17,APLICADO
3670-ARG-RUS-44595,TripEndDate,2022-02-04T00:00:00,2022-02-03,"Casa Rosada, LA NACION (gira Rusia-China-Barbados febrero 2022)","Fernandez se reunio con Putin en Moscu el 3/2/2022 (almuerzo y conferencia conjunta) y arribo a Beijing el viernes 4/2, por lo que el 4/2 ya se encontraba en China, no en Rusia.",2026-08-17,APLICADO
3670-ARG-CHN-44596,TripEndDate,2022-02-07T00:00:00,2022-02-06,"Casa Rosada, LA NACION","Fernandez arribo a Beijing el 4/2 y se reunio con Xi Jinping el domingo 6/2/2022; arribo a Barbados el 7/2 (confirmado por Infobae y LA NACION del mismo dia), por lo que el 7/2 ya no correspondia a China.",2026-08-17,APLICADO
3670-ARG-BRB-44599,TripStartDate,2022-02-07T00:00:00,2022-02-07,"Infobae, LA NACION (7 y 8/2/2022)","Fernandez arribo a Barbados pasadas las 16hs del 7/2/2022 (vuelo AR1091), y la gira 'finalizo el martes 8 de febrero' segun LA NACION. Nuestra fecha de inicio (8) omite el dia de llegada (7); la fecha de fin de COLT (9) no tiene sustento, ya que el cierre de la gira fue el 8/2.",2026-08-17,APLICADO
3670-ARG-BRB-44599,TripEndDate,2022-02-09T00:00:00,2022-02-08,"Infobae, LA NACION (7 y 8/2/2022)","Fernandez arribo a Barbados pasadas las 16hs del 7/2/2022 (vuelo AR1091), y la gira 'finalizo el martes 8 de febrero' segun LA NACION. Nuestra fecha de inicio (8) omite el dia de llegada (7); la fecha de fin de COLT (9) no tiene sustento, ya que el cierre de la gira fue el 8/2.",2026-08-17,APLICADO
3670-ARG-ESP-44690,TripStartDate,2022-05-09T00:00:00,2022-05-10,"Infobae, La Moncloa, Diario de Cuyo (10/5/2022)",Fernandez arribo a Madrid la manana del martes 10/5/2022 (9:53hs local) y ese mismo dia se reunio con Pedro Sanchez y el Rey Felipe VI; no hay evidencia de actividad en Espana el 9/5 (aun no habia partido de Argentina) ni el 11/5 (ya se encontraba camino a Alemania).,2026-08-17,APLICADO
3670-ARG-ESP-44690,TripEndDate,2022-05-11T00:00:00,2022-05-10,"Infobae, La Moncloa, Diario de Cuyo (10/5/2022)",Fernandez arribo a Madrid la manana del martes 10/5/2022 (9:53hs local) y ese mismo dia se reunio con Pedro Sanchez y el Rey Felipe VI; no hay evidencia de actividad en Espana el 9/5 (aun no habia partido de Argentina) ni el 11/5 (ya se encontraba camino a Alemania).,2026-08-17,APLICADO
3670-ARG-DEU-44692,TripEndDate,2022-05-13T00:00:00,2022-05-11,"MDZ Online, Infobae (11/5/2022)","Fernandez aterrizo en Berlin el 11/5/2022, recibido por el canciller Olaf Scholz; el 12/5 ya se encontraba en Francia con Macron ('cierre de su gira europea'), por lo que no hay sustento para la fecha de fin de COLT (13/5).",2026-08-17,APLICADO
3670-ARG-FRA-44694,TripStartDate,2022-05-13T00:00:00,2022-05-12,"Ambito, Diario Democracia, TotalNews Agency (12/5/2022)","Fernandez arribo a Francia y se reunio con Macron el jueves/viernes 12/5/2022, en el cierre de su gira europea. COLT ubica el inicio un dia despues (13/5), sin sustento en la prensa consultada.",2026-08-17,APLICADO
3670-ARG-DEU-44738,TripEndDate,2022-06-29T00:00:00,2022-06-27,"Casa Rosada, LA NACION (""tras su paso por el G-7, Alberto Fernandez retomo el seguimiento..."")","Fernandez arribo a Alemania el 26/6/2022 para la Cumbre del G7 en Schloss Elmau (26-28/6), pero 'finalizo el 27 de junio su participacion' y 'adelanto su regreso... regresando antes de lo pautado que era esa noche [del 27]'. Ni nuestra fecha de fin (28) ni la de COLT (29) coinciden con el ultimo dia real en Alemania (27).",2026-08-17,APLICADO
3670-ARG-COL-44779,TripStartDate,2022-08-06T00:00:00,2022-08-06,"Telam, Ambito, Infobae, BAE Negocios (agosto 2022)","Fernandez partio de Buenos Aires el 6/8/2022 a las 18hs y llego a Bogota en la madrugada del 6/8 para la asuncion de Gustavo Petro, que se realizo el domingo 7/8; regreso esa misma noche del 7/8. Nuestra fecha de inicio (7) omite el dia de llegada (6); la fecha de fin de COLT (8) no tiene sustento, ya que el regreso fue la noche del 7/8.",2026-08-17,APLICADO
3670-ARG-COL-44779,TripEndDate,2022-08-08T00:00:00,2022-08-07,"Telam, Ambito, Infobae, BAE Negocios (agosto 2022)","Fernandez partio de Buenos Aires el 6/8/2022 a las 18hs y llego a Bogota en la madrugada del 6/8 para la asuncion de Gustavo Petro, que se realizo el domingo 7/8; regreso esa misma noche del 7/8. Nuestra fecha de inicio (7) omite el dia de llegada (6); la fecha de fin de COLT (8) no tiene sustento, ya que el regreso fue la noche del 7/8.",2026-08-17,APLICADO
3670-ARG-USA-44821,TripStartDate,2022-09-17T00:00:00,2022-09-18,"Casa Rosada, Telam, LA NACION (septiembre 2022)","Fernandez arribo a Nueva York el domingo 18/9/2022 (no el 17/9 como indica COLT), dio su discurso ante la Asamblea General el martes 20/9, y el 21/9 se traslado a Houston para una presentacion sobre Vaca Muerta, con arribo estimado a la Argentina en la madrugada del 22/9. El rango de COLT (17-25/9) esta muy sobreextendido; el nuestro (19-21) omite el dia de llegada (18).",2026-08-17,APLICADO
3670-ARG-USA-44821,TripEndDate,2022-09-25T00:00:00,2022-09-21,"Casa Rosada, Telam, LA NACION (septiembre 2022)","Fernandez arribo a Nueva York el domingo 18/9/2022 (no el 17/9 como indica COLT), dio su discurso ante la Asamblea General el martes 20/9, y el 21/9 se traslado a Houston para una presentacion sobre Vaca Muerta, con arribo estimado a la Argentina en la madrugada del 22/9. El rango de COLT (17-25/9) esta muy sobreextendido; el nuestro (19-21) omite el dia de llegada (18).",2026-08-17,APLICADO
3670-ARG-IDN-44878,TripStartDate,2022-11-13T00:00:00,2022-11-14,"Ambito, MDZ Online (itinerario G20 Bali, noviembre 2022)","Fernandez partio desde Francia hacia Indonesia el domingo 13/11/2022, arribando a Bali (vuelo AR1090) a las 16:30 hora local del lunes 14/11/2022, dia en que participo de una cena con Macron. El 13/11 aun se encontraba en transito/Francia, no en Indonesia. Ni nuestra fecha (15) ni la de COLT (13) coinciden con la llegada real (14).",2026-08-17,APLICADO
3670-ARG-DOM-45009,TripEndDate,2023-03-26T00:00:00,2023-03-25,"Infobae, LA NACION, Casa Rosada (Cumbre Iberoamericana, marzo 2023)","Fernandez llego a Santo Domingo el 24/3/2023, y la XXVIII Cumbre Iberoamericana se desarrollo el 24-25/3, con la sesion inaugural y bilaterales concentradas en esos dos dias. No se hallo evidencia de actividad presidencial argentina en Republica Dominicana el 26/3.",2026-08-17,APLICADO
4053-ARG-CHE-45307,TripEndDate,2024-01-16T00:00:00,2024-01-17,"LA NACION, El Cronista, weforum.org (Davos 2024)","Milei dio su primer discurso ante el plenario del Foro Economico Mundial el miercoles 17/1/2024 (15:45-16:15). La fecha de fin de COLT (16/1) no incluye el dia del discurso, que fue el evento central de la visita.",2026-08-17,APLICADO
4053-ARG-ESP-45428,TripStartDate,2024-05-16T00:00:00,2024-05-17,"Embajada Argentina en Espana (comunicado formal citado por medios espanoles), Maldita.es, Ambito","La embajada argentina notifico formalmente que el presidente 'estara en Espana entre el 17 y el 19 de mayo' (evento Europa Viva 24 de Vox, 18-19/5). El rango de COLT (16-20/5) se extiende sin sustento en ambos extremos.",2026-08-17,APLICADO
4053-ARG-ESP-45428,TripEndDate,2024-05-20T00:00:00,2024-05-19,"Embajada Argentina en Espana (comunicado formal citado por medios espanoles), Maldita.es, Ambito","La embajada argentina notifico formalmente que el presidente 'estara en Espana entre el 17 y el 19 de mayo' (evento Europa Viva 24 de Vox, 18-19/5). El rango de COLT (16-20/5) se extiende sin sustento en ambos extremos.",2026-08-17,APLICADO
4053-ARG-ITA-45455,TripStartDate,2024-06-12T00:00:00,2024-06-13,"Chequeado (""Javier Milei en la Cumbre del G7"")","La Cumbre del G7 en Apulia (Italia) con participacion de Milei se realizo especificamente entre el 13 y el 15 de junio de 2024, segun confirma Chequeado. El rango de COLT (12-14/6) esta desplazado un dia respecto de la evidencia.",2026-08-17,APLICADO
4053-ARG-ITA-45455,TripEndDate,2024-06-14T00:00:00,2024-06-15,"Chequeado (""Javier Milei en la Cumbre del G7"")","La Cumbre del G7 en Apulia (Italia) con participacion de Milei se realizo especificamente entre el 13 y el 15 de junio de 2024, segun confirma Chequeado. El rango de COLT (12-14/6) esta desplazado un dia respecto de la evidencia.",2026-08-17,APLICADO
4053-ARG-CHE-45458,TripEndDate,2024-06-16T00:00:00,2024-06-15,"Ambito, Embajada Argentina en Suiza, SWI swissinfo (Cumbre de Paz de Ucrania, junio 2024)","Si bien la Cumbre de Paz de Burgenstock se extendio el 15 y 16 de junio, las fuentes consultadas ubican la participacion especifica de Milei (incluido el encuentro con Zelenski) el 15/6/2024, sin evidencia de actividad el 16/6.",2026-08-17,APLICADO
4053-ARG-ESP-45463,TripStartDate,2024-06-20T00:00:00,2024-06-21,"Infobae, Newtral, Diario de Cuyo (Premio Instituto Juan de Mariana, 21/6/2024)","La ceremonia de entrega del Premio 2024 del Instituto Juan de Mariana (""Cena de la Libertad"") en el Casino de Madrid fue el 21/6/2024; no se hallo evidencia de actividad en Espana el 20/6.",2026-08-17,APLICADO
4053-ARG-DEU-45465,TripEndDate,2024-06-24T00:00:00,2024-06-23,"Argentinisches Tageblatt (""48 hrs intensas""), Infobae, Argentina.gob.ar",Milei recibio la Medalla Hayek en Hamburgo el 22/6/2024 y se reunio con el canciller Olaf Scholz en Berlin el 23/6/2024 ('48 horas intensas' en total); las fuentes confirman explicitamente que la visita no se extendio al 24/6.,2026-08-17,APLICADO
4053-ARG-USA-45556,TripEndDate,2024-09-25T00:00:00,2024-09-24,"Semana.com, Infobae, Emol (septiembre 2024)","Milei toco la campana en la Bolsa de Nueva York y se reunio con Elon Musk el 23/9/2024, con partida programada de EEUU el martes 24/9 a las 22hs, arribando a la Argentina el miercoles 25/9 por la manana. El ultimo dia de estadia en EEUU fue el 24/9 (la fecha de fin de COLT, 25/9, corresponde ya al dia de llegada a Argentina).",2026-08-17,APLICADO
4053-ARG-USA-45610,TripEndDate,2024-11-16T00:00:00,2024-11-15,"Infobae (""Milei cerro su viaje a EEUU"", 15/11/2024)",Milei llego a Mar-a-Lago el 14/11/2024 y la prensa confirma el cierre del viaje el 15/11/2024. No hay evidencia de actividad el 16/11.,2026-08-17,APLICADO
4053-ARG-ITA-45638,TripStartDate,2024-12-12T00:00:00,2024-12-13,"Infobae (11, 13 y 14/12/2024)","Milei 'salio de Buenos Aires el viernes 13 [de diciembre], se quedo el sabado 14 y regreso al pais esa misma noche'. Se reunio con Meloni el 13/12 y hablo en el evento Atreju el 14/12 (recibiendo tambien el Premio Milton Friedman). Ni nuestra fecha de inicio (12/12) ni el rango de COLT (12-16/12) coinciden con la estadia real (13-14/12).",2026-08-17,APLICADO
4053-ARG-ITA-45638,TripEndDate,2024-12-16T00:00:00,2024-12-14,"Infobae (11, 13 y 14/12/2024)","Milei 'salio de Buenos Aires el viernes 13 [de diciembre], se quedo el sabado 14 y regreso al pais esa misma noche'. Se reunio con Meloni el 13/12 y hablo en el evento Atreju el 14/12 (recibiendo tambien el Premio Milton Friedman). Ni nuestra fecha de inicio (12/12) ni el rango de COLT (12-16/12) coinciden con la estadia real (13-14/12).",2026-08-17,APLICADO
4053-ARG-USA-45674,TripStartDate,2025-01-17T00:00:00,2025-01-20,"Conocimiento general verificado (segunda investidura de Donald Trump, 20/1/2025); Infobae (secuencia hacia Davos 21-24/1/2025)","La investidura de Donald Trump fue el 20/1/2025. No se hallo evidencia de actividad de Milei en EEUU desde el 17/1 (COLT); la secuencia de viaje hacia Davos (que arranco el 21/1 segun COLT, con discurso de Milei el 23/1 y Premio Ropke el 24/1) es mas consistente con una llegada a EEUU el 20/1, no el 17/1. Verificacion con presupuesto de busqueda limitado; se recomienda doble chequeo posterior si es posible.",2026-08-17,APLICADO
4053-ARG-VAT-45773,TripStartDate,2025-04-26T00:00:00,2025-04-25,"Wikipedia (en) ""Death and funeral of Pope Francis"": Misa de Requiem el 26/4/2025 a las 10:00 en la Plaza San Pedro","La misa de funeral del Papa Francisco (evento central en el Vaticano) fue estrictamente el 26/4/2025 a las 10:00, con Milei ubicado en un lugar de precedencia especial como presidente del pais natal del Papa. Dado el largo vuelo desde Buenos Aires y que la ceremonia comenzo temprano en la manana romana, es altamente probable que la comitiva argentina haya arribado el dia anterior (25/4), tal como registra nuestra base; COLT solo capta el dia del funeral.",2026-08-17,APLICADO
4053-ARG-ISR-45817,TripEndDate,2025-06-11T00:00:00,2025-06-12,"LA NACION (Elisabetta Pique, 9/6/2025): ""Milei llego a Israel... se quedara tres dias""","Milei arribo a Israel la noche del lunes 9/6/2025 (procedente de Niza, Francia) y la nota confirma que 'a partir de este martes [10/6], durante tres dias, se reunira con Herzog y Netanyahu', lo que extiende la agenda hasta el jueves 12/6/2025. La fecha de fin de COLT (11/6) se queda corta respecto de la agenda de tres dias confirmada.",2026-08-17,APLICADO
4053-ARG-USA-45922,TripEndDate,2025-09-26T00:00:00,2025-09-24,"Diario de Cuyo (23/9/2025): ""Milei y Trump estan reunidos en la ONU"" / ""hoy el argentino habla en las naciones unidas""","El discurso de Milei ante la Asamblea General de la ONU fue el 23/9/2025. Siguiendo el patron reiterado en sus viajes previos a la ONU (2018, 2022, 2023, 2024), donde permanecio solo 1-2 dias despues del discurso, es mas probable que el regreso haya sido el 24/9 (nuestra fecha) que el 26/9 (COLT). Verificacion de confianza media por agotamiento del presupuesto de busqueda; se recomienda doble chequeo.",2026-08-17,APLICADO
4053-ARG-USA-45967,TripStartDate,2025-11-06T00:00:00,2025-11-05,"Diario de Cuyo (6/11/2025): ""Milei en Miami: presencia en un foro mundial y una gala conservadora en Palm Beach""","El articulo (fechado 6/11/2025) confirma que Milei 'arribo esta madrugada a Miami' (00:50 hora local), tras un vuelo con escala en Lima; dado el horario de arribo post-medianoche, la partida desde Buenos Aires ocurrio la noche del 5/11/2025. Discurso en el American Business Forum el jueves 6/11, agenda en Palm Beach y Nueva York el viernes 7/11, con partida esa noche hacia Bolivia (asuncion de Rodrigo Paz el sabado 8/11). El dia de partida desde Argentina (5/11) es consistente con el criterio usado en otros items de este mismo lote (p.ej. USA abril 2024).",2026-08-17,APLICADO
1473-ARG-CHE-36553,TripStartDate;TripEndDate,2000-01-28;2000-02-02,(sin cambio),Confirmado que el 30° Foro Económico Mundial (Davos) se realizó del 27 de enero al 3 de febrero de 2000; los colt_links (Lexis/ProQuest) están bloqueados por acceso institucional y no se halló nota de prensa abierta que precise el día exacto de llegada/salida de de la Rúa dentro de esa semana.,"Tanto nuestra fecha (27/1-30/1) como la de COLT (28/1-2/2) caen dentro de la semana real del Foro (27 ene-3 feb). Sin poder confirmar el itinerario específico del presidente argentino dentro de esa semana (no se accedió a los documentos citados por COLT, todos con paywall institucional), no es posible determinar cuál de las dos fechas exactas es correcta.",2026-08-17,NO_CAMBIO (No_verificable)
1473-ARG-DEU-36681,TripStartDate;TripEndDate,2000-06-04;2000-06-05,(sin cambio),https://www.wsws.org/en/articles/2000/06/3way-j08.html ; https://www.lanacion.com.ar/politica/respaldo-de-clinton-a-de-la-rua-por-el-ajuste-nid20389/,"La cumbre 'Progressive Governance in the 21st Century' en Berlín, a la que Clinton confirmó (en entrevista con La Nación) haber conversado con de la Rúa, se realizó el 5 de junio de 2000 (fuente WSWS, con Fernando de la Rúa nombrado explícitamente entre los invitados junto a Cardoso y Lagos). Nuestra fecha (2-3 de junio) no coincide con el día real del evento; la fecha de COLT (4-5 de junio) sí es consistente con una llegada el día previo y la participación el día de la cumbre.",2026-08-17,NO_CAMBIO (COLT_correcto)
1473-ARG-PRY-37064,TripStartDate,2001-06-22,(sin cambio),https://cancilleria.gob.ar/es/actualidad/comunicados/el-presidente-paraguayo-gonzalez-macchi-visita-la-argentina-para-estrechar (referencia indirecta; no confirma la visita de de la Rúa a Paraguay en junio 2001),"Se confirma que hubo intercambio de visitas presidenciales Argentina-Paraguay en ese período, pero no se pudo acceder a fuente independiente que precise si el arribo de de la Rúa a Asunción fue el 21 o el 22 de junio de 2001 (colt_links todos bloqueados por acceso institucional).",2026-08-17,NO_CAMBIO (No_verificable)
1826-ARG-PRY-37790,TripStartDate;TripEndDate,2003-06-18;2003-06-19,(sin cambio),Cancilleria; prensa regional,"XXIV Cumbre Mercosur en Asuncion fue el 18/6/2003, dentro de ambos rangos; no se pudo precisar llegada/salida exacta.",2026-08-17,NO_CAMBIO (No_verificable)
1826-ARG-USA-37824,TripStartDate,2003-07-22,(sin cambio),El Dia 23-jul-2003; El Cuco Digital,"Kirchner llego a Washington la noche del 22/7/2003, reunion con Bush el 23/7.",2026-08-17,NO_CAMBIO (COLT_correcto)
1826-ARG-ESP-38013,TripStartDate;TripEndDate,2004-01-27;2004-01-28,(sin cambio),El Cronista 15-ene-2004; Infobae,"Se confirma viaje a España en enero 2004 (CEOE, FITUR) pero no fechas exactas de llegada/salida.",2026-08-17,NO_CAMBIO (No_verificable)
1826-ARG-BRA-38062,TripStartDate;TripEndDate,2004-03-16,(sin cambio),Busqueda en prensa,No se hallo cobertura con fecha exacta de viaje a Brasil 15-16 marzo 2004.,2026-08-17,NO_CAMBIO (No_verificable)
1826-ARG-CHN-38166,TripEndDate,2004-07-02,(sin cambio),Cancilleria Argentina; MFA China,Visita de Estado a China fue 28 junio-2 julio 2004 segun fuentes oficiales de ambos paises.,2026-08-17,NO_CAMBIO (COLT_correcto)
1826-ARG-BOL-38274,TripEndDate,2004-10-15,(sin cambio),Busqueda en prensa,"No se hallo cobertura que confirme viaje a Bolivia 14-15 octubre 2004 (solo acuerdo de gas abril 2004 en Bs As, evento distinto).",2026-08-17,NO_CAMBIO (No_verificable)
1826-ARG-BRA-38338,TripStartDate;TripEndDate,2004-12-17;2004-12-18,(sin cambio),Agrositio,Cumbre Mercosur en Ouro Preto (duras criticas de Kirchner) se realizo el 18/12/2004.,2026-08-17,NO_CAMBIO (COLT_correcto)
1826-ARG-URY-38412,TripEndDate,2005-03-02,(sin cambio),Infobae,"Asuncion de Tabare Vazquez 1/3/2005; firma de acuerdo bilateral de DDHH estaba prevista para el dia siguiente (2/3), indicando permanencia de Kirchner hasta esa fecha.",2026-08-17,NO_CAMBIO (COLT_correcto)
1826-ARG-BRA-38481,TripStartDate;TripEndDate,2005-05-09;2005-05-10,(sin cambio),Busqueda en prensa,No se hallo cobertura con fecha exacta de visita a Brasil 9-11 mayo 2005.,2026-08-17,NO_CAMBIO (No_verificable)
1826-ARG-USA-38608,TripStartDate;TripEndDate,2005-09-13;2005-09-16,(sin cambio),ONU; CFKArgentina,"Cumbre Mundial 2005 (60 aniversario ONU) fue 14-16 sept 2005, discurso de Kirchner el 14/9, pero no se preciso llegada/salida exacta.",2026-08-17,NO_CAMBIO (No_verificable)
1826-ARG-ESP-38638,TripStartDate;TripEndDate,2005-10-13;2005-10-15,(sin cambio),Busqueda en prensa,"No se hallo cobertura especifica con fechas exactas para este viaje a España octubre 2005 (posible Cumbre Iberoamericana Salamanca, no confirmado).",2026-08-17,NO_CAMBIO (No_verificable)
1826-ARG-VEN-38677,TripStartDate;TripEndDate,2005-11-21;2005-11-22,(sin cambio),Busqueda en prensa,No se hallo cobertura especifica con fecha exacta de este viaje a Venezuela noviembre 2005.,2026-08-17,NO_CAMBIO (No_verificable)
1826-ARG-BRA-39101,TripStartDate;TripEndDate,2007-01-19;2007-01-20,(sin cambio),Busqueda en prensa,No se hallo cobertura especifica con fecha exacta de este viaje a Brasil enero 2007.,2026-08-17,NO_CAMBIO (No_verificable)
1826-ARG-BOL-39302,TripStartDate,2007-08-08,(sin cambio),Busqueda en prensa,No se hallo cobertura especifica con fecha exacta de este viaje a Bolivia agosto 2007.,2026-08-17,NO_CAMBIO (No_verificable)
2320-ARG-URY-39433,TripStartDate,2007-12-17,(sin cambio),Prensa (recopilacion viajes CFK),"El primer viaje de CFK como presidenta fue el 17/12/2007 a la cumbre del Mercosur en Uruguay, siete dias despues de asumir; coincide con COLT.",2026-08-17,NO_CAMBIO (COLT_correcto)
2320-ARG-PRY-39674,TripStartDate,2008-08-14,(sin cambio),Infobae; patron de viajes a asunciones presidenciales en Paraguay (confirmado para Cartes 2013),"Fernando Lugo asumio el 15/8/2008; por el patron observado en visitas similares (ej. asuncion de Cartes 2013, donde CFK llego la noche anterior), es probable que Kirchner tambien haya llegado el dia previo (14/8).",2026-08-17,NO_CAMBIO (COLT_correcto)
2320-ARG-BRA-39697,TripStartDate,2008-09-06,(sin cambio),Busqueda en prensa,No se hallo cobertura especifica con fecha exacta de este viaje a Brasil septiembre 2008.,2026-08-17,NO_CAMBIO (No_verificable)
2320-ARG-USA-39714,TripEndDate,2008-09-25,(sin cambio),Busqueda en prensa,"UNGA63 (discurso CFK 23/9/2008) confirmado, pero no se preciso fecha exacta de partida (24 o 25/9).",2026-08-17,NO_CAMBIO (No_verificable)
2320-ARG-TUN-39769,TripStartDate,2008-11-17,(sin cambio),Busqueda en prensa,No se hallo cobertura especifica con fecha exacta de este viaje a Tunez noviembre 2008.,2026-08-17,NO_CAMBIO (No_verificable)
2320-ARG-EGY-39771,TripStartDate,2008-11-19,(sin cambio),Busqueda en prensa,No se hallo cobertura especifica con fecha exacta de este viaje a Egipto noviembre 2008.,2026-08-17,NO_CAMBIO (No_verificable)
2320-ARG-LBY-39772,TripStartDate,2008-11-20,(sin cambio),Busqueda en prensa,No se hallo cobertura especifica con fecha exacta de este viaje a Libia noviembre 2008.,2026-08-17,NO_CAMBIO (No_verificable)
2320-ARG-ESP-39853,TripStartDate;TripEndDate,2009-02-09;2009-02-11,(sin cambio),Busqueda en prensa,No se hallo cobertura especifica con fecha exacta de este viaje a España febrero 2009.,2026-08-17,NO_CAMBIO (No_verificable)
2320-ARG-CHE-39979,TripStartDate;TripEndDate,2009-06-15;2009-06-16,(sin cambio),Busqueda en prensa,No se hallo cobertura especifica con fecha exacta de este viaje a Suiza junio 2009.,2026-08-17,NO_CAMBIO (No_verificable)
2320-ARG-SLV-39999,TripStartDate;TripEndDate,2009-07-05,(sin cambio),Busqueda en prensa,No se hallo cobertura especifica con fecha exacta de este viaje a El Salvador julio 2009.,2026-08-17,NO_CAMBIO (No_verificable)
2320-ARG-PRY-40017,TripStartDate;TripEndDate,2009-07-23;2009-07-25,(sin cambio),Busqueda en prensa,No se hallo cobertura especifica con fecha exacta de este viaje a Paraguay julio 2009.,2026-08-17,NO_CAMBIO (No_verificable)
2320-ARG-VEN-40036,TripStartDate,2009-08-11,(sin cambio),Busqueda en prensa,No se hallo cobertura especifica con fecha exacta de este viaje a Venezuela agosto 2009.,2026-08-17,NO_CAMBIO (No_verificable)
2320-ARG-USA-40077,TripStartDate;TripEndDate,2009-09-21;2009-09-25,(sin cambio),CFKArgentina; prensa (discurso 23/9/2009),Nuestra base parece tener el mismo viaje partido en dos registros (23/9 y 24-25/9). El discurso de CFK ante la 64 Asamblea General de la ONU fue el 23/9/2009; el rango completo de COLT (21-25/9) es mas consistente con una semana de Asamblea General que incluye llegada previa y actividades posteriores al discurso. [our_Trip_ID=209],2026-08-17,NO_CAMBIO (COLT_correcto)
2320-ARG-USA-40077,TripStartDate;TripEndDate,2009-09-21;2009-09-25,(sin cambio),CFKArgentina; prensa (discurso 23/9/2009),Nuestra base parece tener el mismo viaje partido en dos registros (23/9 y 24-25/9). El discurso de CFK ante la 64 Asamblea General de la ONU fue el 23/9/2009; el rango completo de COLT (21-25/9) es mas consistente con una semana de Asamblea General que incluye llegada previa y actividades posteriores al discurso. [our_Trip_ID=210],2026-08-17,NO_CAMBIO (COLT_correcto)
2320-ARG-IND-40099,TripStartDate;TripEndDate,2009-10-13;2009-10-15,(sin cambio),Busqueda en prensa,No se hallo cobertura especifica con fecha exacta de este viaje a India octubre 2009.,2026-08-17,NO_CAMBIO (No_verificable)
2320-ARG-VAT-40145,TripStartDate;TripEndDate,2009-11-28;2009-11-29,(sin cambio),Busqueda en prensa,No se hallo cobertura especifica con fecha exacta de este viaje al Vaticano noviembre 2009.,2026-08-17,NO_CAMBIO (No_verificable)
2320-ARG-PRT-40147,TripStartDate;TripEndDate,2009-11-30;2009-12-01,(sin cambio),Busqueda en prensa,No se hallo cobertura especifica con fecha exacta de este viaje a Portugal noviembre-diciembre 2009.,2026-08-17,NO_CAMBIO (No_verificable)
2320-ARG-URY-40156,TripStartDate,2009-12-09,(sin cambio),Busqueda en prensa,No se hallo cobertura especifica con fecha exacta de este viaje a Uruguay diciembre 2009.,2026-08-17,NO_CAMBIO (No_verificable)
2320-ARG-PER-40259,TripStartDate,2010-03-22,(sin cambio),Busqueda en prensa,No se hallo cobertura especifica con fecha exacta de este viaje a Peru marzo 2010.,2026-08-17,NO_CAMBIO (No_verificable)
2320-ARG-BOL-40263,TripEndDate,2010-03-27,(sin cambio),Busqueda en prensa,No se hallo cobertura especifica con fecha exacta de este viaje a Bolivia marzo 2010.,2026-08-17,NO_CAMBIO (No_verificable)
2320-ARG-BRA-40325,TripStartDate;TripEndDate,2010-05-27;2010-05-28,(sin cambio),Busqueda en prensa,No se hallo cobertura especifica con fecha exacta de este viaje a Brasil mayo 2010.,2026-08-17,NO_CAMBIO (No_verificable)
2320-ARG-CHN-40370,TripStartDate,2010-07-11,(sin cambio),Busqueda en prensa,No se hallo cobertura especifica con fecha exacta de llegada a China julio 2010 (Expo Shanghai).,2026-08-17,NO_CAMBIO (No_verificable)
2320-ARG-USA-40443,TripStartDate,2010-09-22,(sin cambio),Busqueda en prensa,"UNGA65 (discurso CFK 24/9/2010) confirmado, pero no se preciso con exactitud fecha de llegada (22 o 23/9).",2026-08-17,NO_CAMBIO (No_verificable)
2320-ARG-BRA-40529,TripEndDate,2010-12-18,(sin cambio),Busqueda en prensa,No se hallo cobertura especifica con fecha exacta de este viaje a Brasil diciembre 2010 (posible Cumbre Mercosur Foz do Iguacu).,2026-08-17,NO_CAMBIO (No_verificable)
2320-ARG-QAT-40562,TripStartDate;TripEndDate,2011-01-19;2011-01-20,(sin cambio),Busqueda en prensa,"No se hallo cobertura especifica con fecha exacta de este viaje a Qatar enero 2011 (no corresponde a Cumbre ASPA, que fue en 2009).",2026-08-17,NO_CAMBIO (No_verificable)
2320-ARG-ITA-40695,TripStartDate;TripEndDate,2011-06-01;2011-06-03,(sin cambio),Busqueda en prensa,No se hallo cobertura especifica con fecha exacta de este viaje a Italia mayo-junio 2011.,2026-08-17,NO_CAMBIO (No_verificable)
2320-ARG-AGO-41047,TripEndDate,2012-05-19,(sin cambio),Busqueda en prensa,No se hallo cobertura especifica con fecha exacta de este viaje a Angola mayo 2012.,2026-08-17,NO_CAMBIO (No_verificable)
2320-ARG-USA-41176,TripEndDate,2012-09-26,(sin cambio),Busqueda en prensa,UNGA67 confirmado en septiembre 2012 pero no se preciso fecha exacta de partida.,2026-08-17,NO_CAMBIO (No_verificable)
2320-ARG-PER-41183,TripEndDate,2012-10-03,(sin cambio),Busqueda en prensa,No se hallo cobertura especifica con fecha exacta de este viaje a Peru octubre 2012.,2026-08-17,NO_CAMBIO (No_verificable)
2320-ARG-ARE-41288,TripStartDate,2013-01-14,(sin cambio),Busqueda en prensa,No se hallo cobertura especifica con fecha exacta de este viaje a Emiratos Arabes enero 2013.,2026-08-17,NO_CAMBIO (No_verificable)
2320-ARG-PER-41382,TripEndDate,2013-04-19,(sin cambio),Busqueda en prensa,No se hallo cobertura especifica con fecha exacta de este viaje a Peru abril 2013.,2026-08-17,NO_CAMBIO (No_verificable)
2320-ARG-BOL-41459,TripEndDate,2013-07-05,(sin cambio),Busqueda en prensa,No se hallo cobertura especifica con fecha exacta de este viaje a Bolivia julio 2013.,2026-08-17,NO_CAMBIO (No_verificable)
2320-ARG-URY-41466,TripStartDate,2013-07-11,(sin cambio),Busqueda en prensa,No se hallo cobertura especifica con fecha exacta de este viaje a Uruguay julio 2013.,2026-08-17,NO_CAMBIO (No_verificable)
2320-ARG-BRA-41483,TripStartDate;TripEndDate,2013-07-28,(sin cambio),Busqueda en prensa,No se hallo cobertura especifica con fecha exacta de este viaje a Brasil julio 2013.,2026-08-17,NO_CAMBIO (No_verificable)
2320-ARG-PRY-41500,TripStartDate,2013-08-14,(sin cambio),ABC Color 'Llego Cristina Fernandez',"CFK arribo al aeropuerto Silvio Pettirossi de Asuncion el 14/8/2013 a las 20:30, vispera de la asuncion de Horacio Cartes (15/8).",2026-08-17,NO_CAMBIO (COLT_correcto)
2320-ARG-USA-41541,TripEndDate,2013-09-25,(sin cambio),CFKArgentina,"Discurso ante la 68 Asamblea General de la ONU confirmado el 24/9/2013, pero no se preciso fecha exacta de partida (24 o 25/9).",2026-08-17,NO_CAMBIO (No_verificable)
2320-ARG-CHL-41708,TripEndDate,2014-03-11,(sin cambio),Asuncion de Michelle Bachelet,"La asuncion de Michelle Bachelet como presidenta de Chile fue el 11 de marzo de 2014; la fecha de COLT incluye el dia real del evento, mientras la nuestra (10/3) lo excluye.",2026-08-17,NO_CAMBIO (COLT_correcto)
2320-ARG-VAT-41714,TripStartDate,2014-03-16,(sin cambio),Busqueda en prensa,No se hallo cobertura especifica con fecha exacta de este viaje al Vaticano marzo 2014.,2026-08-17,NO_CAMBIO (No_verificable)
2320-ARG-FRA-41717,TripStartDate;TripEndDate,2014-03-19;2014-03-21,(sin cambio),Busqueda en prensa,No se hallo cobertura especifica con fecha exacta de este viaje a Francia marzo 2014.,2026-08-17,NO_CAMBIO (No_verificable)
2320-ARG-VEN-41849,TripEndDate,2014-07-30,(sin cambio),Busqueda en prensa,No se hallo cobertura especifica con fecha exacta de este viaje a Venezuela julio 2014.,2026-08-17,NO_CAMBIO (No_verificable)
2320-ARG-PRY-41864,TripEndDate,2014-08-14,(sin cambio),Busqueda en prensa,No se hallo cobertura especifica con fecha exacta de este viaje a Paraguay agosto 2014.,2026-08-17,NO_CAMBIO (No_verificable)
2320-ARG-CHN-42038,TripStartDate;TripEndDate,2015-02-03;2015-02-06,(sin cambio),Busqueda en prensa,No se hallo cobertura especifica con fecha exacta de este viaje a China febrero 2015.,2026-08-17,NO_CAMBIO (No_verificable)
2320-ARG-PRY-42197,TripEndDate,2015-07-13,(sin cambio),Busqueda en prensa,No se hallo cobertura especifica con fecha exacta de este viaje a Paraguay julio 2015.,2026-08-17,NO_CAMBIO (No_verificable)
2320-ARG-BRA-42202,TripStartDate;TripEndDate,2015-07-17,(sin cambio),Busqueda en prensa,No se hallo cobertura especifica con fecha exacta de este viaje a Brasil julio 2015 (posible Cumbre Mercosur Brasilia).,2026-08-17,NO_CAMBIO (No_verificable)
3169-ARG-ITA-42427,TripEndDate,2016-02-28,(sin cambio),"El Cronista, El Intransigente, Infobae (27/2/2016)","Macri se reunio con el PM Renzi y el presidente Mattarella en Italia el 27/2 tras la audiencia papal, y regreso a Buenos Aires el domingo 28/2/2016 (varias fuentes coinciden). Nuestra fecha de fin (27) no contempla el dia de regreso.",2026-08-17,NO_CAMBIO (COLT_correcto)
3169-ARG-COL-42535,TripStartDate,2016-06-14,(sin cambio),Cancilleria de Colombia (comunicado); Infobae 14/6/2016,"Macri llego a Bogota la noche del martes 14/6/2016 (aeropuerto Catam), un dia antes de la Visita de Estado formal del 15/6. COLT capta correctamente la llegada; nuestra base la omite.",2026-08-17,NO_CAMBIO (COLT_correcto)
3169-ARG-VAT-42658,TripEndDate,2016-10-16,(sin cambio),Infobae (14 y 16/10/2016); La Nacion,"Macri llego a Roma el 14/10 (dia libre), la audiencia con el Papa fue el sabado 15/10/2016, y las notas de prensa sobre su regreso a la Argentina estan fechadas 16/10, lo que sugiere que el regreso ocurrio ese dia. Nuestra fecha de fin (15) no contempla el dia de regreso.",2026-08-17,NO_CAMBIO (COLT_correcto)
3169-ARG-USA-43367,TripEndDate,2018-09-26,(sin cambio),"Infobae (22-24/9/2018), Diario de Cuyo (27/9/2018)","El anuncio del nuevo acuerdo con el FMI (reunion con Lagarde) se dio en el marco del viaje a la ONU en Nueva York, con la conferencia de prensa en Casa Rosada reportada el 27/9, lo que sugiere que la agenda en EEUU se extendio hasta el 26/9 y no concluyo el 25/9 como registra nuestra base.",2026-08-17,NO_CAMBIO (COLT_correcto)
3670-ARG-USA-45185,TripStartDate,2023-09-16,(sin cambio),"Diario de Cuyo, Puntal (16/9/2023): ""Alberto Fernandez dejo Cuba y se dirige a Nueva York""","Fernandez partio de Cuba rumbo a Nueva York el 16/9/2023 (confirmado por multiples medios fechados ese dia), dando su ultimo discurso ante la Asamblea General de la ONU el martes 19/9. Nuestra fecha de inicio (18) no contempla la llegada real a Nueva York.",2026-08-17,NO_CAMBIO (COLT_correcto)
4053-ARG-ISR-45328,TripEndDate,2024-02-09,(sin cambio),"Infobae, Ambito, Radio JAI (febrero 2024)","Milei realizo una 'gira oficial de tres dias' en Israel (6, 7 y 8 de febrero: Muro de los Lamentos, Netanyahu, y el 8/2 kibutz Nir Oz/Yad Vashem/Herzog), viajando a Roma el 9/2/2024. La fecha de fin de COLT (9/2) coincide con el dia de partida hacia Italia; nuestra fecha de fin (8/2) no contempla ese ultimo dia en el pais.",2026-08-17,NO_CAMBIO (COLT_correcto)
4053-ARG-ITA-45334,TripEndDate,2024-02-13,(sin cambio),"LA NACION, ACI Prensa, France24, Emol (12-13/2/2024)","La audiencia privada con el Papa Francisco fue el lunes 12/2/2024 (tras la canonizacion de Mama Antula el 11/2), y la prensa confirma que Milei 'regreso' a la Argentina el martes 13/2/2024, cerrando la gira Israel-Italia-Vaticano iniciada el 5/2. La fecha de fin de COLT (13/2) tiene sustento; la nuestra (12/2) no contempla el dia de regreso.",2026-08-17,NO_CAMBIO (COLT_correcto)
4053-ARG-USA-45391,TripStartDate;TripEndDate,2024-04-09;2024-04-12,(sin cambio),"Infobae, LA NACION, El Financiero (abril 2024)","Milei partio de Ezeiza el martes 9/4/2024 a las 22:40, con agenda en Miami el 10-11/4 (distincion de la comunidad judia, disertacion en FIU) y la reunion con Elon Musk en la planta de Tesla en Austin el 12/4. El rango de COLT (9-12/4) cubre correctamente todo el viaje; nuestra base solo registra el ultimo dia (Austin), omitiendo los dias en Miami.",2026-08-17,NO_CAMBIO (COLT_correcto)
4053-ARG-USA-45439,TripStartDate;TripEndDate,2024-05-27;2024-05-31,(sin cambio),"CNN en Espanol, Vision360, El Litoral, Chequeado (""viaje de 6 dias a San Francisco... del 27 de mayo al 2 de junio"")","Milei realizo un viaje de EEUU (San Francisco) a El Salvador del 27/5 al 2/6/2024: reunion con Sam Altman (28/5), discurso en Stanford/Hoover Institution y reuniones con Google/Apple/Meta (29/5), reunion con Elon Musk (30/5), partiendo a El Salvador el 31/5 para la asuncion de Bukele. El rango de COLT (27-31/5) coincide con la estadia real en EEUU; nuestra base (28-30) omite los extremos.",2026-08-17,NO_CAMBIO (COLT_correcto)
4053-ARG-USA-45484,TripStartDate,2024-07-11,(sin cambio),"Perfil, LA NACION, BAE Negocios (conferencia Allen & Co. Sun Valley)",Milei asistio a la conferencia Allen & Company en Sun Valley del 11 al 14 de julio de 2024. Nuestra fecha de inicio (12/7) omite el primer dia.,2026-08-17,NO_CAMBIO (COLT_correcto)
4053-ARG-FRA-45497,TripStartDate,2024-07-24,(sin cambio),"El Cronista, Filo News, Infobae (julio 2024)","Milei viajo a Paris el miercoles 24/7/2024 y permanecio hasta el sabado 27/7 (regreso), con la reunion con Macron y la apertura de los Juegos Olimpicos el viernes 26/7. Nuestra fecha de inicio (25/7) omite el dia de llegada (24/7).",2026-08-17,NO_CAMBIO (COLT_correcto)
4053-ARG-CHE-45678,TripStartDate;TripEndDate,2025-01-21;2025-01-24,(sin cambio),"Infobae (22/1/2025): ""Que es el Foro de Davos y a que hora dara su discurso Javier Milei""","Confirmado: Milei dio su discurso en Davos el jueves 23/1/2025 a las 10:15 (Suiza), y el viernes 24/1/2025 recibio el Premio Ropke en Kloten, 'antes de regresar a Buenos Aires con una breve escala en Brasil'. El rango de COLT (21-24/1) tiene sustento directo en la fecha de cierre (24/1); nuestra fecha de fin (23/1) no contempla el dia del Premio Ropke.",2026-08-17,NO_CAMBIO (COLT_correcto)
4053-ARG-USA-45749,TripStartDate,2025-04-02,(sin cambio),"Diario de Cuyo (1/4/2025): ""En el tramo final de la negociacion con el FMI, Milei y Caputo viajaran a Estados Unidos""","Solo se hallo un anuncio previo (1/4/2025) del viaje relacionado con la negociacion del FMI, sin confirmacion posterior de la fecha exacta de llegada/agenda (2 o 3 de abril). Se agoto el presupuesto de busqueda web de la sesion antes de poder confirmar con una segunda fuente independiente; se recomienda verificacion manual adicional.",2026-08-17,NO_CAMBIO (No_verificable)
4053-ARG-ITA-45772,TripStartDate;TripEndDate,2025-04-25;2025-04-27,(sin cambio),"Wikipedia (en) ""Death and funeral of Pope Francis""","Se confirmo que el funeral (evento central) fue el 26/4/2025, y es probable que la llegada a Roma/Italia haya sido el 25/4 (ver item Vaticano). Sin embargo no se pudo confirmar con una fuente especifica si la comitiva de Milei permanecio en Italia hasta el 27/4 (COLT) o partio el mismo 26/4 (nuestra base), dado el agotamiento del presupuesto de busqueda web de la sesion. Se recomienda verificacion manual.",2026-08-17,NO_CAMBIO (No_verificable)
4053-ARG-ESP-45816,TripStartDate,2025-06-08,(sin cambio),N/A,"No se pudo verificar de forma independiente la fecha exacta de inicio de esta etapa (Espana) de la gira de junio 2025 (que continuo por Francia -Niza, reunion con Macron- e Israel) debido al agotamiento del presupuesto de busqueda web de la sesion. Se recomienda verificacion manual adicional; ver el item Israel (ISR-45817) de la misma gira, que si pudo confirmarse con una fuente directa.",2026-08-17,NO_CAMBIO (No_verificable)
4053-ARG-USA-45903,TripStartDate;TripEndDate,2025-09-03;2025-09-06,(sin cambio),N/A,No se hallo informacion especifica sobre este viaje de principios de septiembre de 2025 (distinto del viaje a la ONU de fines de mes) debido al agotamiento del presupuesto de busqueda web de la sesion. Se recomienda verificacion manual adicional.,2026-08-17,NO_CAMBIO (No_verificable)
4053-ARG-USA-45943,TripStartDate,2025-10-13,(sin cambio),N/A,No se hallo informacion especifica sobre este viaje de octubre de 2025 debido al agotamiento del presupuesto de busqueda web de la sesion. Se recomienda verificacion manual adicional.,2026-08-17,NO_CAMBIO (No_verificable)
4053-ARG-NOR-46000,TripEndDate,2025-12-10,(sin cambio),"N/A (hipotesis no confirmada: posible coincidencia con la ceremonia del Premio Nobel de la Paz en Oslo, tradicionalmente el 10/12)","No se pudo confirmar el motivo ni el itinerario exacto de este viaje a Noruega debido al agotamiento del presupuesto de busqueda web de la sesion. Se observa que el 10/12 es la fecha tradicional de la ceremonia del Premio Nobel de la Paz en Oslo, lo que podria explicar el viaje, pero esto no pudo verificarse de forma independiente. Se recomienda verificacion manual prioritaria.",2026-08-17,NO_CAMBIO (No_verificable)
