TripID,tipo,campo,valor_viejo,valor_nuevo_o_destino,fuente,justificacion
898-VEN-ARG-35008,correccion,CityVisited,,Buenos Aires,https://en.wikipedia.org/wiki/Group_of_15,"El campo estaba vacío. La 5ta Cumbre del G-15 (5-7 noviembre 1995) se realizó en Buenos Aires, presidida por Carlos Menem. La fecha de viaje registrada (5-6 nov) coincide con el inicio del evento."
898-VEN-BOL-35311,correccion,CityVisited,,Cochabamba,Search Query: Grupo de Río cumbre Cochabamba Bolivia septiembre 1996 fechas presidentes declaración,"El campo estaba vacío. La Cumbre del Grupo de Río de 1996 se realizó en Cochabamba, Bolivia, en fechas coincidentes (principios de septiembre 1996) con las registradas en el trip (3-4 sep)."
898-VEN-BOL-35541,correccion,CityVisited,,Sucre,http://www.sice.oas.org/Trade/Junac/IXacta_s.asp,"El campo estaba vacío. El IX Consejo Presidencial Andino (Acta de Sucre) se celebró en Sucre, Bolivia, el 22-23 de abril de 1997. La fecha de llegada registrada (21 abril) es consistente con arribo un día antes del evento."
898-VEN-BRA-34585,correccion,CityVisited,,Rio de Janeiro,http://www.summit-americas.org/Rio%20Group/DEC-Rio.htm,"El campo estaba vacío. La VIII Cumbre del Grupo de Río de 1994 fue organizada por el presidente brasileño Itamar Franco en Rio de Janeiro, coincidiendo con el país y año del registro."
898-VEN-CHL-35379,correccion,CityVisited,,Santiago y Viña del Mar,https://segib.org/?summit=vi-cumbre-iberoamericana-santiago-y-vina-del-mar-1996,"El campo estaba vacío. La VI Cumbre Iberoamericana se realizó en Santiago y Viña del Mar, Chile, el 10 y 11 de noviembre de 1996 (fuente oficial SEGIB), coincidiendo exactamente con las fechas registradas en el trip (1996-11-10 a 1996-11-11)."
898-VEN-CHL-35902,correccion,CityVisited,,Santiago,https://clinton.presidentiallibraries.us/items/show/94223,"El campo estaba vacío. La II Cumbre de las Américas se celebró en Santiago de Chile el 18-19 de abril de 1998. El trip registra llegada el 17 de abril, un día antes del inicio oficial."
898-VEN-COL-34498,correccion,AttendedMultilatEvent,No,Yes,https://segib.org/?summit=iv-cumbre-iberoamericana-1994,"El registro dice 'No', pero las propias Notes del trip mencionan la firma del G-3 y la '4th Iber-American Summit'. Fuente oficial SEGIB confirma que la IV Cumbre Iberoamericana se realizó en Cartagena de Indias, Colombia, el 14-15 de junio de 1994, coincidiendo con las fechas del viaje (13-15 junio 1994)."
898-VEN-COL-34498,correccion,NameMultilatEvent,,IV Cumbre Iberoamericana,https://segib.org/?summit=iv-cumbre-iberoamericana-1994,"El campo estaba vacío pese a que el viaje corresponde, según fuente oficial SEGIB, a la IV Cumbre Iberoamericana (Cartagena de Indias, 14-15 junio 1994), coincidente con la firma del tratado de libre comercio del G-3 mencionada en las Notes originales."
898-VEN-COL-34498,correccion,CityVisited,,Cartagena de Indias,https://segib.org/?summit=iv-cumbre-iberoamericana-1994,"El campo estaba vacío. La IV Cumbre Iberoamericana y la firma del G-3 tuvieron lugar en Cartagena de Indias, Colombia."
898-VEN-COL-34498,correccion,Notes,Signing of trade agreement between G-3 and 4th Iber-American Summit;attended Cultural Capital of Europe 1985 Celebration [PE-Latam 2026-09-05: AttendedMultilatEvent corregido de 'No' a 'Yes'. Fuente: https://segib.org/?summit=iv-cumbre-iberoamericana-1994] [PE-Latam 2026-09-05: NameMultilatEvent corregido de '' a 'IV Cumbre Iberoamericana'. Fuente: https://segib.org/?summit=iv-cumbre-iberoamericana-1994] [PE-Latam 2026-09-05: CityVisited corregido de '' a 'Cartagena de Indias'. Fuente: https://segib.org/?summit=iv-cumbre-iberoamericana-1994],"Signing of the G-3 free trade agreement (Colombia, Mexico, Venezuela) and attendance at the IV Ibero-American Summit in Cartagena de Indias",https://segib.org/?summit=iv-cumbre-iberoamericana-1994,"La nota original incluye la frase 'attended Cultural Capital of Europe 1985 Celebration', un dato inconexo y anacrónico (el programa 'Capital Europea de la Cultura' de 1985 corresponde a Atenas y no guarda relación con este viaje), que aparenta ser un error de copia/pegado de otro registro. Se limpia el texto manteniendo solo los hechos verificados."
898-VEN-COL-34948,correccion,CityVisited,,Bogotá,https://es.wikipedia.org/wiki/Anexo:Viajes_internacionales_del_presidente_Rafael_Caldera,"El campo estaba vacío. Según el anexo de viajes internacionales de Caldera (fuente primaria citada: Fundación Empresas Polar, Diccionario de Historia de Venezuela), el 6 de septiembre de 1995 Caldera se reunió con el presidente Ernesto Samper en Bogotá, coincidiendo exactamente con la fecha del trip."
898-VEN-ECU-34946,correccion,CityVisited,,Quito,Search Query: Declaración de Quito Grupo de Río septiembre 1995 fecha,"El campo estaba vacío. La Declaración de Quito del Grupo de Río está fechada 4-5 de septiembre de 1995, coincidiendo exactamente con las fechas del trip."
898-VEN-ECU-35889,correccion,CityVisited,,Guayaquil,https://www.comunidadandina.org/notas-de-prensa/cumbre-de-presidentes-andinos-para-consolidar-el-proceso-de-integracion/,"El campo estaba vacío. El X Consejo Presidencial Andino (Acta de Guayaquil) se celebró en Guayaquil, Ecuador, el 4-5 de abril de 1998, coincidiendo exactamente con las fechas del trip."
898-VEN-FRA-35874,correccion,CityVisited,,Paris,https://es.wikipedia.org/wiki/Anexo:Viajes_internacionales_del_presidente_Rafael_Caldera,"El campo estaba vacío. Fuente AFP ('France: Paris: Venezuelan president meets Chirac', 20 marzo 1998) confirma que la reunión con Chirac ocurrió en París, coincidiendo con la fecha de inicio del trip (20 de marzo de 1998)."
898-VEN-PAN-34578,correccion,Notes,Attended inauguration of President Guillermo Endara,Attended inauguration of President Ernesto Pérez Balladares,https://en.wikipedia.org/wiki/Ernesto_P%C3%A9rez_Balladares,"El registro original dice que Caldera asistió a la 'inauguración del Presidente Guillermo Endara', pero Endara era el presidente saliente de Panamá (1989-1994), no el que asumía el cargo. El presidente inaugurado el 1 de septiembre de 1994 fue Ernesto Pérez Balladares, ganador de la elección de mayo de 1994."
898-VEN-PAN-36043,correccion,NameMultilatEvent,Rio Group Summit;President Ernesto Zedillo;President Andres Pastrana,Rio Group Summit,https://www.eltiempo.com/archivo/documento/MAM-799020,"El campo original mezcla el nombre del evento con nombres de mandatarios ('Rio Group Summit;President Ernesto Zedillo;President Andres Pastrana'), lo cual no es un valor limpio de un solo campo. Se confirma que la Cumbre de Panamá del Grupo de Río se realizó el 4-5 de septiembre de 1998 (Declaración de Ciudad de Panamá), coincidiendo con el país/fecha del trip. Los nombres de otros mandatarios mencionados deberían figurar, si se confirman, en el campo NonhostHOGSNames y no en el nombre del evento."
898-VEN-PRT-36085,correccion,CityVisited,,Porto,https://segib.org/?summit=viii-cumbre-iberoamericana-1998,"El campo estaba vacío. Fuente oficial SEGIB confirma que la VIII Cumbre Iberoamericana se celebró en Porto (Oporto), Portugal, el 17-18 de octubre de 1998, coincidiendo exactamente con las fechas del trip."
898-VEN-TTO-34928,correccion,CityVisited,,Port of Spain,https://www.acs-aec.org/en/article/new-era-regional-cooperation-birth-association-caribbean-states,"El campo estaba vacío. La I Cumbre de la Asociación de Estados del Caribe (ACS) se celebró en Port of Spain, Trinidad y Tobago, el 17-18 de agosto de 1995, coincidiendo exactamente con las fechas del trip."
898-VEN-USA-34677,correccion,CityVisited,,Miami,https://en.wikipedia.org/wiki/1st_Summit_of_the_Americas,"El campo estaba vacío. La Primera Cumbre de las Américas se celebró en Miami, Florida, el 9-11 de diciembre de 1994, coincidiendo con la fecha de inicio del trip."
898-VEN-USA-35954,correccion,NameMultilatEvent,United Nations (UN) General Assembly,UN General Assembly Special Session on the World Drug Problem (UNGASS),https://press.un.org/en/1998/19980610.ga9423.html,"El registro dice genéricamente 'United Nations (UN) General Assembly', pero la Asamblea General ordinaria nunca sesiona en junio. Fuente primaria de Naciones Unidas confirma que del 8 al 10 de junio de 1998 se celebró en Nueva York el vigésimo período extraordinario de sesiones de la Asamblea General, dedicado al problema mundial de las drogas, coincidiendo con la fecha del trip (8 de junio de 1998)."
898-VEN-VAT-34824,correccion,CityVisited,,Vatican City,Search Query: Rafael Caldera Vaticano beatificación María de San José mayo 1995,"El campo estaba vacío; dado que CountryVisited es 'Holy See', la ciudad correspondiente es la Ciudad del Vaticano."
898-VEN-BRA-35204,no_verificable,TripStartDate/TripEndDate,,,,
898-VEN-BRA-35531,no_verificable,TripStartDate/TripEndDate,,,,
898-VEN-VAT-34824,no_verificable,TripStartDate/TripEndDate,,,,
898-VEN-NIC-35780,no_verificable,TripStartDate/HostHOGSName,,,,
898-VEN-PER-34907,no_verificable,CulturalSiteOrCeremony/TripStartDate,,,,
898-VEN-CHE-35947,no_verificable,TripStartDate/HostHOGSName,,,,
PELATAM-VEN-1,hallazgo_nuevo,,,Mexico,https://re.sre.gob.mx/rmpe/index.php/rmpe/article/download/1141/1078/1123,"Viaje real de Rafael Caldera a México, del 5 al 8 de febrero de 1997, ausente del archivo COLT para este LeaderID/rango de fechas. Confirmado por la cronología oficial de política exterior de México (SRE) y corroborado independientemente por el anexo de viajes internacionales de Caldera en Wikipedia (que a su vez cita la Fundación Empresas Polar)."
1383-VEN-CUB-36479,correccion,AttendedMultilatEvent,No,Yes,https://www.npr.org/1999/11/17/1066730/ibero-american-summit,"El viaje a Cuba del 15 al 18 de noviembre de 1999 coincide exactamente con la IX Cumbre Iberoamericana, celebrada en La Habana el 15-16 de noviembre de 1999, a la que Chávez asistió junto a Castro y otros jefes de Estado iberoamericanos. El juego de béisbol con Castro (18 nov) ocurrió al cierre de la misma visita. COLT registra 'No' para AttendedMultilatEvent, lo cual omite el evento multilateral que motivó/enmarcó el viaje."
1383-VEN-CUB-36479,correccion,NameMultilatEvent,,IX Cumbre Iberoamericana,https://www.cbsnews.com/news/cuba-hosts-latin-leaders,"Nombre del evento multilateral que coincidió con las fechas del viaje (La Habana, 15-16 de noviembre de 1999), confirmado por archivo de la cumbre y cobertura de prensa de la época."
1383-VEN-FRA-36459,correccion,NameMultilatEvent,Shanghai Cooperation Organization (SCO) Summit,,"Search Query: ""Shanghai Cooperation Organization founding date June 2001""","COLT indica que Chávez asistió a la 'Shanghai Cooperation Organization (SCO) Summit' en Francia el 26-28 de octubre de 1999. Esto es cronológicamente imposible: la Organización de Cooperación de Shanghái (OCS) recién fue fundada en junio de 2001 en Shanghái, dos años después de la fecha registrada, y nunca ha celebrado cumbres en Francia. Se trata de un error de carga de datos (posible copia/pegado de otro registro)."
1383-VEN-FRA-36459,correccion,AttendedMultilatEvent,Yes,No,"Search Query: ""Shanghai Cooperation Organization founding date June 2001""","Consecuencia directa de la corrección anterior: al ser imposible que la Cumbre de la OCS haya ocurrido en 1999, no puede sostenerse que Chávez la haya 'atendido'. No se halló evidencia independiente de que el viaje registrado como 'Francia' incluyera asistencia a un evento multilateral real en esas fechas."
1383-VEN-MEX-36308,correccion,MetHostHoGS,No,Yes,https://diplomaciapresidencial.com/general/xiii-cumbre-del-grupo-de-rio-g-rio/,"La XIII Cumbre del Grupo de Río se celebró el 28 de mayo de 1999 en Veracruz/Ciudad de México, y fue el propio presidente anfitrión, Ernesto Zedillo, quien recibió a Hugo Chávez y a los demás mandatarios asistentes. COLT registra 'No' para MetHostHoGS y deja HostHOGSName vacío, lo cual contradice el hecho de que el jefe de Estado anfitrión (Zedillo) recibió personalmente a los visitantes."
1383-VEN-MEX-36308,correccion,HostHOGSName,,President Ernesto Zedillo,https://diplomaciapresidencial.com/general/xiii-cumbre-del-grupo-de-rio-g-rio/,"Ernesto Zedillo era el presidente de México (anfitrión de la XIII Cumbre del Grupo de Río, Veracruz, 28 de mayo de 1999) y recibió a Chávez en dicha cumbre."
1383-VEN-SGP-36453,correccion,Notes,Also met President Sellapa Rama Nathan,Also met President S.R. Nathan (Sellapan Ramanathan),"Search Query: ""S R Nathan sworn in President of Singapore September 1999""","El nombre en el campo Notes ('President Sellapa Rama Nathan') contiene un error tipográfico. El presidente de Singapur en esa fecha (asumió el 1 de septiembre de 1999) era Sellapan Ramanathan, conocido como S.R. Nathan, no 'Sellapa Rama Nathan'."
1383-VEN-FRA-36459,no_verificable,CountryVisited / HostHOGSName,,,,
1383-VEN-BOL-36766,no_verificable,Todo el registro (viaje a Bolivia 28-29 agosto 2000),,,,
1383-VEN-PAN-36387,no_verificable,Todo el registro (viaje a Panamá 15 agosto 1999),,,,
1383-VEN-COL-36306,no_verificable,MetHostHoGS,,,,
1383-VEN-MEX-37336,correccion,NameMultilatEvent,United Nations (UN) General Assembly,International Conference on Financing for Development,https://www.un.org/webcast/ffd/2002/statements/venezuelaE.htm ; https://www.un.org/webcast/ffd/2002/pressrel/22c.htm,"El evento multilateral en Monterrey, México, los días 21-22 de marzo de 2002 fue la Conferencia Internacional sobre la Financiación para el Desarrollo (Consenso de Monterrey), celebrada del 18 al 22 de marzo de 2002 en el Cintermex. No fue una sesión de la Asamblea General de la ONU (esa se celebra en Nueva York, no en México). Chávez participó como Presidente del G-77 y criticó los compromisos de AOD. COLT registró incorrectamente el nombre del evento."
1383-VEN-AUT-37181,no_verificable,TripStartDate / CountryVisited,,,,
1383-VEN-PRT-37181,no_verificable,TripStartDate / TripEndDate,,,,
1383-VEN-IRN-37184,no_verificable,SourceLink1 / evento,,,,
1383-VEN-NLD-37317,no_verificable,CountryVisited / NameMultilatEvent,,,,
1383-VEN-SLV-37590,no_verificable,Notes / asistencia confirmada,,,,
1383-VEN-FRA-37544,no_verificable,BusinessLeaderOrForum / Notes,,,,
1383-VEN-CUB-37445,no_verificable,Notes / evento,,,,
1383-VEN-MOZ-37504,no_verificable,evento / fuente,,,,
1383-VEN-CUB-37864,no_verificable,TripStartDate/TripEndDate,,,,
1383-VEN-CUB-38000,no_verificable,TripStartDate,,,,
1383-VEN-ARG-38383,no_verificable,NameMultilatEvent,,,,
1383-VEN-COL-37799,no_verificable,NameMultilatEvent,,,,
1383-VEN-COL-38300,no_verificable,TripStartDate,,,,
1383-VEN-PRY-37847,no_verificable,TripStartDate/TripEndDate,,,,
1383-VEN-PRY-38696,no_verificable,TripStartDate,,,,
1383-VEN-QAT-38320,no_verificable,TripStartDate/TripEndDate,,,,
1383-VEN-USA-37637,no_verificable,TripStartDate,,,,
1383-VEN-URY-37849,no_verificable,TripStartDate,,,,
1383-VEN-AUT-38848,correccion,NameMultilatEvent,European Council-Community of Latin American and Caribbean States (CELAC) Summit,European Union-Latin America and Caribbean (EU-LAC) Summit,"https://www.bmeia.gv.at (Bundesministerium fuer Europa, Integration und Aeusseres, Austria) 'Declaration of Vienna - IV EU-LAC Summit', 12 de mayo de 2006; https://en.wikipedia.org/wiki/European_Union,_Latin_America_and_the_Caribbean_Summit; Real Instituto Elcano, 'The Vienna Summit between Latin America/the Caribbean and the EU', 3 de julio de 2006","COLT registra el evento como 'European Council-Community of Latin American and Caribbean States (CELAC) Summit', pero CELAC (Comunidad de Estados Latinoamericanos y Caribeños) recien fue fundada en 2010-2011, por lo que no pudo existir en mayo de 2006. El evento real fue la IV Cumbre Union Europea-America Latina y el Caribe (EU-LAC), celebrada en Viena, Austria, el 11-12 de mayo de 2006, con la Declaracion de Viena como documento final. Las fechas de viaje (11-13 mayo 2006) son correctas."
1383-VEN-GBR-38851,correccion,TripEndDate,2006-05-15,2006-05-16,"MercoPress, 'President Chavez on private political visit to London', 12 de mayo de 2006 (en.mercopress.com); 'Chavez comes to London!', marxist.com, mayo de 2006 (menciona actos el 'Monday and Tuesday 15/16 May')","COLT registra el viaje a Londres como 14-15 de mayo de 2006 (duracion 2), pero fuentes de prensa de la epoca indican que fue una visita 'privada' de tres dias que comenzo el domingo 14 de mayo y se extendio hasta el martes 16 de mayo de 2006, con actos publicos junto al alcalde Ken Livingstone los dias 15 y 16."
1383-VEN-GBR-38851,correccion,TripDuration,2,3,"MercoPress, 'President Chavez on private political visit to London', 12 de mayo de 2006 (en.mercopress.com)","Consecuencia directa de la correccion de TripEndDate a 2006-05-16: la visita a Londres duro 3 dias (14, 15 y 16 de mayo de 2006), no 2."
1383-VEN-IRN-39405,correccion,Notes,Met with President Rafael Correa,,"Wilson Center, 'Iran in Latin America' (informe); Critical Threats, 'Ecuador Iran Foreign Relations' (menciona reunion Correa-Ahmadinejad en Teheran en diciembre de 2007, no en noviembre); Tehran Times, 'Chavez, Morales, Correa bypass U.S. in deals with Iran, China'","El campo Notes afirma 'Met with President Rafael Correa' durante la escala de Chavez en Teheran el 19 de noviembre de 2007, pero esto es inconsistente con el propio registro de COLT, que marca MetNonhostHOGS='No' y NonhostHOGSNames en blanco para este mismo viaje. La investigacion no encontro evidencia de que Correa estuviera en Teheran ese dia; las fuentes indican que la visita de Correa a Ahmadinejad en Teheran ocurrio en diciembre de 2007, en un viaje separado, y que la escala de Chavez en Teheran el 19 de noviembre de 2007 fue una parada de cinco horas dentro de su gira Riad-Teheran-Paris. Se recomienda vaciar el campo Notes por ser una afirmacion no verificada y contradictoria con otros campos del mismo registro."
1383-VEN-BRA-38833,no_verificable,NameMultilatEvent,,,,
1383-VEN-BRA-39345,no_verificable,NonhostHOGSNames,,,,
1383-VEN-NIC-39152,no_verificable,TripStartDate,,,,
1383-VEN-CUB-40158,correccion,TripStartDate,2009-12-11,2009-12-13,https://rebelion.org/declaracion-final-de-la-viii-cumbre-del-alba/,"Múltiples fuentes de prensa coinciden en que la VIII Cumbre del ALBA (celebrando el 5to aniversario del mecanismo) se realizó en La Habana los días 13 y 14 de diciembre de 2009, no del 11 al 13 como indica COLT."
1383-VEN-CUB-40158,correccion,TripEndDate,2009-12-13,2009-12-14,https://rebelion.org/declaracion-final-de-la-viii-cumbre-del-alba/,"La VIII Cumbre del ALBA concluyó el 14 de diciembre de 2009; una de las fuentes originales de COLT (nota sobre acuerdos Venezuela-Cuba por 3.200 millones de dólares) está fechada el 14 de diciembre, consistente con el cierre de la cumbre ese día."
1383-VEN-DZA-40058,correccion,TripEndDate,2009-09-02,2009-09-03,Search Query: Chavez sale de Argelia 3 septiembre 2009 rumbo Damasco gira Libia Argelia Siria,"Según reportes de la gira de Chávez por el Magreb y Medio Oriente, salió de Argelia el 3 de septiembre de 2009 rumbo a Damasco, lo que indica que la visita a Argelia se extendió del 2 al 3 de septiembre, no un único día (2 de septiembre) como indica COLT."
1383-VEN-SYR-40059,correccion,TripStartDate,2009-09-03,2009-09-04,https://www.voanews.com/a/venezuelas-chavez-visits-syria-105448053/164122.html,"Fuentes independientes (VOA News, Al Jazeera) confirman que Chávez llegó a Damasco y fue recibido por Bashar al-Assad el viernes 4 de septiembre de 2009, no el 3 de septiembre como indica COLT."
1383-VEN-SYR-40059,correccion,TripEndDate,2009-09-03,2009-09-04,https://www.voanews.com/a/venezuelas-chavez-visits-syria-105448053/164122.html,"La visita a Siria fue de un solo día (4 de septiembre de 2009), según las mismas fuentes que documentan la llegada a Damasco."
1383-VEN-NIC-39463,correccion,TripStartDate,2008-01-16,2008-01-15,https://www.laprensa.hn/honduras/chavez-concluye-gira-por-centroamerica-ESLP683766,"Fuentes de prensa (La Prensa de Honduras, Aporrea) indican que Chávez concluyó su gira centroamericana (Guatemala 14/1, Honduras y Nicaragua) precisamente el martes 15 de enero de 2008, coincidiendo con la inauguración de la serie final de béisbol junto a Daniel Ortega en Managua, no el 16 de enero como indica COLT."
1383-VEN-NIC-39463,correccion,TripEndDate,2008-01-16,2008-01-15,https://www.aporrea.org/actualidad/n107598.html,"La visita a Nicaragua fue de un solo día (15 de enero de 2008), día en que concluyó la gira centroamericana."
1383-VEN-COL-39837,correccion,CityVisited,,Cartagena,Search Query: Uribe Chavez reunion bilateral 24 enero 2009 Cartagena,"La reunión bilateral Chávez-Uribe del 24 de enero de 2009 tuvo lugar en Cartagena de Indias, dato que en COLT figura vacío."
1383-VEN-CUB-39514,no_verificable,TripStartDate,,,,
1383-VEN-CUB-40141,no_verificable,TripStartDate,,,,
1383-VEN-BOL-40010,no_verificable,TripStartDate,,,,
1383-VEN-BRA-39959,no_verificable,TripStartDate,,,,
1383-VEN-NIC-39993,no_verificable,TripStartDate,,,,
1383-VEN-PER-39584,no_verificable,TripStartDate,,,,
1383-VEN-PRT-39652,no_verificable,TripStartDate,,,,
1383-VEN-TKM-40062,no_verificable,TripStartDate,,,,
PELATAM-VEN-2,hallazgo_nuevo,,,Brazil,Search Query: Chavez Lula Brasilia 28 abril 2009 acuerdo mineria,"Se encontró referencia a una reunión entre Chávez y Lula da Silva en Brasilia el 28 de abril de 2009 con firma de acuerdos (incluyendo minería), evento que no aparece en el archivo de entrada. Podría tratarse de un viaje adicional de Chávez a Brasil no capturado por COLT, o de una confusión de fecha con el viaje BRA-39959 (26 de mayo de 2009), que no pudo confirmarse independientemente. Se recomienda verificación adicional con fuentes primarias antes de incorporarlo definitivamente a la base."
1383-VEN-CUB-40283,correccion,CityVisited,,Havana,"Xinhua General News Service, 'Venezuelan president arrives in Havana for visit', 15 April 2010 (fuente ya citada en el propio registro COLT)",Todos los viajes médicos y bilaterales de Chávez a Cuba en este período se realizaron en La Habana (sede del aeropuerto José Martí y del CIMEQ); el campo está vacío en COLT.
1383-VEN-CUB-40415,correccion,CityVisited,,Havana,"Búsqueda web: 'Chávez Cuba agosto 25 2010 Castro' (deccanherald.com, univision.com)",Reunión de Chávez con Fidel y Raúl Castro en La Habana el 25 de agosto de 2010.
1383-VEN-CUB-40489,correccion,CityVisited,,Havana,"Búsqueda web: 'Chávez viaje Cuba noviembre 2010' (eleconomista.es, lanacion.com.ar)",Visita oficial a La Habana por el 10º aniversario del Acuerdo Integral de Cooperación; despedida en el aeropuerto José Martí.
1383-VEN-CUB-40702,correccion,CityVisited,,Havana,"elcolombiano.com, 'Cronología de la enfermedad de Hugo Chávez'; vanguardia.com, 'Cronología del cáncer que llevó a la muerte a Chávez'",Cirugías del 10 y 20 de junio de 2011 realizadas en La Habana (CIMEQ); regreso a Venezuela confirmado el 4 de julio de 2011.
1383-VEN-CUB-40740,correccion,CityVisited,,Havana,"elcolombiano.com, 'Cronología de la enfermedad de Hugo Chávez'","Primer ciclo de quimioterapia en La Habana, 16 al 23 de julio de 2011 (coincide exactamente con las fechas de COLT)."
1383-VEN-CUB-40761,correccion,CityVisited,,Havana,"elcolombiano.com, 'Cronología de la enfermedad de Hugo Chávez'",Segunda fase de quimioterapia en La Habana (7 de agosto de 2011); fechas de COLT (6-14 agosto) son consistentes dentro de un margen de un día respecto a la fuente secundaria.
1383-VEN-CUB-40803,correccion,CityVisited,,Havana,"elcolombiano.com, 'Cronología de la enfermedad de Hugo Chávez'; Fox News, 'Bolivian President Morales visits Cuba where ally Chavez convalescing after cancer operation'","Cuarto ciclo de quimioterapia en La Habana, 17 al 22 de septiembre de 2011; Evo Morales visitó a Chávez en Cuba durante su convalecencia, confirmando el campo MetNonhostHOGS."
1383-VEN-CUB-40832,correccion,CityVisited,,Havana,"elcolombiano.com, 'Cronología de la enfermedad de Hugo Chávez'",'Revisión integral' en La Habana del 16 al 20 de octubre de 2011 (coincide con fechas de COLT).
1383-VEN-CUB-40957,correccion,CityVisited,,Havana,"elcolombiano.com, 'Cronología de la enfermedad de Hugo Chávez'","Viaje breve y reservado a La Habana para exámenes, previo al anuncio público del 21 de febrero de 2012 sobre una posible recurrencia del cáncer."
1383-VEN-CUB-40963,correccion,CityVisited,,Havana,"elcolombiano.com, 'Cronología de la enfermedad de Hugo Chávez'","Cirugía del 26 de febrero de 2012 en La Habana; regreso a Caracas el 16 de marzo tras tres semanas, coincidiendo exactamente con fechas de COLT. Reunión con Juan Manuel Santos en La Habana el 7 de marzo de 2012, confirmando MetNonhostHOGS."
1383-VEN-CUB-40992,correccion,CityVisited,,Havana,"elcolombiano.com, 'Cronología de la enfermedad de Hugo Chávez'",Primer ciclo de radioterapia (5 sesiones) en La Habana desde el 24 de marzo de 2012.
1383-VEN-CUB-40992,correccion,TripEndDate,2012-03-28,2012-03-29,"elcolombiano.com, 'Cronología de la enfermedad de Hugo Chávez': '29 de marzo.- Vuelve a Caracas tras recibir una primera fase de radioterapia de cinco días'","La cronología periodística indica que Chávez regresó a Caracas el 29 de marzo de 2012 tras la primera batería de radioterapia, un día después de la fecha de fin registrada en COLT (28 de marzo)."
1383-VEN-CUB-40999,correccion,CityVisited,,Havana,"elcolombiano.com, 'Cronología de la enfermedad de Hugo Chávez'",Segunda batería de radioterapia en La Habana desde el 31 de marzo de 2012.
1383-VEN-CUB-40999,correccion,TripEndDate,2012-04-05,2012-04-04,"elcolombiano.com, 'Cronología de la enfermedad de Hugo Chávez': '4 de abril.- Chávez vuelve a su natal Barinas después de cuatro días en La Habana'","La cronología periodística indica que Chávez regresó a su natal Barinas el 4 de abril de 2012 'después de cuatro días en La Habana', un día antes de la fecha de fin registrada en COLT (5 de abril)."
1383-VEN-CUB-41006,correccion,CityVisited,,Havana,"elcolombiano.com, 'Cronología de la enfermedad de Hugo Chávez': '7 de abril.- Regresa a Cuba para una tercera batería de cinco sesiones de radioterapia'","Tercera batería de radioterapia (5 sesiones) en La Habana desde el 7 de abril de 2012, coincide exactamente con fecha de inicio de COLT."
1383-VEN-CUB-41013,correccion,CityVisited,,Havana,"Associated Press, 'Hugo Chavez skips Summit, citing doctors' orders', 15 April 2012 (ya citada en COLT)",Chávez se ausentó de la Cumbre de las Américas de Cartagena (14-15 abril 2012) y viajó a La Habana para continuar el tratamiento; consistente con las propias fuentes citadas en COLT.
1383-VEN-CUB-41029,correccion,CityVisited,,Havana,"vanguardia.com, 'Cronología del cáncer que llevó a la muerte a Chávez': 'Mayo 12: Chávez anunció el fin exitoso del tratamiento'","Último ciclo de radioterapia en La Habana, finalizado exitosamente hacia el 11-12 de mayo de 2012, coincide con la fecha de fin de COLT."
1383-VEN-CUB-41241,correccion,CityVisited,,Havana,"vanguardia.com, 'Cronología del cáncer que llevó a la muerte a Chávez': 'Diciembre 7: Chávez regresó a Caracas tras pasar nueve días en Cuba'","Tratamiento de oxigenación hiperbárica en La Habana; Chávez regresó a Caracas el 7 de diciembre de 2012 tras nueve días en Cuba, coincide con COLT (28 nov-7 dic = 9 noches)."
1383-VEN-CUB-41253,correccion,CityVisited,,Havana,"cibercuba.com, 'La salud de Hugo Chávez «delicada» tras su operación' (31 dic 2012); hecho ampliamente documentado del regreso del 18 de febrero de 2013","Cuarta cirugía de cáncer en La Habana (aprox. 11 de diciembre de 2012); regreso secreto a Venezuela confirmado el 18 de febrero de 2013, coincidiendo exactamente con la fecha de fin de COLT y con TripDuration=71."
1383-VEN-ARG-40302,correccion,CityVisited,,"Los Cardales (Campana, Buenos Aires)","cfkargentina.com, 'La Unasur eligió a Néstor Kirchner como nuevo Secretario General'; cancilleria.gob.ar","La IV Cumbre de UNASUR del 4 de mayo de 2010, donde se eligió a Néstor Kirchner como primer Secretario General, se celebró en el Hotel Sofitel Reserva Los Cardales, partido de Campana, provincia de Buenos Aires."
1383-VEN-ARG-40323,correccion,CityVisited,,Buenos Aires,"es.wikipedia.org, 'Bicentenario de la Revolución de Mayo'","Las celebraciones del Bicentenario de la Revolución de Mayo del 25 de mayo de 2010 se centraron en Plaza de Mayo y Av. 9 de Julio, Buenos Aires, con invitación a jefes de Estado sudamericanos."
1383-VEN-ARG-40479,correccion,CityVisited,,Buenos Aires,"expansion.mx, 'Hugo Chávez llega a Buenos Aires para asistir al funeral de Kirchner'; en.wikipedia.org, 'Death and state funeral of Néstor Kirchner'","Chávez asistió al funeral de Néstor Kirchner en Buenos Aires (Casa Rosada y cementerio), el 28 de octubre de 2010."
1383-VEN-ARG-40630,correccion,CityVisited,,La Plata,"eluniverso.com, 'Premio a Chávez suscita controversia en Argentina', 30 marzo 2011; latamjournalismreview.org","Chávez recibió el premio periodístico 'Rodolfo Walsh' otorgado por la Universidad Nacional de La Plata el 29 de marzo de 2011, en la ciudad de La Plata, no en Buenos Aires."
1383-VEN-BOL-40200,correccion,CityVisited,,La Paz,"noticiasfides.com / la-razon.com, 'Chávez visitó varias veces Bolivia para respaldar a Evo'","Chávez participó el 22 de enero de 2010 en los actos protocolares de la segunda asunción de Evo Morales en la Plaza Murillo, La Paz (además de un ritual previo en Tiahuanaco)."
1383-VEN-BOL-40633,correccion,CityVisited,,Cochabamba,Búsqueda web: 'Chávez Bolivia marzo 31 2011 Evo Morales visita' (la-razon.com/noticiasfides.com),Chávez aterrizó en el aeropuerto Jorge Wilstermann de Cochabamba la madrugada del 31 de marzo de 2011 y fue acompañado por Evo Morales durante la jornada.
1383-VEN-BRA-40296,correccion,CityVisited,,Brasília,Búsqueda web: 'Chávez Lula Brasil abril 28 2010 visita firma acuerdo',"Chávez y Lula da Silva se reunieron en Brasília el 28 de abril de 2010 y firmaron acuerdos de cooperación, incluyendo certificación de diamantes (Proceso Kimberley)."
1383-VEN-BRA-40544,correccion,CityVisited,,Brasília,"Búsqueda web: 'Chávez Dilma Rousseff enero 1 2011 posesión Brasilia'; en.wikipedia.org, 'First inauguration of Dilma Rousseff'","Chávez asistió a la investidura de Dilma Rousseff como presidenta de Brasil, en Brasília, el 1 de enero de 2011."
1383-VEN-BRA-40700,correccion,CityVisited,,Brasília,"infobae.com, 'Rousseff le ofreció a Chávez que se trate en Brasil'","Primera reunión de trabajo de Chávez con la presidenta Dilma Rousseff en Brasília, el 6 de junio de 2011, pocos días antes de su hospitalización de urgencia en Cuba."
1383-VEN-BRA-41120,correccion,CityVisited,,Brasília,"lanacion.com.ar, 'Hugo Chávez viajó a Brasil para sellar el ingreso de Venezuela al Mercosur'; jornada.com.mx","La cumbre extraordinaria del Mercosur que formalizó el ingreso de Venezuela se realizó en el Palacio de Planalto, Brasília, el 31 de julio de 2012."
1383-VEN-COL-40400,correccion,CityVisited,,Santa Marta,"cancilleria.gov.co, 'Colombia y Venezuela, cronología del restablecimiento de las relaciones bilaterales'","La reunión de restablecimiento de relaciones diplomáticas entre Chávez y Juan Manuel Santos se realizó el 10 de agosto de 2010 en la Quinta de San Pedro Alejandrino, Santa Marta."
1383-VEN-COL-40642,correccion,CityVisited,,Cartagena,Búsqueda web: 'Chávez Santos Colombia abril 9 2011 Cartagena reunión',"El tercer encuentro Chávez-Santos, con firma de 16 acuerdos, se realizó el 9 de abril de 2011 en la Casa de Huéspedes Ilustres de Cartagena."
1383-VEN-ECU-40263,correccion,SignedAgreement,No,Yes,Búsqueda web: 'Chávez Correa Ecuador marzo 26 2010 Quito visita' (línea de tiempo El Comercio / especiales.elcomercio.com),"Chávez y Correa firmaron 12-13 acuerdos bilaterales en la base naval de Salinas (Santa Elena) el 26 de marzo de 2010, en energía, seguridad y defensa, producción, financiamiento y comercio; el campo estaba marcado 'No' en COLT."
1383-VEN-ECU-40263,correccion,CityVisited,,Salinas,"especiales.elcomercio.com, línea de tiempo Hugo Chávez","La reunión bilateral y firma de acuerdos se realizó en la base naval de Salinas, provincia de Santa Elena, no en Quito."
1383-VEN-ECU-40354,correccion,CityVisited,,Otavalo,"eluniverso.com, 'Indígenas y afrodescendientes en cumbre de ALBA'; opsur.org.ar","La X Cumbre del ALBA (formalización del ingreso de Ecuador) se realizó en Otavalo, Ecuador, el 25 de junio de 2010, con la Declaración de Otavalo firmada por Chávez, Morales y Correa."
1383-VEN-ECU-40701,correccion,CityVisited,,Salinas,"larepublica.ec, 'Chávez y Correa quieren acelerar cooperación', 7 junio 2011","Novena reunión presidencial Chávez-Correa realizada en Salinas el 7 de junio de 2011, tras la visita de Chávez a Brasil el día anterior."
1383-VEN-GUY-40508,correccion,CityVisited,,Georgetown,"es.wikipedia.org, 'IV Cumbre de Unasur'","La IV Cumbre de UNASUR se realizó en Georgetown, Guyana, el 26 de noviembre de 2010."
1383-VEN-IRN-40470,correccion,CityVisited,,Tehran,"peoplesworld.org, 'On eight-nation trip, Chavez promotes multi-polar world': 'Visiting Iran for the ninth time on October 19-20'","Novena visita de Chávez a Irán, recibido por Ahmadinejad en Teherán el 19-20 de octubre de 2010 (fechas coinciden exactamente con COLT)."
1383-VEN-LBY-40473,correccion,CityVisited,,Tripoli,"peoplesworld.org, 'On eight-nation trip, Chavez promotes multi-polar world'","Chávez visitó Trípoli y se reunió con Muammar Gaddafi el 22 de octubre de 2010, como parte de su gira euroasiática/africana, tras su paso por Siria."
1383-VEN-MEX-40231,correccion,CityVisited,,Cancún,"en.wikipedia.org, 'Latin American and Caribbean Unity Summit'","La XXI Cumbre del Grupo de Río / II Cumbre de la CALC se celebró el 22-23 de febrero de 2010 en la zona de Cancún/Riviera Maya (Playa del Carmen), México; el campo estaba vacío en COLT."
1383-VEN-NIC-40282,correccion,CityVisited,,Managua,"ultimahora.com / proceso.hn, 'Chávez dice estar ansioso por hablar con Ortega...'","Chávez fue recibido por Daniel Ortega en el Aeropuerto Internacional Augusto César Sandino, Managua, el 14 de abril de 2010."
1383-VEN-NIC-40918,correccion,CityVisited,,Managua,Búsqueda web: 'Chávez Ortega Nicaragua toma posesión enero 2012',"Chávez participó en la toma de posesión de Daniel Ortega para su segundo mandato consecutivo, en Managua, el 10 de enero de 2012."
1383-VEN-PRT-40474,correccion,CityVisited,,Porto,"infobae.com, 'Chávez termina su gira internacional en Portugal'",Chávez aterrizó en el aeropuerto de Oporto (Porto) y visitó los astilleros de Viana do Castelo junto al primer ministro José Sócrates; no hay evidencia de que la visita fuera en Lisboa.
1383-VEN-PRT-40474,correccion,TripStartDate,2010-10-23,2010-10-24,"infobae.com, 'Chávez termina su gira internacional en Portugal' (24 oct 2010); peoplesworld.org: 'Chavez concluded his tour in Portugal on October 24'","Dos fuentes independientes (Infobae e People's World) señalan que la visita a Portugal, última escala de la gira euroasiática, ocurrió el domingo 24 de octubre de 2010 (llegada y regreso el mismo día), no el 23 de octubre como consta en COLT."
1383-VEN-PRT-40474,correccion,TripEndDate,2010-10-23,2010-10-24,"infobae.com, 'Chávez termina su gira internacional en Portugal'; peoplesworld.org",La visita a Portugal fue de un solo día (domingo 24 de octubre de 2010): Chávez llegó y tenía previsto regresar a Venezuela ese mismo día.
1383-VEN-RUS-40465,correccion,CityVisited,,Moscow,"elespectador.com, 'Chávez inicia gira por seis países de Europa y Asia'; peoplesworld.org","Novena visita de Chávez a Rusia, en Moscú, el 14-15 de octubre de 2010, para reunirse con Medvédev y firmar 15 documentos de cooperación estratégica."
1383-VEN-SYR-40472,correccion,CityVisited,,Damascus,"voanews.com, 'Venezuela's Chavez Meets With Syria's Assad in Damascus'; peoplesworld.org","Chávez se reunió con Bashar al-Assad en Damasco el 21 de octubre de 2010, firmando seis acuerdos bilaterales."
1383-VEN-UKR-40469,correccion,CityVisited,,Kiev,"novinite.com (fotografía con pie de foto fechado en Kiev, 18 octubre 2010); peoplesworld.org","Chávez se reunió con el presidente Viktor Yanukovych en Kiev el 18 de octubre de 2010, estableciendo relaciones bilaterales y visitando la planta Antonov."
1383-VEN-URY-40238,correccion,CityVisited,,Montevideo,Búsqueda web: 'Chávez asunción Mujica presidente Uruguay 1 marzo 2010 asistió',"Chávez asistió a la asunción presidencial de José Mujica en Montevideo el 1 de marzo de 2010, junto a otros mandatarios sudamericanos."
1383-VEN-URY-40632,correccion,CityVisited,,Montevideo,"archivo.presidencia.gub.uy, 'José Mujica y Hugo Chávez reunidos en Residencia Suárez'","Mujica recibió a Chávez en la Residencia de Suárez y Reyes, Montevideo, el 30 de marzo de 2011, por unas horas."
1383-VEN-URY-40897,correccion,CityVisited,,Montevideo,Búsqueda web: 'Chávez cumbre Mercosur Montevideo diciembre 2011 ingreso Venezuela',"La XLII Cumbre de Jefes de Estado del Mercosur se realizó en Montevideo el 20 de diciembre de 2011, donde Chávez reclamó el ingreso de Venezuela al bloque."
1383-VEN-COL-41274,no_verificable,TripStartDate / TripEndDate / CountryVisited (registro completo),,,,
1383-VEN-BLR-40467,no_verificable,CityVisited,,,,
1383-VEN-SUR-40509,no_verificable,TripStartDate / CityVisited,,,,
2179-VEN-SAU-42015,correccion,HostHOGSName,King Salman bin Abdulaziz Al Saud,King Abdullah bin Abdulaziz Al Saud,"CNN en Español, 'El rey Abdalá bin Abdelaziz en datos' (23 enero 2015) https://cnnespanol.cnn.com/2015/01/23/el-rey-abdala-bin-abdelaziz-en-datos ; PSUV, 'Presidente Maduro viajara a Arabia Saudita para asistir a sepelio del Rey Abdelaziz' http://www.psuv.org.ve/temas/noticias/presidente-maduro-viajara-a-arabia-saudita-para-asisitir-a-sepelio-rey-abdelaziz/ ; foto AFP/Reuters del 11-ene-2015 identificando a Salman como 'Saudi deputy premier and Minister of Defence Crown Prince'.","El 11 de enero de 2015 el rey de Arabia Saudita seguia siendo Abdalá bin Abdulaziz, quien murio recien el 23 de enero de 2015. Salman bin Abdulaziz era en esa fecha el Principe Heredero y Vice Primer Ministro; fue el quien recibio y acompano a Maduro en Riad mientras el rey Abdalá se encontraba hospitalizado (Maduro visito el centro de salud y rezo por su recuperacion, sin una reunion protocolar formal con el jefe de Estado). COLT le atribuye erroneamente a Salman el titulo de 'Rey' para esa fecha, cuando aun no lo era."
2179-VEN-HTI-41450,no_verificable,TripStartDate,,,,
PELATAM-VEN-3,hallazgo_nuevo,,,Uruguay,"MERCOSUR.int, 'Uruguay asume la Presidencia Pro Tempore del MERCOSUR' https://www.mercosur.int/uruguay-asume-la-presidencia-pro-tempore-del-mercosur ; Presidencia de Uruguay, video 'Nicolas Maduro asume la presidencia del Mercosur' https://www.gub.uy/presidencia/comunicacion/videos/nicolas-maduro-asume-presidencia-del-mercosur ; Cubainformacion, 'Venezuela asume Presidencia pro tempore de MERCOSUR' (14 julio 2013) https://www.cubainformacion.tv/america-latina/20130714/51056/51056-venezuela-asume-presidencia-pro-tempore-de-mercosur","El 12 de julio de 2013 Maduro viajo a Montevideo para participar de la 45a Cumbre de Presidentes del MERCOSUR, en la que Venezuela asumio por primera vez la presidencia pro tempore del bloque (de manos de Uruguay), en presencia de Cristina Fernandez de Kirchner (Argentina), Dilma Rousseff (Brasil) y Jose Mujica (Uruguay, anfitrion). Este viaje no figura en el archivo COLT provisto (Uruguay solo registra la visita bilateral del 7 de mayo de 2013), pese a estar ampliamente documentado y ser especialmente relevante para el contexto historico del workpack (Venezuela como presidente pro tempore de MERCOSUR en el segundo semestre de 2013)."
2179-VEN-AZE-42665,correccion,TripStartDate,2016-10-22,2016-10-21,https://ultimasnoticias.com.ve/politica/maduro-arriba-a-azerbaiyan-sexto-destino-de-su-recorrido-internacional/,"Fuente independiente (Últimas Noticias, 2022) al reportar la segunda visita de Maduro a Azerbaiyán aclara explícitamente que 'su primera visita de Estado' fue 'efectuada el 21 de octubre de 2016', no el 22. La lista de Wikipedia de viajes presidenciales también registra el rango 21-22 de octubre para esta visita."
2179-VEN-AZE-42665,correccion,TripDuration,1,2,Derivado de la corrección de TripStartDate en este mismo registro,"Derivado de la corrección de TripStartDate a 2016-10-21 manteniendo TripEndDate en 2016-10-22, la duración pasa de 1 a 2 días."
2179-VEN-BOL-43059,correccion,TripStartDate,2017-11-20,2017-11-24,"https://www.telesurtv.net/news/Maduro-defiende-soberania-energetica-entre-exportadores-de-gas-20171124-0029.html ; búsqueda adicional: 'Bolivia se proyecta como potencia energética en la región' (resumenlatinoamericano.org, 27-nov-2017) confirma evento 21-24 nov con cumbre presidencial el día 24","COLT registra el viaje como 2017-11-20/21, pero múltiples fuentes de prensa contemporáneas coinciden en que el Foro de Países Exportadores de Gas (FPEG) en Santa Cruz de la Sierra se desarrolló del 21 al 24 de noviembre de 2017 a nivel ministerial, y que la Cumbre de Jefes de Estado (a la que asistió Maduro) tuvo lugar específicamente el viernes 24 de noviembre de 2017, presidida por Evo Morales."
2179-VEN-BOL-43059,correccion,TripEndDate,2017-11-21,2017-11-24,https://www.telesurtv.net/news/Maduro-defiende-soberania-energetica-entre-exportadores-de-gas-20171124-0029.html,No se halló evidencia de que la presencia de Maduro se prolongara más allá del día de la Cumbre de Jefes de Estado (24 de noviembre); las notas de prensa lo ubican en Santa Cruz ese día.
2179-VEN-BOL-43059,correccion,TripDuration,2,1,Derivado de las correcciones de fecha en este mismo registro,Consistente con la corrección de fecha de inicio y fin al mismo día (24 de noviembre de 2017).
2179-VEN-MEX-43435,correccion,Notes,attended the Presidential inauguration of Enrique Pena Nieto,attended the presidential inauguration reception of Andres Manuel Lopez Obrador at the National Palace in Mexico City,"https://en.wikipedia.org/wiki/List_of_international_presidential_trips_made_by_Nicol%C3%A1s_Maduro (cita FT: 'Mexico's López Obrador vows to end neo-liberalism in inauguration', 1-dic-2018); Search Query: Maduro asiste toma de posesion Andres Manuel Lopez Obrador 1 diciembre 2018","El campo Notes original indica erróneamente que Maduro 'attended the Presidential inauguration of Enrique Pena Nieto', pero la toma de posesión de Peña Nieto fue en diciembre de 2012, no en 2018. La fecha del viaje (2018-12-01) y el campo HostHOGSName (correctamente registrado como 'President Andres Manuel Lopez Obrador') corresponden a la toma de posesión de AMLO como nuevo presidente de México el 1 de diciembre de 2018, evento al que Maduro efectivamente asistió."
2179-VEN-QAT-42666,correccion,TripEndDate,2016-10-23,2016-10-24,https://dohanews.co/venezuelan-president-maduro-arrives-qatar-today-state-visit/ ; Search Query: Maduro Qatar emir Tamim despedida 24 octubre 2016,"COLT registra un único día (23 de octubre) para la visita de Estado a Catar, pero la fuente Dohanews confirma la llegada el 23 de octubre de 2016, y el itinerario documentado del recorrido (con la escala inmediatamente posterior en el Vaticano el 24 de octubre) indica que la estadía en Catar se extendió hasta el 24."
2179-VEN-QAT-42666,correccion,TripDuration,1,2,Derivado de la corrección de TripEndDate en este mismo registro,Consistente con la corrección de TripEndDate a 2016-10-24.
2179-VEN-TUR-42653,correccion,TripEndDate,2016-10-10,2016-10-11,"https://venezuelanalysis.com/news/12717/ (Venezuela's Maduro Signs Deals with Turkey and Azerbaijan, Meets with Putin); https://www.opec.org/pn-detail/242-11-october-2016.html","COLT registra un único día (10 de octubre) para la visita al 23° Congreso Mundial de Energía en Estambul, pero fuentes de la época señalan que Maduro concluyó una serie de acuerdos bilaterales con Turquía y Azerbaiyán el 11 de octubre de 2016 en el marco del mismo Congreso, indicando que su presencia se extendió al menos hasta ese día."
2179-VEN-TUR-42653,correccion,TripDuration,1,2,Derivado de la corrección de TripEndDate en este mismo registro,Consistente con la corrección de TripEndDate a 2016-10-11.
2179-VEN-RUS-43439,correccion,TripStartDate,2018-12-05,2018-12-04,https://www.aljazeera.com/news/2018/12/4/venezuelas-maduro-is-on-his-way-to-russia-to-meet-putin,"COLT registra el inicio del viaje el 5 de diciembre de 2018, pero fuentes independientes (Al Jazeera, Univision) confirman que Maduro llegó a Moscú el 4 de diciembre de 2018 y que la reunión formal con Putin ocurrió al día siguiente, 5 de diciembre."
2179-VEN-RUS-43439,correccion,TripEndDate,2018-12-06,2018-12-05,https://www.aljazeera.com/news/2018/12/4/venezuelas-maduro-is-on-his-way-to-russia-to-meet-putin,"Consistente con la corrección de TripStartDate: la reunión con Putin fue el 5 de diciembre de 2018, por lo que el rango correcto es 4-5 de diciembre, no 5-6."
2179-VEN-CUB-43447,correccion,TripStartDate,2018-12-13,2018-12-14,https://www.telesurtv.net/news/presidente-nicolas-maduro-arriba-cuba-cumbre-alba-20181214-0002.html,"COLT registra el inicio del viaje el 13 de diciembre de 2018, pero un artículo de teleSUR fechado y titulado explícitamente el 14 de diciembre de 2018 ('Presidente Nicolás Maduro arriba a Cuba... cumbre ALBA') reporta la llegada de Maduro ese mismo día, coincidiendo con la fecha de la Cumbre XVI del ALBA-TCP y el 14° aniversario de su fundación. Confianza moderada: no se descarta que haya llegado la noche anterior."
2179-VEN-DZA-42989,no_verificable,TripStartDate / TripEndDate,,,,
2179-VEN-KAZ-42990,no_verificable,TripEndDate,,,,
2179-VEN-CUB-42997,no_verificable,TripStartDate / TripEndDate,,,,
PELATAM-VEN-4,hallazgo_nuevo,,,Vatican City,https://cnnespanol.cnn.com/2016/10/24/el-papa-francisco-recibio-a-nicolas-maduro-en-el-vaticano/ ; https://www.infobae.com/america/america-latina/2016/10/24/nicolas-maduro-mantuvo-un-encuentro-privado-con-el-papa-francisco-en-el-vaticano/,"Como escala final de su gira por Oriente Medio (tras Bakú, Teherán, Riad y Doha), Maduro fue recibido por el Papa Francisco en el Vaticano el 24 de octubre de 2016, en un encuentro privado no anunciado previamente, en el que el Papa pidió 'diálogo sincero y constructivo' con la oposición venezolana. Este viaje no figura en el archivo COLT."
PELATAM-VEN-5,hallazgo_nuevo,,,Dominican Republic,http://www.tachira.gob.ve/2017/01/25/presidente-maduro-arriba-a-republica-dominicana-para-participar-en-la-v-cumbre-de-la-celac/ ; https://elcooperante.com/maduro-arriba-a-republica-dominicana-para-incorporarse-a-la-v-cumbre-de-la-celac/,"Maduro asistió a la V Cumbre de la CELAC celebrada en Punta Cana, República Dominicana, el 24-25 de enero de 2017, donde coincidió con los presidentes de Cuba, Ecuador, Bolivia, El Salvador, Haití y Nicaragua. Este viaje (distinto del de agosto de 2016 a Santo Domingo para la toma de posesión de Danilo Medina, que sí está en COLT) no figura en el archivo."
PELATAM-VEN-6,hallazgo_nuevo,,,Cuba,https://www.lanacion.com.ar/el-mundo/nicolas-maduro-viajo-de-sorpresa-a-cuba-y-visito-la-tumba-de-fidel-castro-nid2053751/ ; https://www.univision.com/noticias/obama-en-cuba/nicolas-maduro-visita-cuba-por-sorpresa-dos-dias-antes-que-obama,"Maduro realizó una visita sorpresa a Santiago de Cuba (no a La Habana) para visitar las tumbas de Fidel Castro y José Martí en el Cementerio Santa Ifigenia, acompañado por Raúl Castro, días después de lo que habría sido el cumpleaños 91 de Castro. Múltiples medios (Univision, La Nación, RT, CiberCuba) reportaron el viaje como distinto de las otras visitas a Cuba de 2017 ya presentes en COLT (que solo registra un viaje a La Habana en septiembre 2017)."
PELATAM-VEN-7,hallazgo_nuevo,,,Turkiye,https://www.infobae.com/america/mundo/2017/10/06/nicolas-maduro-se-reunio-con-recep-tayyip-erdogan-y-afirmo-que-venezuela-y-turquia-comparten-la-vision-de-un-mundo-diferente/ ; https://www.mfa.gov.tr/venezuela-bolivar-cumhuriyeti-cumhurbaskani-nicolas-maduro-morosun-ulkemizi-ziyareti_en.en.mfa,"Como continuación de su viaje a Rusia (4 de octubre) y Bielorrusia (5 de octubre), Maduro viajó a Ankara para reunirse con Erdogan el 5-6 de octubre de 2017, en lo que medios describieron como la primera visita de Estado de un presidente venezolano a Turquía. COLT no tiene ningún registro de Turquía para 2017 (solo 2016, julio 2018 y septiembre 2018)."
PELATAM-VEN-8,hallazgo_nuevo,,,Belarus,https://www.infobae.com/america/venezuela/2017/10/05/nicolas-maduro-se-reunio-con-el-ultimo-dictador-de-europa-alexandr-lukashenko-presidente-de-bielorrusia/ ; https://mvsnoticias.com/mundo/2017/10/5/maduro-llega-minsk-para-visita-con-el-presidente-de-bielorrusia-352288.html,"Entre su visita a Rusia (4 de octubre de 2017) y su llegada a Turquía (5-6 de octubre), Maduro hizo una escala en Minsk el 5 de octubre de 2017 para reunirse con el presidente Alexander Lukashenko, donde además inauguró una estatua de Simón Bolívar. Este país no aparece en ningún registro del archivo COLT para el período 2016-2019."
2179-VEN-AZE-44728,correccion,MetHostHoGS,Yes,No,https://azertag.az/en/xeber/President_Ilham_Aliyev_met_with_President_of_Venezuela_Nicolas_Maduro_in_format_of_video_conference_VIDEO-2181719,"La fuente primaria azerbaiyana (AZERTAC) indica explícitamente que la reunión entre el presidente Ilham Aliyev y Maduro se realizó en formato de videoconferencia, no cara a cara, porque miembros de la delegación venezolana dieron positivo a COVID-19. Maduro sí se encontraba físicamente en Azerbaiyán en 'working visit', por lo que el viaje en sí es real, pero no hubo encuentro presencial con el jefe de Estado anfitrión."
2179-VEN-MEX-45222,correccion,TripEndDate,2023-10-24,2023-10-23,https://www.jornada.com.mx/noticia/2023/10/22/politica/llegan-diaz-canel-y-maduro-a-palenque-para-cumbre-sobre-migracion-8564,"Múltiples fuentes (La Jornada, Infobae, Proceso) ubican la Cumbre de Palenque sobre migración únicamente el 22 y 23 de octubre de 2023, con la firma del acuerdo de 13 puntos el 22 de octubre. No se encontró evidencia de actividad de Maduro en México el 24 de octubre. Esta entrada además parece duplicar el mismo evento ya registrado como TripID 2179-VEN-MEX-45221 (mismo lugar, mismo anfitrión, mismas fuentes de tipo tuit), ver nota en no_verificable."
2179-VEN-VCT-45351,correccion,TripStartDate,2024-02-29,2024-03-01,https://mppre.gob.ve/2024/03/01/presidente-maduro-llega-san-vicente-granadinas-participar-viii-cumbre-celac/,"Fuentes oficiales y de prensa (MPPRE, Infobae, La Jornada, El Nacional) coinciden en que Maduro llegó a San Vicente y las Granadinas el 1 de marzo de 2024 para la VIII Cumbre de la CELAC, celebrada ese mismo día. No se halló evidencia de su presencia el 29 de febrero de 2024."
2179-VEN-CUB-44526,no_verificable,TripStartDate / TripEndDate,,,,
2179-VEN-MEX-45221,no_verificable,TripID (posible duplicado con 2179-VEN-MEX-45222),,,,
2179-VEN-RUS-45587,no_verificable,TripEndDate,,,,
,no_verificable,,,,,
PELATAM-VEN-9,hallazgo_nuevo,,,Grenada,https://www.semana.com/mundo/articulo/delcy-rodriguez-hace-su-primer-viaje-como-presidenta-interina-de-venezuela-este-fue-el-pais-que-visito/202619/ ; https://www.infobae.com/venezuela/2026/04/10/delcy-rodriguez-realizo-su-primer-viaje-oficial-a-granada-para-fortalecer-la-cooperacion-bilateral/ ; https://www.eltiempo.com/mundo/venezuela/delcy-rodriguez-llega-a-la-isla-de-granada-en-su-primer-viaje-oficial-tras-90-dias-de-presidencia-encargada-de-venezuela-buscaran-afianzar-alianzas-3546578,"Primer viaje internacional de Delcy Rodríguez como Presidenta Encargada de Venezuela, confirmado por múltiples medios y por su propia cuenta oficial de X (@delcyrodriguezv, 9-10 abril 2026). Viajó acompañada del canciller Yván Gil y la ministra de Hidrocarburos, Paula Henao. No se encontró fuente que precise una fecha de regreso distinta al mismo día del viaje, por lo que se registra como visita de un día."
PELATAM-VEN-10,hallazgo_nuevo,,,Barbados,https://www.infobae.com/venezuela/2026/04/27/delcy-rodriguez-llego-a-barbados-en-su-segunda-visita-internacional-como-presidenta-encargada-de-venezuela/,"Segundo viaje internacional de Rodríguez como Presidenta Encargada, confirmado por la televisión estatal venezolana (VTV) y prensa regional. Llegó la noche del domingo 26 de abril y cumplió agenda oficial el lunes 27 de abril. No se detallan actividades específicas bilaterales más allá de la 'agenda de trabajo estratégica' mencionada por VTV."
PELATAM-VEN-11,hallazgo_nuevo,,,Netherlands,https://www.infobae.com/venezuela/2026/05/09/delcy-rodriguez-anuncio-que-viajara-a-la-haya-para-representar-a-venezuela-en-la-disputa-con-guyana-por-el-esequibo/ ; https://es.mercopress.com/2026/05/11/delcy-rodriguez-defiende-en-la-haya-el-esequibo-bajo-una-exencion-puntual-a-las-sanciones-europeas ; https://www.infobae.com/america/agencias/2026/05/13/delcy-rodriguez-regresa-a-venezuela-tras-asistir-a-la-cij-por-la-disputa-con-guyana/ ; https://www.elnacional.com/2026/05/delcy-rodriguez-anuncio-viaje-fuera-de-venezuela-para-defender-la-patria/,"Viaje confirmado por numerosos medios: llegó a los Países Bajos el domingo 10 de mayo de 2026 para cerrar personalmente la semana de audiencias públicas (4-11 mayo) del caso Esequibo, y regresó a Venezuela el miércoles 13 de mayo, según declaró ella misma ('Feliz de estar de regreso en Venezuela...'). Viajó acompañada de Jorge Rodríguez (presidente de la Asamblea Nacional) y Diosdado Cabello (ministro de Interior y Justicia). No se benefició de sanciones europeas gracias a una exención puntual para el caso judicial."
PELATAM-VEN-12,hallazgo_nuevo,,,India,https://www.semana.com/mundo/articulo/delcy-rodriguez-inicia-gira-internacional-que-podria-redefinir-el-futuro-del-petroleo-venezolano/202646/ ; https://elpitazo.net/politica/los-viajes-de-delcy-rodriguez-a-la-india-y-turquia-en-los-que-solo-hubo-imagenes-y-buenas-intenciones/ ; https://en.cibercuba.com/noticias/2026-05-21-u1-e135253-s27061-nid329967-marco-rubio-dice-delcy-rodriguez-viajara-india-busca,"Primera visita oficial de Rodríguez a Asia y primer viaje fuera del continente americano desde que asumió la presidencia encargada. Anunciada previamente por el secretario de Estado de EE.UU., Marco Rubio (21 de mayo), y confirmada por la cancillería india. Se extendió del miércoles 3 al domingo 7 de junio (India), enlazando después con una escala en Turquía (ver TripID 90007-VEN-TUR-1) antes de regresar a Caracas. Contexto: India se había convertido en el segundo mayor importador de petróleo venezolano en mayo de 2026."
PELATAM-VEN-13,hallazgo_nuevo,,,Turkey,https://www.infobae.com/venezuela/2026/06/09/delcy-rodriguez-se-reunio-con-erdogan-en-estambul-y-fijo-meta-de-triplicar-el-comercio-bilateral-con-turquia/ ; https://www.libertaddigital.com/internacional/oriente-medio/2026-06-08/delcy-rodriguez-viaja-por-sorpresa-a-turquia-tras-una-invitacion-de-erdogan-7417303/ ; https://www.diariolibre.com/mundo/america-latina/2026/06/08/delcy-rodriguez-se-reunen-en-estambul-con-erdogan/3559864 ; https://elpitazo.net/politica/los-viajes-de-delcy-rodriguez-a-la-india-y-turquia-en-los-que-solo-hubo-imagenes-y-buenas-intenciones/,"Escala/visita añadida por invitación de Erdoğan al cierre de la gira asiática que comenzó en India; primera visita de alto nivel venezolana a Turquía desde la salida de Maduro. Rodríguez regresó a Caracas en la madrugada del 9 de junio de 2026, cerrando así la gira internacional India-Turquía."
