PELATAM_TripID,MetHostHoGS,MetNonhostHOGS,NonhostHOGSNames,PublicAddress,SignedAgreement,CulturalSiteOrCeremony,BusinessLeaderOrForum,MetIGOLeader,IGOLeaderName,fuente,justificacion,fecha
PELATAM-CHL-1,Yes,Yes,"Fernando Henrique Cardoso (Brasil), Vicente Fox (México), y otros mandatarios del Mercosur/Bolivia presentes en la cumbre",Yes,Yes,No_verificable,No_verificable,No_verificable,,https://www.cancilleria.gob.ar/es/actualidad/comunicados/los-presidentes-duhalde-y-cardoso-consolidan-el-mercosur ; https://arle.udp.cl/index.php/programa-de-actividades-de-presidente-de-la-republica-para-xviii-cumbre-mercosur-en-buenos-aires,"Cancillería argentina confirma que De la Rúa (anfitrión), Cardoso y Fox se reunieron y coordinaron temas pendientes con Lagos durante la XVIII Cumbre Mercosur-Bolivia-Chile (29-30 jun 2000). En esa cumbre se firmó la Carta de Buenos Aires sobre Compromiso Social por los presidentes de Mercosur, Bolivia y Chile. Prensa de la época registra que Lagos reiteró en la cumbre el interés de Chile por el ingreso pleno al Mercosur (declaración pública). No se halló evidencia de sitio cultural/ceremonia, foro empresarial ni encuentro con líder de organismo internacional en este viaje.",2026-08-18
PELATAM-CHL-7,Yes,No,,No_verificable,No_verificable,No_verificable,No_verificable,No,,https://www.elmostrador.cl/dia/2019/09/27/ricardo-lagos-recuerda-detalles-de-su-relacion-con-su-verdadero-amigo-jacques-chirac/ ; https://www.congreso.es/es/cem/visitchile2001,"El propio Counterpart_Event confirma que el objetivo del tramo era una reunión con Jacques Chirac (jefe de Estado anfitrión de Francia); Lagos y Chirac desarrollaron una relación diplomática cercana documentada retrospectivamente por el propio Lagos. Se confirma que este viaje fue el segundo tramo de una gira europea (Lagos visitó España -Senado- el 5 de junio de 2001), consistente con una visita bilateral acotada a Francia sin evidencia de encuentro con jefes de otros países en este tramo específico. No se encontró evidencia concreta (búsqueda razonable) de discurso público formal, firma de acuerdo o visita cultural/ceremonia en esta escala de París; se declara incertidumbre en vez de asumir ausencia.",2026-08-18
PELATAM-CHL-12,Yes,Yes,George W. Bush (Estados Unidos) y otros jefes de Estado/Gobierno presentes (más de 50 asistentes a la conferencia),Yes,Yes,No_verificable,Yes,Yes,Kofi Annan (Secretario General de la ONU),"https://www.un.org/es/conf/ffd/2002/ ; reporte ONU de la Conferencia Internacional sobre Financiación para el Desarrollo, Monterrey, 18-22 marzo 2002","La Conferencia de Monterrey fue presidida por el anfitrión Vicente Fox (México) y contó con más de 50 jefes de Estado o Gobierno, incluido George W. Bush, y más de 200 ministros, además de líderes del sector privado y representantes de organismos financieros internacionales. Kofi Annan (Secretario General de la ONU) habló en la sesión de apertura del segmento de jefes de Estado (21 de marzo). Fuentes registran un 'working breakfast' con el presidente Lagos. Más de 50 jefes de Estado/Gobierno realizaron declaraciones ante el plenario, por lo que se asume que Lagos -como uno de los asistentes de alto nivel- dio una alocución pública, consistente con el formato documentado del evento. El Consenso de Monterrey fue aprobado por aclamación el 22-mar-2002.",2026-08-18
PELATAM-CHL-16,Yes,Yes,"Juan Carlos I, Rey de España (asistió de forma continua a todas las Cumbres Iberoamericanas desde 1991, incluida Bávaro), y otros jefes de Estado/Gobierno de la comunidad iberoamericana",Yes,Yes,No_verificable,No_verificable,No_verificable,,https://segib.org/?summit=xii-cumbre-iberoamericana-bavaro-2002 ; https://es.wikipedia.org/wiki/XII_Cumbre_Iberoamericana,"La XII Cumbre Iberoamericana (Bávaro, Rep. Dominicana, 15-16 nov 2002) fue presidida por el anfitrión Hipólito Mejía y reunió a los jefes de Estado/Gobierno de los 21 países de la comunidad iberoamericana. El Rey Juan Carlos I asistió sin excepción a todas las cumbres desde su creación en 1991, lo que incluye Bávaro. Se aprobó la Declaración de Bávaro. El formato estándar de estas cumbres incluye intervenciones/discursos de cada jefe de Estado en sesión plenaria (documentado en fuentes SEGIB para el conjunto de cumbres del período). No se halló evidencia específica de sitio cultural, foro empresarial o encuentro con líder de organismo internacional en este viaje.",2026-08-18
PELATAM-CHL-24,Yes,Yes,"Juan Carlos I, Rey de España, y otros jefes de Estado/Gobierno iberoamericanos presentes",Yes,Yes,No_verificable,No_verificable,No_verificable,,https://www.segib.org/?summit=xiv-cumbre-iberoamericana-san-jose-2004,"La XIV Cumbre Iberoamericana (San José, Costa Rica, 19-20 nov 2004) fue presidida por el anfitrión Abel Pacheco y confirmó la presencia del Rey Juan Carlos I de España como jefe de Estado no anfitrión, junto a los jefes de Estado/Gobierno de los 21 países iberoamericanos. Se aprobó la Declaración de San José, que incluyó la aprobación de los estatutos de la SEGIB. Formato estándar con intervenciones plenarias de cada mandatario. No se halló evidencia específica de sitio cultural, foro empresarial o encuentro con líder de organismo internacional.",2026-08-18
PELATAM-CHL-38,Yes,Yes,"Hugo Chávez (Venezuela), Evo Morales (Bolivia), Daniel Ortega (Nicaragua), Lula da Silva (Brasil), Alan García (Perú), Nicanor Duarte (Paraguay), Álvaro Uribe (Colombia), René Préval (Haití), entre otros jefes de Estado presentes en la ceremonia",No_verificable,No_verificable,Yes,No,No_verificable,,https://www.eluniverso.com/2007/01/15/0001/8/17767864EBFC4686B5A1E732DE7AA6E2.html/ ; https://www.cidob.org/lider-politico/rafael-correa-delgado,"La ceremonia de investidura de Rafael Correa en Quito (15-ene-2007), a la que asistió Bachelet, contó con la presencia confirmada de Chávez, Morales, Ortega, Lula, García, Duarte, Uribe y Préval, entre otros, en el Palacio Legislativo. La asistencia a una ceremonia de investidura constituye en sí misma la 'ceremonia' del campo CulturalSiteOrCeremony. No se encontró evidencia de un discurso propio de Bachelet (el protagonismo discursivo fue de Correa) ni de firma de acuerdo o encuentro con líder de organismo internacional en esta visita puntual.",2026-08-18
PELATAM-CHL-44,Yes,Yes,"Angela Merkel (Alemania), Álvaro Uribe (Colombia), Lula da Silva (Brasil), Donald Tusk (Polonia), entre 46 presidentes/jefes de gobierno confirmados",Yes,Yes,No_verificable,No_verificable,No_verificable,,https://eulacfoundation.org/en/v-eu-lac-summit-lima-declaration-lima-16-may-2008 ; https://mercociudades.org/culmino-la-v-cumbre-alc-ue-con-la-firma-de-la-declaracion-de-lima/,"La V Cumbre ALC-UE (Lima, 13-17 may 2008) fue organizada y presidida por el anfitrión Alan García, quien recibió a 60 líderes (33 de ALC, 27 de la UE); 46 presidentes confirmaron asistencia, incluidos Merkel, Uribe, Lula y Tusk. Culminó con la firma de la Declaración de Lima el 16-may-2008. El formato estándar de estas cumbres birregionales incluye intervenciones plenarias de cada jefe de Estado/Gobierno. Se realizó en paralelo la II Cumbre Empresarial ALC-UE con ~400 empresarios, pero no se halló evidencia específica de participación directa de Bachelet en dicho foro, por lo que se marca No_verificable en ese campo. No se halló evidencia de sitio cultural o encuentro con líder de organismo internacional.",2026-08-18
PELATAM-CHL-45,Yes,Yes,"Cristina Fernández de Kirchner (Argentina), Evo Morales (Bolivia), Hugo Chávez (Venezuela), y los demás jefes de Estado sudamericanos fundadores de UNASUR",Yes,Yes,Yes,No_verificable,No_verificable,,https://www.pagina12.com.ar/diario/ultimas/20-104721-2008-05-23.html ; https://www.sela.org/publicaciones/tratado-constitutivo-de-la-union-de-naciones-suramericanas-unasur-brasilia-23-de-mayo-de-2008/,"El 23-may-2008 se firmó en Brasilia el Tratado Constitutivo de UNASUR, integrado por los 12 países sudamericanos, con Lula (anfitrión) abriendo la cumbre y Bachelet asumiendo como primera presidenta pro tempore de UNASUR. Cristina Fernández de Kirchner confirmó su participación en la cumbre (Página/12); la creación de UNASUR contó con la convergencia de los presidentes de la región (Morales, Chávez, entre otros). Bachelet realizó declaraciones públicas a su llegada ('no podemos perder esta oportunidad'), y la ceremonia de firma/asunción como presidenta pro tempore constituye una ceremonia oficial. No se halló evidencia de foro empresarial ni de encuentro con líder de organismo internacional distinto a los propios jefes de Estado sudamericanos.",2026-08-18
PELATAM-CHL-47,Yes,Yes,"Juan Carlos I, Rey de España, y otros jefes de Estado/Gobierno de los 20 países iberoamericanos presentes",Yes,Yes,No_verificable,No_verificable,No_verificable,,https://segib.org/es/cumbre/xviii-cumbre-iberoamericana/,"La XVIII Cumbre Iberoamericana (San Salvador, 29-30 oct 2008, tema 'Juventud y Desarrollo') fue presidida por el anfitrión Elías Antonio Saca (El Salvador) y reunió a líderes/representantes de 20 países miembros, con el formato estándar de intervenciones plenarias y aprobación de la Declaración de San Salvador. El Rey Juan Carlos I asistía de forma habitual a estas cumbres. No se halló evidencia específica de sitio cultural, foro empresarial o encuentro con líder de organismo internacional para esta cumbre puntual.",2026-08-18
PELATAM-CHL-49,Yes,Yes,"Hugo Chávez (Venezuela), Evo Morales (Bolivia), Cristina Fernández de Kirchner (Argentina), y otros jefes de Estado de América Latina y el Caribe (32 países participantes; ausencia notable de Colombia y Perú)",No_verificable,Yes,No_verificable,No_verificable,No_verificable,,https://en.wikipedia.org/wiki/I_Latin_American_and_Caribbean_Summit_on_Integration_and_Development ; https://www.emol.com/noticias/internacional/2008/12/17/335590/agencia-capta-imagenes-de-michelle-bachelet-banandose-en-costa-do-sauipe.html,"La I Cumbre CALC (Costa do Sauípe, Bahía, 16-17 dic 2008), impulsada por el anfitrión Lula, reunió a la mayoría de jefes de Estado de América Latina y el Caribe (32 países), con ausencia notable de Uribe (Colombia) y García (Perú); Cuba fue admitida como miembro pleno del Grupo de Río. Se produjo una declaración final de la cumbre. No se encontró evidencia específica sobre un discurso individual de Bachelet, sitio cultural/ceremonia oficial, foro empresarial ni encuentro con líder de organismo internacional en esta cumbre puntual.",2026-08-18
PELATAM-CHL-53,No_verificable,No_verificable,,Yes,No_verificable,No_verificable,No_verificable,No_verificable,,https://gadebate.un.org/en/64/chile,"La fuente oficial de la ONU (gadebate.un.org) confirma que Chile participó con una declaración/discurso en el Debate General de la 64ª Asamblea General (sept 2009), por lo que PublicAddress=Yes. Se encontró evidencia de una reunión bilateral Bachelet-Obama en la Casa Blanca, pero corresponde a junio de 2009 (visita distinta a Washington), no a esta visita de septiembre a Nueva York por la AGNU; no se halló evidencia específica de un encuentro con Obama u otros jefes de Estado durante esta semana de la Asamblea General, por lo que se declara incertidumbre en vez de asumir ausencia o presencia.",2026-08-18
PELATAM-CHL-67,Yes,Yes,"Juan Carlos I, Rey de España, y otros jefes de Estado/Gobierno iberoamericanos presentes",Yes,Yes,No_verificable,No_verificable,No_verificable,,https://www.cancilleria.gob.ar/es/actualidad/comunicados/declaracion-de-mar-del-plata-xx-cumbre-iberoamericana-2010 ; https://segib.org/es/cumbre/xx-cumbre-iberoamericana/,"La XX Cumbre Iberoamericana (Mar del Plata, 3-4 dic 2010, tema 'Educación para la Inclusión Social') fue presidida por la anfitriona Cristina Fernández de Kirchner, con Piñera entre los asistentes confirmados. Se aprobó la Declaración de Mar del Plata. El Rey Juan Carlos I asistía de forma habitual. No se halló evidencia concreta de la participación de Piñera en un acto conmemorativo específico a Néstor Kirchner (fallecido en oct-2010), ni de sitio cultural, foro empresarial o encuentro con líder de organismo internacional adicional.",2026-08-18
PELATAM-CHL-69,Yes,Yes,"Juan Manuel Santos (Colombia), Felipe Calderón (México)",No_verificable,Yes,No_verificable,No_verificable,No_verificable,,https://es.wikipedia.org/wiki/Alianza_del_Pac%C3%ADfico ; https://www.minrel.gob.cl/minrel/site/docs/20250624/20250624125818/memoria_minrel_2011_2.pdf,"La cumbre fundacional de la Alianza del Pacífico se realizó en Lima el 28-abr-2011, con el anfitrión Alan García recibiendo a Piñera, Santos (Colombia) y Calderón (México); los cuatro instruyeron a sus cancillerías desarrollar el acuerdo marco y emitieron la Declaración de Lima, acta fundacional del bloque. No se halló evidencia específica de un discurso público individual de Piñera, sitio cultural/ceremonia, foro empresarial o encuentro con líder de organismo internacional en esta cumbre puntual.",2026-08-18
PELATAM-CHL-71,No_verificable,Yes,No especificados por nombre en las fuentes consultadas; prensa oficial chilena confirma que Piñera tuvo 'encuentros con Jefes de Estado y principales líderes de organismos multilaterales' durante su participación en la 66ª AGNU,Yes,No_verificable,No_verificable,No_verificable,No_verificable,,https://www.chile.gob.cl/chile/blog/onu/nueva-york/presidente-pinera-interviene-en-asamblea-general-de-la-onu ; https://prensa.presidencia.cl/discurso.aspx?id=82805,"Fuente citada como Source_Verification confirma que Piñera intervino ante la 66ª Asamblea General de la ONU el 23-sept-2011 (PublicAddress=Yes). Prensa oficial de Presidencia (prensa.presidencia.cl) señala genéricamente que tuvo agenda de reuniones con jefes de Estado y organismos internacionales, pero no se hallaron nombres específicos con evidencia suficiente tras una búsqueda razonable, por lo que MetIGOLeader y los nombres puntuales se marcan con incertidumbre donde corresponde. No se halló evidencia de reunión con el presidente de EEUU (anfitrión) durante esta semana específica.",2026-08-18
PELATAM-CHL-72,Yes,Yes,"José Luis Rodríguez Zapatero (Presidente del Gobierno de España), Ollanta Humala (Perú, en su debut como presidente), entre otros jefes de Estado/Gobierno presentes (con 11 ausencias notables)",Yes,Yes,No_verificable,No_verificable,No_verificable,,https://www.chile.gob.cl/chile/blog/paraguay/asuncion/presidente-pinera-interviene-en-cumbre-iberoamericana-de-paraguay ; https://www.cancilleria.gov.co/sala-de-prensa/noticias/culmino-cumbre-iberoamericana-en-paraguay-con-la-aprobacion-de-la-declaracion-de-asuncion,"La XXI Cumbre Iberoamericana (Asunción, 28-29 oct 2011, tema 'Transformación del Estado y Desarrollo') fue inaugurada por el anfitrión Fernando Lugo junto al Secretario General Iberoamericano Enrique Iglesias; Piñera y su canciller participaron en la primera sesión plenaria (fuente oficial confirma su intervención). Fue el debut de Humala y la despedida de Zapatero (Jefe de Gobierno de España) en estas cumbres. Culminó con la aprobación de la Declaración de Asunción. No se halló evidencia de sitio cultural, foro empresarial o encuentro con líder de organismo internacional adicional al Secretario General Iberoamericano.",2026-08-18
PELATAM-CHL-75,Yes,Yes,"Barack Obama (Estados Unidos), y otros jefes de Estado/Gobierno del continente americano",No_verificable,No,No_verificable,No_verificable,No_verificable,,https://es.wikipedia.org/wiki/VI_Cumbre_de_las_Am%C3%A9ricas ; https://www.minrel.gob.cl/minrel/site/docs/20250624/20250624125818/memoria_2012.pdf,"La VI Cumbre de las Américas (Cartagena, 14-15 abr 2012) fue presidida por el anfitrión Juan Manuel Santos, con la asistencia de Piñera, Barack Obama y otros líderes regionales. Es un hecho histórico bien documentado que esta cumbre NO logró una declaración final consensuada por las diferencias sobre la exclusión de Cuba y la disputa de Malvinas, por lo que SignedAgreement se marca 'No' con razonable confianza. No se halló evidencia específica de un discurso público individual de Piñera, sitio cultural/ceremonia, participación en foro empresarial ni encuentro con líder de organismo internacional en esta cumbre puntual.",2026-08-18
PELATAM-CHL-82,Yes,Yes,"Dilma Rousseff (Brasil), Cristina Fernández de Kirchner (Argentina), José Mujica (Uruguay), Ollanta Humala (Perú)",No_verificable,No_verificable,Yes,No_verificable,No_verificable,,https://cnnespanol.cnn.com/2013/08/15/horacio-cartes-asume-la-presidencia-de-paraguay ; https://www.chile.gob.cl/chile/blog/paraguay/asuncion/presidente-pinera-en-paraguay-tenemos-la-firme-voluntad-e-intencion-de,"En la investidura de Horacio Cartes (Asunción, 15-ago-2013), fuente confirma explícitamente que 'Cartes... recibió a Piñera' tras recibir primero al presidente brasileño; también estuvieron presentes Rousseff, Cristina Fernández de Kirchner, Mujica y Humala. La asistencia a la ceremonia de investidura constituye la 'ceremonia' del campo CulturalSiteOrCeremony. No se halló evidencia de discurso público formal distinto a declaraciones de prensa, firma de acuerdo, foro empresarial o encuentro con líder de organismo internacional.",2026-08-18
PELATAM-CHL-84,Yes,Yes,"Enrique Peña Nieto (México), Ollanta Humala (Perú), Laura Chinchilla (Costa Rica, en proceso de adhesión)",No_verificable,Yes,No_verificable,No_verificable,No_verificable,,https://es.wikipedia.org/wiki/VIII_Cumbre_de_la_Alianza_del_Pac%C3%ADfico ; https://www.gob.mx/sre/documentos/declaracion-de-la-viii-cumbre-de-la-alianza-del-pacifico,"La VIII Cumbre de la Alianza del Pacífico (Cartagena, 8-10 feb 2014) fue presidida por el anfitrión Juan Manuel Santos, con la asistencia de Piñera, Peña Nieto y Humala, además de la presidenta de Costa Rica Laura Chinchilla (país en proceso de adhesión). Se firmó el protocolo de eliminación arancelaria del 92% y la Declaración de la VIII Cumbre; los otros presidentes reconocieron públicamente a Piñera como cofundador del bloque, en su último viaje del mandato. No se halló evidencia de discurso público individual formal, sitio cultural/ceremonia, foro empresarial ni encuentro con líder de organismo internacional.",2026-08-18
PELATAM-CHL-86,Yes,Yes,"Juan Manuel Santos (Colombia), Ollanta Humala (Perú)",No_verificable,Yes,No_verificable,No_verificable,No_verificable,,https://elsoldenayarit.mx/politica/27796-inaugura-pena-ix-cumbre-de-la-alianza-del-pacifico ; https://www.gob.mx/se/prensa/se-realizara-la-ix-cumbre-de-la-alianza-del-pacifico-nayarit,"La IX Cumbre de la Alianza del Pacífico (Punta Mita, Nayarit, 19-20 jun 2014) fue inaugurada por el anfitrión Enrique Peña Nieto, con la asistencia confirmada de Bachelet, Santos y Humala. Culminó con la firma de la Declaración de Punta Mita; Bachelet destacó nuevas áreas de trabajo (minería, igualdad de género, transporte aéreo). No se halló evidencia de discurso público formal individual, sitio cultural/ceremonia, foro empresarial ni encuentro con líder de organismo internacional en esta cumbre puntual.",2026-08-18
PELATAM-CHL-88,Yes,Yes,"Felipe VI (Rey de España), Mariano Rajoy (Presidente del Gobierno de España), Ollanta Humala (Perú), Rafael Correa (Ecuador), Juan Manuel Santos (Colombia), Luis Guillermo Solís (Costa Rica)",Yes,Yes,No_verificable,No_verificable,No_verificable,,https://www.lamoncloa.gob.es/multimedia/galeriasfotograficas/presidente/Paginas/2014/091214cumbrejornada1.aspx ; https://es.wikipedia.org/wiki/XXIV_Cumbre_Iberoamericana,"La XXIV Cumbre Iberoamericana (Veracruz, 8-9 dic 2014) fue presidida por el anfitrión Enrique Peña Nieto. Fuente oficial española (La Moncloa) confirma que el Rey Felipe VI estuvo acompañado por los presidentes de Perú (Humala), Ecuador (Correa), Colombia (Santos), el jefe de Gobierno de España (Rajoy), Andorra (Martí), Costa Rica (Solís) y Chile (Bachelet); 17 de los 22 países miembros asistieron. Se alcanzaron acuerdos concretos en materia educativa, cultural, de salud y juventud (Declaración de Veracruz). El formato estándar de cumbres iberoamericanas incluye intervenciones plenarias. No se halló evidencia de sitio cultural, foro empresarial o encuentro con líder de organismo internacional adicional.",2026-08-18
PELATAM-CHL-89,Yes,Yes,"Juan Carlos I (Rey Emérito de España), Raúl Castro (Cuba), Rafael Correa (Ecuador), Dilma Rousseff (Brasil), Ollanta Humala (Perú), Horacio Cartes (Paraguay)",No_verificable,No_verificable,Yes,No,No_verificable,,https://www.infobae.com/america/fotos/2020/12/06/en-fotos-la-vida-politica-de-tabare-vazquez-y-sus-encuentros-con-los-presidentes-de-la-region-y-el-mundo/ ; https://www.lr21.com.uy/politica/1219289-tabare-vazquez-asuncion-presidente-uruguay-2015-2020,"La investidura de Tabaré Vázquez (Montevideo, 1-mar-2015) contó con la presencia confirmada del Rey Emérito Juan Carlos I, Raúl Castro, Rafael Correa, Michelle Bachelet, Dilma Rousseff, Ollanta Humala y Horacio Cartes; Argentina estuvo representada por el vicepresidente Amado Boudou (no Cristina Kirchner). Asistir a la ceremonia de investidura constituye la 'ceremonia' de este campo. No se halló evidencia de discurso público de Bachelet, firma de acuerdo o encuentro con líder de organismo internacional en esta visita puntual.",2026-08-18
PELATAM-CHL-94,Yes,Yes,"Juan Manuel Santos (Colombia), Enrique Peña Nieto (México)",No_verificable,Yes,No_verificable,Yes,No_verificable,,https://rpp.pe/politica/actualidad/alianza-del-pacifico-texto-de-la-declaracion-de-paracas-noticia-813464 ; https://radio.uchile.cl/2015/07/01/los-proximos-desafios-de-la-alianza-del-pacifico/,"La X Cumbre de la Alianza del Pacífico (Paracas, 1-3 jul 2015) fue presidida por el anfitrión Ollanta Humala, con la asistencia de Bachelet, Santos y Peña Nieto; culminó con la firma de la Declaración de Paracas. En el marco de la cumbre se realizó la III Rueda de Negocios Macro (Macro Business Roundtable) de la Alianza del Pacífico, evento empresarial asociado directamente al encuentro presidencial. No se halló evidencia de sitio cultural/ceremonia formal ni de encuentro con líder de organismo internacional.",2026-08-18
PELATAM-CHL-97,Yes,No_verificable,,Yes,No_verificable,No_verificable,No_verificable,No_verificable,,https://cooperativa.cl/noticias/sociedad/medioambiente/clima/bachelet-entrego-su-solidaridad-a-francia-en-inicio-de-cumbre-del-clima/2015-11-30/105436.html ; https://www.foxnews.com/world/chilean-president-starts-official-visit-to-france-aiming-at-boosting-economic-exchanges,"Bachelet realizó una visita oficial a Francia coincidente con el inicio de la COP21, reuniéndose con el presidente François Hollande en el Palacio del Elíseo para preparar la conferencia climática (anfitrión, MetHostHoGS=Yes). Participó en el 'Leaders' event' de apertura de la COP21 el 30-nov-2015, entregando declaraciones públicas de solidaridad con Francia tras los atentados de París (PublicAddress=Yes, fuente Cooperativa.cl). El Acuerdo de París fue adoptado recién el 12-dic-2015, después de la salida de los jefes de Estado, y su firma formal ocurrió en abril de 2016 en Nueva York, por lo que no se confirma la firma de un acuerdo durante esta visita puntual. No se halló evidencia específica de reuniones bilaterales con otros jefes de Estado, sitio cultural/ceremonia, foro empresarial o encuentro con líder de organismo internacional.",2026-08-18
PELATAM-CHL-98,Yes,Yes,"Horacio Cartes (Paraguay), Juan Manuel Santos (Colombia), Dilma Rousseff (Brasil), Ollanta Humala (Perú), Danilo Medina (República Dominicana), Juan Carlos Varela (Panamá), Jimmy Morales (Guatemala), entre otros",Yes,Yes,No_verificable,No_verificable,No_verificable,,http://archivospresidenciales.archivonacional.cl/index.php/intervencion-de-michelle-bachelet-en-plenario-de-la-iv-cumbre-celac ; https://www.gob.mx/sre/documentos/declaracion-politica-de-quito-iv-cumbre-de-la-comunidad-de-estados-latinoamericanos-y-caribenos-celac,"La IV Cumbre CELAC (Quito, 26-27 ene 2016) fue presidida por el anfitrión Rafael Correa y reunió a 22 jefes de Estado/Gobierno, incluidos Cartes, Santos, Rousseff, Humala, Medina, Varela y Morales, entre otros. El Archivo Presidencial oficial de Chile confirma la 'Intervención de Michelle Bachelet en Plenario de la IV Cumbre CELAC' (PublicAddress=Yes). Se aprobó la Declaración Política de Quito el 27-ene-2016 (SignedAgreement=Yes). No se halló evidencia de sitio cultural/ceremonia, foro empresarial ni encuentro con líder de organismo internacional adicional.",2026-08-18
PELATAM-CHL-152,Yes,Yes,"Guillermo Lasso (Ecuador), Gustavo Petro (Colombia), Alberto Fernández (Argentina)",No_verificable,No_verificable,Yes,No,No_verificable,,https://www.latercera.com/politica/noticia/presidente-boric-sostiene-reunion-bilateral-en-brasil-con-el-recien-asumido-lula-da-silva/TDWTA7TBQNB4NN3N4GTETCURKM/ ; https://www.biobiochile.cl/noticias/nacional/chile/2023/01/01/presidente-boric-ya-esta-en-brasil-para-investidura-de-lula-da-silva-viajo-junto-a-ricardo-lagos-e.shtml,"La Tercera confirma que Boric sostuvo una reunión bilateral en el Palacio Itamaraty con el recién asumido Lula da Silva (anfitrión, MetHostHoGS=Yes) tras la investidura del 1-ene-2023. Entre los otros líderes regionales presentes en la ceremonia se confirmaron Guillermo Lasso (Ecuador), Gustavo Petro (Colombia) y Alberto Fernández (Argentina). La asistencia a la ceremonia de investidura constituye la 'ceremonia' de este campo. No se halló evidencia de discurso público formal de Boric, firma de acuerdo o encuentro con líder de organismo internacional en esta visita puntual.",2026-08-18
PELATAM-CHL-158,No_verificable,No,,No_verificable,No_verificable,No_verificable,No,Yes,Fabiola Gianotti (Directora General del CERN); Tedros Adhanom Ghebreyesus (Director General de la Organización Mundial de la Salud),https://www.infobae.com/america/agencias/2023/07/19/boric-da-un-paso-decisivo-en-ginebra-para-que-chile-sea-un-estado-asociado-del-cern/ ; https://www.latercera.com/politica/noticia/presidente-gabriel-boric-visita-el-centro-europeo-para-la-investigacion-nuclear-cern-y-anuncia-que-chile-inicio-proceso-para-ser-un-estado-miembro-asociado-del-laboratorio/2V3EQV22XZDBBC2SJVWIV6SJBQ/,"Boric visitó el CERN en Ginebra (19-jul-2023) acompañado por la directora general Fabiola Gianotti, anunciando el inicio del proceso para que Chile sea Estado asociado del organismo. La misma visita a Ginebra incluyó un encuentro con Tedros Adhanom Ghebreyesus, director general de la Organización Mundial de la Salud (OMS), confirmando MetIGOLeader=Yes con ambos nombres. No se halló evidencia de reunión con autoridades del gobierno federal suizo (anfitrión formal del país) durante esta visita centrada en organismos internacionales, ni de discurso público formal, firma de acuerdo, sitio cultural/ceremonia o foro empresarial.",2026-08-18
PELATAM-CHL-159,Yes,No,,Yes,Yes,No_verificable,No_verificable,No,,https://www.emol.com/noticias/Nacional/2023/07/21/1101654/boric-declaracion-conjunta-macron.html ; https://www.df.cl/economia-y-politica/actualidad/en-su-ultimo-dia-de-gira-a-europa-boric-acuerda-con-macron-fortalecer,"Boric fue recibido por Emmanuel Macron en el Palacio del Elíseo el 21-jul-2023, cierre de su gira europea; ambos ofrecieron una declaración conjunta ante la prensa con contenido sustantivo (PublicAddress=Yes). Diario Financiero confirma que Boric 'acuerda con Macron fortalecer relaciones comerciales y desarrollo de litio e hidrógeno verde', y otra fuente señala un acuerdo de cooperación en IA, lo que constituye compromisos/declaración conjunta formalizada (SignedAgreement=Yes). No se halló evidencia de encuentro con otros jefes de Estado, sitio cultural/ceremonia, foro empresarial o líder de organismo internacional en este tramo bilateral.",2026-08-18
PELATAM-CHL-177,Yes,Yes,"Luiz Inácio Lula da Silva (Brasil), Gustavo Petro (Colombia), Luis Arce (Bolivia), Santiago Peña (Paraguay)",No_verificable,No_verificable,Yes,No,No_verificable,,https://www.biobiochile.cl/noticias/internacional/america-latina/2025/03/01/con-la-presencia-de-boric-frenteamplista-yamandu-orsi-asumio-el-poder-en-uruguay.shtml ; https://www.latercera.com/politica/noticia/boric-asiste-al-ascenso-de-yamandu-orsi-fa-a-la-presidencia-de-uruguay/OT7OWTFASBEK3DKQA6F4QMJLFU/,"Boric asistió a la investidura de Yamandú Orsi en Montevideo (1-mar-2025), anfitrión de su propia ceremonia (MetHostHoGS=Yes). El propio Trip_Objective de la base ya documenta bilaterales explícitas con Arce (Bolivia) y (Santiago) Peña (Paraguay); adicionalmente se confirmó una cena de líderes progresistas con Lula (Brasil) y Petro (Colombia) para 'repensar la democracia'. La asistencia a la ceremonia de investidura constituye la 'ceremonia' de este campo. No se halló evidencia de discurso público formal de Boric, firma de acuerdo o encuentro con líder de organismo internacional en esta visita puntual.",2026-08-18
PELATAM-CHL-186,Yes,No,,Yes,Yes,No_verificable,No_verificable,No,,https://www.infobae.com/politica/2026/04/06/javier-milei-recibe-a-antonio-kast-con-intencion-de-reforzar-la-sintonia-e-intensificar-la-coordinacion-del-gabinete/ ; https://www.t13.cl/noticia/politica/gobierno-kast-islas-malvinas-reune-milei-su-primer-viaje-6-4-2026,"Kast fue recibido por Milei en la Casa Rosada el 6-abr-2026 en su primer viaje internacional (MetHostHoGS=Yes, confirmado explícitamente). Tras la reunión ampliada, las cancillerías de ambos países publicaron una declaración conjunta que hizo público el respaldo de Chile a la soberanía argentina sobre Malvinas, Georgias del Sur, Sandwich del Sur y espacios marítimos circundantes (SignedAgreement=Yes); esta declaración generó incluso controversia política interna en Chile por su redacción. Kast realizó declaraciones públicas sustantivas tras la reunión (prensa.presidencia.cl), calificando el encuentro como 'histórico' (PublicAddress=Yes). La visita coincidió simbólicamente con la conmemoración de la Batalla de Maipú, pero no se halló evidencia de participación en un acto conmemorativo/ceremonial específico, por lo que se marca con incertidumbre. No se halló evidencia de encuentro con otros jefes de Estado, foro empresarial o líder de organismo internacional.",2026-08-18
PELATAM-CHL-187,Yes,Yes,Lula da Silva (Brasil); Rodrigo Paz (Bolivia); Daniel Noboa (Ecuador),Yes,Yes,Yes,Yes,No_verificable,,https://www.latercera.com/politica/noticia/con-enfasis-en-coordinacional-regional-en-migracion-y-seguridad-el-estreno-de-kast-en-su-primera-cumbre-internacional/ ; https://elnacional.com.py/politica/en-marco-agenda-bilateral-kast-reunio-pena-recibio-homenaje-congreso-n108313 ; https://www.theclinic.cl/2026/07/01/presidente-kast-sostuvo-discurso-ante-el-congreso-de-paraguay-y-destaco-politicas-internas-bajando-impuestos-han-crecido/,"Kast sostuvo bilateral con el anfitrión Peña (firma de acuerdos de cooperación económica y crimen transnacional) y reuniones con Lula, con Bolivia (Paz) y se reporta agenda con Noboa. Dio un discurso de ~13 min en la Cumbre del Mercosur y otro de ~10 min ante el Congreso paraguayo en sesión de honor (ceremonia). Viajó con delegación empresarial (CPC, Sofofa, SNA). No se halló evidencia de encuentro con líder de organismo internacional.",2026-08-18
PELATAM-CHL-188,Yes,No,,Yes,Yes,No,No_verificable,No,,https://www.biobiochile.cl/noticias/internacional/america-latina/2026/07/01/kast-y-orsi-acuerdan-en-uruguay-reforzar-la-cooperacion-bilateral-contra-el-narco-y-crimen-organizado.shtml ; https://www.cronista.com/uruguay/actualidad-uy/orsi-y-kast-firman-acuerdos-bilaterales-sobre-firma-digital-y-escuelas-de-diplomacia/,"Visita bilateral estricta a Uruguay; se reunió con el anfitrión Orsi y emitieron una declaración conjunta a la prensa. Firmaron el Acuerdo de reconocimiento mutuo de firma digital y el MOU Instituto Artigas-Academia Diplomática Andrés Bello. No hay evidencia de encuentro con otros jefes de Estado, sitio cultural/ceremonia, foro empresarial ni líder de organismo internacional.",2026-08-18
PELATAM-CHL-191,Yes,No_verificable,,No_verificable,Yes,Yes,No,No_verificable,,https://www.latercera.com/politica/noticia/boric-visitara-francia-para-participar-de-ceremonia-inaugural-y-actividades-oficiales-de-los-juegos-olimpicos-2024/2JB5ZOILERBUZOBSYT56OK6ADU/ ; https://www.minrel.gob.cl/sala-de-prensa/canciller-participa-en-reunion-bilateral-entre-el-presidente-gabriel-boric ; https://www.afd.fr/en/actualites/paris-2024-groundbreaking-summit-sport-youth-and-sustainable-development,"Boric sostuvo reunión bilateral confirmada con Macron (anfitrión). Asistió a la ceremonia inaugural JJOO 2024 (ceremonia) y a la Cumbre por el Deporte y Desarrollo Sostenible en el Louvre, donde 60+ jefes de Estado/Gobierno respaldaron el 'Acuerdo de París para el Deporte y el Desarrollo Sostenible'. No se confirmaron nombres específicos de otros jefes de Estado con los que se reunió bilateralmente, ni una intervención pública específica de Boric, ni contacto puntual con el presidente del COI (Thomas Bach), pese a la coincidencia en el evento.",2026-08-18
PELATAM-CHL-206,Yes,Yes,Fernando de la Rúa (Argentina); Jorge Batlle (Uruguay); Luis González Macchi (Paraguay); Hugo Banzer/Jorge Quiroga (Bolivia),Yes,Yes,No,No,No_verificable,,https://arle.udp.cl/index.php/giras-internacionales-de-su-excelencia-el-presidente-de-la-republica-don-ricardo-lagos-y-senora-luisa-duran-de-lagos-ano-2000,"XIX Cumbre de Jefes de Estado del MERCOSUR, Bolivia y Chile en Florianópolis, anfitrión Fernando Henrique Cardoso (Brasil). MetNonhostHOGS, PublicAddress y SignedAgreement se infieren del formato institucional estándar de estas cumbres (foto oficial conjunta, intervención de cada mandatario, Comunicado Conjunto de los Presidentes de los Estados Partes del MERCOSUR, Bolivia y Chile), no se halló cobertura de prensa específica de esta cumbre puntual más allá del archivo de itinerarios.",2026-08-18
PELATAM-CHL-215,Yes,No_verificable,,No_verificable,No_verificable,No,No,No_verificable,,https://arle.udp.cl/index.php/giras-internacionales-de-su-excelencia-el-presidente-de-la-republica-don-ricardo-lagos-y-senora-luisa-duran-de-lagos-ano-2001 ; https://backuphistorico.wordpress.com/2016/12/20/la-crisis-argentina-del-2001-y-la-renuncia-de-de-la-rua/,"La XX Cumbre de Jefes de Estado del MERCOSUR, Bolivia y Chile en Montevideo (20-21 dic 2001) coincidió exactamente con el estallido de la crisis institucional argentina y la renuncia de Fernando de la Rúa (20 dic 2001). Hay evidencia de que la cumbre fue afectada/suspendida por la ausencia de la delegación argentina. El itinerario de Lagos confirma el viaje a Montevideo, por lo que se asume que se reunió con el anfitrión Jorge Batlle, pero no fue posible verificar el desarrollo efectivo de la cumbre (otros asistentes, declaración final, discursos) dado el contexto excepcional.",2026-08-18
PELATAM-CHL-220,Yes,Yes,Alejandro Toledo (Perú); otros jefes de Estado y de Gobierno latinoamericanos (13 presidentes y 4 vicepresidentes asistieron a la XVI Cumbre del Grupo de Río),Yes,Yes,No,No,No_verificable,,https://arle.udp.cl/index.php/giras-internacionales-de-su-excelencia-el-presidente-de-la-republica-don-ricardo-lagos-y-senora-luisa-duran-de-lagos-ano-2002,"XVI Cumbre del Grupo de Río en San José, coincidente con el golpe de Estado contra Chávez en Venezuela (11-13 abril 2002). Los presidentes de Costa Rica (anfitrión, Miguel Ángel Rodríguez), Perú (Toledo) y Chile (Lagos) suscribieron una declaración de seis puntos condenando la interrupción del orden constitucional en Venezuela, lo que evidencia participación activa (discurso/posición pública) y firma de documento conjunto.",2026-08-18
PELATAM-CHL-229,Yes,No,,No_verificable,No_verificable,No_verificable,No_verificable,No,,https://arle.udp.cl/index.php/giras-internacionales-de-su-excelencia-el-presidente-de-la-republica-don-ricardo-lagos-y-senora-luisa-duran-de-lagos-ano-2002,"Visita oficial de un día a Tegucigalpa para reunirse con Ricardo Maduro, previa a la XII Cumbre Iberoamericana en Rep. Dominicana. Se confirma el encuentro con el anfitrión (objetivo explícito del viaje), pero no se halló cobertura de prensa detallada sobre discursos, agenda cultural/ceremonial, foro empresarial o acuerdos firmados en esta escala puntual (el protocolo bilateral Chile-Honduras al TLC con Centroamérica se firmó recién en 2005).",2026-08-18
PELATAM-CHL-236,Yes,Yes,Fidel Castro (Cuba); Hugo Chávez (Venezuela); Lula da Silva (Brasil); Mireya Moscoso (Panamá); Gonzalo Sánchez de Lozada (Bolivia); Alejandro Toledo (Perú); Luis González Macchi (Paraguay); Álvaro Uribe (Colombia),No,No,Yes,No,No_verificable,,https://www.c5n.com/politica/a-20-anos-la-asuncion-nestor-kirchner-el-dia-que-empezo-cambiar-la-historia-n112481,"Asistencia a la ceremonia de transmisión de mando de Néstor Kirchner en Buenos Aires, con numerosos jefes de Estado/Gobierno presentes (nombres confirmados). Los mandatarios invitados no suelen dar discursos en la ceremonia (protagonizada por el nuevo presidente) ni se firman acuerdos en este tipo de visitas de un día.",2026-08-18
PELATAM-CHL-237,Yes,Yes,"Néstor Kirchner (Argentina); Lula da Silva (Brasil); Jorge Batlle (Uruguay); Hugo Chávez (Venezuela, invitado)",Yes,Yes,No,No,No_verificable,,https://urru.org/videosbolibananos/discursos/XXIV_Cumbre_Presidencial_MERCOSUR_18jun2003.pdf,"XXIV Cumbre de Jefes de Estado del MERCOSUR, Bolivia y Chile en Asunción (anfitrión: presidente de Paraguay Luis González Macchi, quien gobernó hasta agosto 2003). Se confirma la asistencia de Kirchner (recién asumido), Lula, y de Chávez como invitado (existe registro de su discurso en la cumbre). PublicAddress y SignedAgreement siguen el patrón institucional estándar (Comunicado Conjunto de los Presidentes).",2026-08-18
PELATAM-CHL-245,Yes,Yes,Néstor Kirchner (Argentina); Lula da Silva (Brasil); Nicanor Duarte Frutos (Paraguay),Yes,Yes,No,No,No_verificable,,https://arle.udp.cl/index.php/giras-internacionales-de-su-excelencia-el-presidente-de-la-republica-don-ricardo-lagos-y-senora-luisa-duran-de-lagos-ano-2003,"XXV Cumbre de Jefes de Estado del MERCOSUR, Bolivia y Chile en Montevideo, anfitrión Jorge Batlle. MetNonhostHOGS, PublicAddress y SignedAgreement se basan en el patrón institucional estándar de estas cumbres (Comunicado Conjunto de los Presidentes); no se halló cobertura de prensa específica adicional a la fuente del archivo de itinerarios.",2026-08-18
PELATAM-CHL-251,Yes,No_verificable,,No_verificable,No,Yes,No,No_verificable,,https://www6.rel-uita.org/internacional/mandela2.htm ; https://www.emol.com/noticias/nacional/2004/04/25/145881/presidente-lagos-inicia-gira-internacional.html,"Investidura de Thabo Mbeki para su segundo mandato, coincidente con el 10º aniversario del fin del apartheid en Pretoria (ceremonia ante 40.000 asistentes y 6.000 invitados, incluidos numerosos jefes de Estado africanos y delegaciones internacionales). Se confirma la asistencia de Lagos y del presidente de Uruguay, pero no se identificaron encuentros bilaterales específicos documentados con otros mandatarios.",2026-08-18
PELATAM-CHL-258,Yes,Yes,Lula da Silva (Brasil); Nicanor Duarte Frutos (Paraguay); Carlos Mesa (Bolivia),Yes,Yes,No,No,No_verificable,,https://www.gettyimages.es/fotos/summit-of-the-mercosur-in-puerto-iguazu,"XXVI Cumbre de Jefes de Estado del MERCOSUR, Bolivia y Chile en Puerto Iguazú, anfitrión Néstor Kirchner. Confirmada la presencia conjunta de Lagos, Lula, Duarte Frutos y Mesa (registro fotográfico). PublicAddress y SignedAgreement siguen el patrón institucional estándar de Comunicado Conjunto de los Presidentes.",2026-08-18
PELATAM-CHL-262,Yes,No,,No_verificable,No_verificable,No,No,No,,https://arle.udp.cl/index.php/giras-internacionales-de-su-excelencia-el-presidente-de-la-republica-don-ricardo-lagos-y-senora-luisa-duran-de-lagos-ano-2004,"Visita de trabajo de un día a Buenos Aires para reunirse con Néstor Kirchner, previa a la asunción de Martín Torrijos en Panamá. Se confirma el objetivo de reunirse con el anfitrión, pero no se encontró cobertura de prensa detallada sobre esta escala puntual.",2026-08-18
PELATAM-CHL-263,Yes,No_verificable,,No_verificable,No,Yes,No,No_verificable,,https://es.wikipedia.org/wiki/Mart%C3%ADn_Torrijos_Espino,"Transmisión de mando de Martín Torrijos en Panamá (1 sep 2004), a la que asistieron diez jefes de Estado extranjeros (sin Castro ni Chávez, que habían sido invitados originalmente), además de más de 70 delegaciones y el Secretario de Estado de EEUU Colin Powell. No se identificaron los nombres de los diez jefes de Estado asistentes ni evidencia de un discurso de Lagos en la ceremonia.",2026-08-18
PELATAM-CHL-265,Yes,No,,No_verificable,No_verificable,No,No,No,,https://arle.udp.cl/index.php/giras-internacionales-de-su-excelencia-el-presidente-de-la-republica-don-ricardo-lagos-y-senora-luisa-duran-de-lagos-ano-2004,"Visita de trabajo de un día a Ciudad de México para reunirse con Vicente Fox, tras la Asamblea General de la ONU en Nueva York. Se confirma el objetivo de reunirse con el anfitrión, pero no se encontró cobertura de prensa detallada sobre acuerdos firmados, discursos u otras actividades en esta escala puntual.",2026-08-18
PELATAM-CHL-283,No,No,,Yes,No,Yes,No,No,,https://today.duke.edu/2005/05/honorary.html ; https://www.alamy.com/president-of-chile-ricardo-lagos-gives-the-commencement-address-during-duke-universitys-graduation-sunday-may-15-2005-in-durham-nc,Lagos pronunció el discurso de graduación (commencement address) en Duke University el 15 de mayo de 2005 y recibió un doctorado honoris causa en Leyes previo a su discurso (ceremonia de graduación). Visita estrictamente académica; no hay evidencia de encuentro con el jefe de Estado/Gobierno de EEUU.,2026-08-18
PELATAM-CHL-288,Yes,No,,Yes,No,Yes,No_verificable,No,,https://cooperativa.cl/noticias/pais/relaciones-exteriores/colombia/lagos-insto-a-que-los-amigos-europeos-apoyen-el-proceso-de-paz/2005-09-02/175647.html,"Visita de Estado a Colombia (1-3 sep 2005). Lagos se reunió con Uribe (anfitrión), quien lo condecoró con la Orden de San Carlos (ceremonia/honor). Lagos realizó declaraciones públicas instando a apoyo europeo al proceso de paz colombiano (discurso/declaración pública). Se discutió un futuro acuerdo de complementación económica pero no se firmó durante esta visita específica.",2026-08-18
PELATAM-CHL-290,Yes,Yes,Jefes de Estado de los países sudamericanos participantes en la I Reunión de Jefes de Estado de la Comunidad Sudamericana de Naciones (nombres no individualizados más allá del anfitrión),Yes,Yes,No,No,No_verificable,,https://www.palermo.edu/economicas/cedex/pdf/articulo_comunidad_sudamericana_de_naciones.pdf,"I Reunión de Jefes de Estado de la Comunidad Sudamericana de Naciones en Brasilia (29-30 sep 2005), anfitrión Lula da Silva. Los mandatarios aprobaron estructuras institucionales mínimas y áreas prioritarias de acción (documento conjunto). PublicAddress sigue el formato estándar de intervención de cada jefe de Estado.",2026-08-18
PELATAM-CHL-291,No_verificable,No,,Yes,No,No,Yes,No_verificable,,https://arle.udp.cl/index.php/giras-internacionales-de-su-excelencia-el-presidente-de-la-republica-don-ricardo-lagos-y-senora-luisa-duran-de-lagos-ano-2005,"Participación en foro del Council of the Americas en Nueva York, organización empresarial líder dedicada a las relaciones económicas EEUU-América Latina (calificación directa como BusinessLeaderOrForum=Yes). El objetivo del viaje confirma la participación en el foro, lo que típicamente implica una intervención pública (discurso), aunque no se halló el texto/registro específico de esa intervención.",2026-08-18
PELATAM-CHL-294,Yes,No_verificable,,No,No,Yes,No,No,,https://es.zenit.org/2005/10/23/chile-se-reune-en-torno-a-benedicto-xvi-al-canonizar-al-padre-hurtado/,"Canonización del Padre Alberto Hurtado por el Papa Benedicto XVI en la Plaza de San Pedro (23 oct 2005), la primera del pontificado de Benedicto XVI. Lagos encabezó la delegación oficial chilena, lo que en el protocolo vaticano habitualmente conlleva una audiencia con el Sumo Pontífice (jefe de Estado de la Ciudad del Vaticano). No se halló confirmación explícita de un discurso público de Lagos en esta instancia.",2026-08-18
PELATAM-CHL-295,No_verificable,No_verificable,,No_verificable,No,No_verificable,No,No_verificable,,https://arle.udp.cl/index.php/giras-internacionales-de-su-excelencia-el-presidente-de-la-republica-don-ricardo-lagos-y-senora-luisa-duran-de-lagos-ano-2005,"Escala de trabajo en Estrasburgo (24-25 oct 2005) entre la canonización del Padre Hurtado en el Vaticano y la investidura honoris causa en Salamanca. Pese a búsquedas específicas sobre actividades de Lagos en el Parlamento Europeo o el Consejo de Europa en esas fechas, no se halló cobertura de prensa ni registro oficial que precise el contenido de la agenda, por lo que la mayoría de los campos se marcan como no verificables.",2026-08-18
PELATAM-CHL-296,No,No,,Yes,No,Yes,No,No,,https://gredos.usal.es/bitstream/handle/10366/56116/DHC_LagosR_2005.pdf,"Investidura de Lagos como Doctor Honoris Causa por la Universidad de Salamanca (25 oct 2005), con discurso publicado ('La necesidad de Europa'). Ceremonia solemne de investidura académica (ceremonia). Visita estrictamente académica, sin evidencia de encuentro con el jefe de Estado/Gobierno de España.",2026-08-18
PELATAM-CHL-299,Yes,Yes,Néstor Kirchner (Argentina); Lula da Silva (Brasil); Nicanor Duarte Frutos (Paraguay); Hugo Chávez (Venezuela); Alejandro Toledo (Perú); Eduardo Rodríguez Veltzé (Bolivia),Yes,Yes,No,No,No_verificable,,búsqueda web: XXIX Cumbre Mercosur Montevideo diciembre 2005 (Framework Agreement on Energy Complementation),"XXIX Cumbre de Jefes de Estado del MERCOSUR, Bolivia y Chile en Montevideo (7-9 dic 2005), anfitrión Tabaré Vázquez. Confirmado que ocho jefes de Estado llegaron (los cuatro miembros plenos más Venezuela, Chile, Bolivia y Perú como asociados; Ecuador y Colombia representados por vicepresidentes). Se firmó el Acuerdo Marco de Complementación Energética entre los Estados del MERCOSUR y Estados Asociados.",2026-08-18
PELATAM-CHL-308,Yes,Yes,Lula da Silva (Brasil) [Hugo Chávez canceló su viaje a último momento],No,No,Yes,No,No_verificable,,https://es.wikipedia.org/wiki/Investidura_presidencial_de_Mauricio_Funes,"Transmisión de mando de Mauricio Funes en El Salvador (1 jun 2009), primer presidente del FMLN. Bachelet encabezó la delegación chilena; se confirma la presencia de Lula da Silva. Ceremonia de investidura (ceremonia); los mandatarios invitados no suelen dar discursos ni firmar acuerdos en este tipo de eventos.",2026-08-18
PELATAM-CHL-310,Yes,Yes,Cristina Fernández de Kirchner (Argentina),Yes,No_verificable,Yes,No,No_verificable,,https://www.diariodecuyo.com.ar/argentina/Cristina-llego-a-Ecuador-para-la-asuncion-de-Rafael-Correa-20090809-0027.html,"III Reunión Ordinaria de UNASUR en Quito (10 ago 2009), donde Bachelet traspasó la presidencia pro tempore a Rafael Correa (anfitrión), coincidiendo con la segunda investidura de Correa bajo la nueva Constitución (ceremonia). Confirmada la participación de Cristina Fernández de Kirchner en la cumbre y en el acto de reasunción de Correa. El traspaso protocolar de la presidencia implica una intervención pública de Bachelet.",2026-08-18
PELATAM-CHL-311,No_verificable,No_verificable,,Yes,No_verificable,No,No,No_verificable,,https://speechbank.un.org/sites/default/files/2023-03/sp_00015_chi_unfccc_cop15_2009.pdf,"Segmento de alto nivel de la COP15 en Copenhague (16-18 dic 2009), con ~115 jefes de Estado/Gobierno presentes. Discurso de Bachelet confirmado por fuente primaria (speechbank.un.org). No se pudo verificar un encuentro específico con el anfitrión (Dinamarca es monarquía; jefe de Gobierno es el Primer Ministro) ni con otros mandatarios en particular. El 'Acuerdo de Copenhague' fue objeto de disputa y no fue formalmente adoptado por consenso en la propia COP15.",2026-08-18
PELATAM-CHL-313,Yes,Yes,José Mujica (Uruguay); Hugo Chávez (Venezuela); Rafael Correa (Ecuador); Lula da Silva (Brasil),No_verificable,No,Yes,No,No_verificable,,https://www.chile.gob.cl/chile/blog/argentina/buenos-aires/canciller-participa-con-el-presidente-pinera-en-bicentenario-de-argentina,"Piñera presidió la delegación chilena en los festejos del Bicentenario argentino (25 mayo 2010) e participó en la inauguración de la Galería de Patriotas Latinoamericanos en la Casa Rosada, junto a Cristina Fernández de Kirchner (anfitriona) y los presidentes de Uruguay, Venezuela, Ecuador y Brasil (confirmados). El discurso principal del acto fue de la anfitriona; no se confirmó una intervención pública específica de Piñera.",2026-08-18
PELATAM-CHL-314,Yes,Yes,Evo Morales (Bolivia); Hugo Chávez (Venezuela); Lula da Silva (Brasil); Juan Manuel Santos (Colombia); Rafael Correa (Ecuador); José Mujica (Uruguay),No,No,Yes,No,No_verificable,,https://en.wikipedia.org/wiki/Death_and_state_funeral_of_N%C3%A9stor_Kirchner,"Piñera viajó junto a la Primera Dama, el Canciller y los presidentes del Senado y la Cámara de Diputados a las exequias de Néstor Kirchner (28 oct 2010); Chile decretó tres días de duelo nacional. Confirmada la presencia de Cristina Fernández de Kirchner (anfitriona) y de Morales, Chávez, Lula, Santos, Correa y Mujica en el velatorio. Funeral de Estado (ceremonia); no hay evidencia de discursos ni acuerdos firmados por los mandatarios visitantes.",2026-08-18
PELATAM-CHL-323,Yes,Yes,Jefes de Estado y de Gobierno de la totalidad de países de América Latina y el Caribe (cumbre fundacional con asistencia regional completa; nombres no individualizados más allá del anfitrión en las fuentes consultadas),Yes,Yes,No,No,No_verificable,,https://www.elespectador.com/mundo/mas-paises/pinera-rinde-homenaje-a-chavez-al-inicio-de-la-cumbre-celac-article-399427/,"Cumbre fundacional de la CELAC en Caracas (2-3 dic 2011), con la totalidad de jefes de Estado de América Latina y el Caribe presentes. Piñera rindió homenaje al anfitrión Hugo Chávez al inicio de la cumbre y recibió de este la presidencia pro tempore del organismo (discurso/intervención pública). Se aprobaron la Declaración de Caracas, el Plan de Acción 2012, un estatuto de procedimientos y una declaración especial sobre defensa de la democracia (documentos conjuntos).",2026-08-18
PELATAM-CHL-324,Yes,Yes,Juan Manuel Santos (Colombia); Ollanta Humala (Perú),Yes,Yes,No,No_verificable,No_verificable,,"búsqueda web: Declaración de Mérida, II Cumbre de la Alianza del Pacífico, diciembre 2011","Piñera participó como invitado especial en la II Cumbre de la Alianza del Pacífico y la XIII Cumbre del Mecanismo de Tuxtla en Mérida (4-5 dic 2011), anfitrión Felipe Calderón. Confirmada la asistencia de los otros miembros fundadores de la Alianza del Pacífico (Santos de Colombia, Humala de Perú). Se emitió la Declaración de Mérida al cierre de la cumbre.",2026-08-18
